row_type,model,dataset,truth_mm,pose_id,position_rank,v_order_rank,v_band,point_count,edge_fraction_of_effective,v_min_px,v_median_px,v_max_px,bias_mm,mae_mm,rmse_mm,p95_abs_mm,max_abs_mm,gt_0p1_rate,gt_0p2_rate,gt_0p1_count,gt_0p2_count,residual_v_pearson_r,residual_v_spearman_r,roi_boundary_within_5px_rate,roi_boundary_within_10px_rate,covered_heights,covered_poses,covered_position_ranks,status
overall,Base,ALL_TARGET_HEIGHTS,,,,,v>2400,1561,0.22949132608056455,2401.0,2812.0,2880.0,-0.08521203162663507,0.08829517252941721,0.10342387375822062,0.18104284879438381,0.20736811465759075,0.38244714926329276,0.0025624599615631004,597,4,-0.4848681404770838,-0.32752885969585266,0.19474695707879563,0.3581037796284433,"[""obs_10mm"",""obs_1mm"",""obs_20mm"",""obs_2mm"",""obs_30mm"",""obs_6mm""]","[""001"",""002"",""004"",""005""]","[4,5]",OK
height,Base,obs_1mm,1.001,,,,v>2400,196,0.1614497528830313,2792.0,2830.0,2858.0,-0.034866379324740085,0.03525757241179544,0.03847007906161787,0.06201005232033935,0.06997493580857583,0.0,0.0,0,0,,,,,"[""obs_1mm""]","[""005""]",[5],OK
height,Base,obs_2mm,2.0,,,,v>2400,102,0.12274368231046931,2401.0,2417.0,2441.0,-0.02448791435746872,0.02747679527941942,0.031369067842340795,0.05304295859746959,0.06739260526775626,0.0,0.0,0,0,,,,,"[""obs_2mm""]","[""002""]",[4],OK
height,Base,obs_6mm,6.0,,,,v>2400,333,0.28583690987124466,2401.0,2825.0,2872.0,-0.0396815947942241,0.05298863158143455,0.059021360938458396,0.09749368062579204,0.11717364850478962,0.03903903903903904,0.0,13,0,,,,,"[""obs_6mm""]","[""004"",""005""]","[4,5]",OK
height,Base,obs_10mm,10.0,,,,v>2400,280,0.2684563758389262,2401.0,2808.0,2856.0,-0.06975397758659065,0.06975397758659065,0.07454006574275862,0.10839194094779502,0.12433486639017843,0.14285714285714285,0.0,40,0,,,,,"[""obs_10mm""]","[""001"",""002""]","[4,5]",OK
height,Base,obs_20mm,20.0,,,,v>2400,236,0.19633943427620631,2757.0,2787.0,2819.0,-0.13118128734168816,0.13118128734168816,0.13344156276969402,0.17156219664070615,0.17916771482873983,0.9152542372881356,0.0,216,0,,,,,"[""obs_20mm""]","[""001""]",[5],OK
height,Base,obs_30mm,30.0,,,,v>2400,414,0.30734966592427615,2401.0,2827.0,2880.0,-0.14488051969494223,0.14488051969494223,0.15059198245870256,0.191887537499586,0.20736811465759075,0.7922705314009661,0.00966183574879227,328,4,,,,,"[""obs_30mm""]","[""004"",""005""]","[4,5]",OK
pose,Base,ALL_TARGET_HEIGHTS,,001,,,v>2400,416,0.3418241577649959,2757.0,2804.0,2856.0,-0.11074221618876325,0.11074221618876325,0.11520906370026918,0.16921578303515616,0.17916771482873983,0.6153846153846154,0.0,256,0,,,,,"[""obs_10mm"",""obs_20mm""]","[""001""]",[5],OK
pose,Base,ALL_TARGET_HEIGHTS,,002,,,v>2400,202,0.15408085430968727,2401.0,2416.0,2441.0,-0.03425199439019845,0.03576123129138148,0.04083655133109147,0.07252720659015681,0.08126989246327732,0.0,0.0,0,0,,,,,"[""obs_10mm"",""obs_2mm""]","[""002""]",[4],OK
pose,Base,ALL_TARGET_HEIGHTS,,003,,,v>2400,0,0.0,,,,,,,,,,,0,0,,,,,[],[],[],NO_EDGE_POINTS
pose,Base,ALL_TARGET_HEIGHTS,,004,,,v>2400,219,0.15113871635610765,2401.0,2416.0,2435.0,-0.04013838453297377,0.06037237197654036,0.07021448740018356,0.11294886685264238,0.12670382967151994,0.1735159817351598,0.0,38,0,,,,,"[""obs_30mm"",""obs_6mm""]","[""004""]",[4],OK
pose,Base,ALL_TARGET_HEIGHTS,,005,,,v>2400,724,0.4901828029790115,2792.0,2838.0,2880.0,-0.09839504192694822,0.09850094502786376,0.11610069669350725,0.18854440406809303,0.20736811465759075,0.4185082872928177,0.0055248618784530384,303,4,,,,,"[""obs_1mm"",""obs_30mm"",""obs_6mm""]","[""005""]",[5],OK
height_position,Base,obs_10mm,10.0,001,5,5,v>2400,180,1.0,2797.0,2824.0,2856.0,-0.0839443228993728,0.0839443228993728,0.0856106119477883,0.11128386347453895,0.12433486639017843,0.2222222222222222,0.0,40,0,,,,,"[""obs_10mm""]","[""001""]",[5],OK
height_position,Base,obs_10mm,10.0,002,4,4,v>2400,100,0.4424778761061947,2401.0,2415.0,2429.0,-0.04421135602358278,0.04421135602358278,0.04863025336231293,0.07732038579390892,0.08126989246327732,0.0,0.0,0,0,,,,,"[""obs_10mm""]","[""002""]",[4],OK
height_position,Base,obs_1mm,1.001,005,5,5,v>2400,196,1.0,2792.0,2830.0,2858.0,-0.034866379324740085,0.03525757241179544,0.03847007906161787,0.06201005232033935,0.06997493580857583,0.0,0.0,0,0,,,,,"[""obs_1mm""]","[""005""]",[5],OK
height_position,Base,obs_20mm,20.0,001,5,5,v>2400,236,1.0,2757.0,2787.0,2819.0,-0.13118128734168816,0.13118128734168816,0.13344156276969402,0.17156219664070615,0.17916771482873983,0.9152542372881356,0.0,216,0,,,,,"[""obs_20mm""]","[""001""]",[5],OK
height_position,Base,obs_2mm,2.0,002,4,4,v>2400,102,0.51,2401.0,2417.0,2441.0,-0.02448791435746872,0.02747679527941942,0.031369067842340795,0.05304295859746959,0.06739260526775626,0.0,0.0,0,0,,,,,"[""obs_2mm""]","[""002""]",[4],OK
height_position,Base,obs_30mm,30.0,004,4,4,v>2400,124,0.43661971830985913,2401.0,2417.0,2435.0,-0.0878295940361541,0.0878295940361541,0.09006664553526049,0.11668724997479192,0.12670382967151994,0.3064516129032258,0.0,38,0,,,,,"[""obs_30mm""]","[""004""]",[4],OK
height_position,Base,obs_30mm,30.0,005,5,5,v>2400,290,1.0,2807.0,2844.0,2880.0,-0.16927470859732058,0.16927470859732058,0.17001806421022617,0.1950844381718337,0.20736811465759075,1.0,0.013793103448275862,290,4,,,,,"[""obs_30mm""]","[""005""]",[5],OK
height_position,Base,obs_6mm,6.0,004,4,4,v>2400,95,0.38461538461538464,2401.0,2416.0,2427.0,0.02211119418696687,0.024533471603991882,0.027871543617071323,0.049251790160684546,0.053177640015005245,0.0,0.0,0,0,,,,,"[""obs_6mm""]","[""004""]",[4],OK
height_position,Base,obs_6mm,6.0,005,5,5,v>2400,238,1.0,2808.0,2840.0,2872.0,-0.0643467836732709,0.0643467836732709,0.06755683349727253,0.10121109904372301,0.11717364850478962,0.0546218487394958,0.0,13,0,,,,,"[""obs_6mm""]","[""005""]",[5],OK
overall,H1,ALL_TARGET_HEIGHTS,,,,,v>2400,1561,0.22949132608056455,2401.0,2812.0,2880.0,-0.027829079190983798,0.040003591906585326,0.04513655777782796,0.0770093756713024,0.09921128739404139,0.0,0.0,0,0,-0.718100353894433,-0.46313390392844694,0.19474695707879563,0.3581037796284433,"[""obs_10mm"",""obs_1mm"",""obs_20mm"",""obs_2mm"",""obs_30mm"",""obs_6mm""]","[""001"",""002"",""004"",""005""]","[4,5]",OK
height,H1,obs_1mm,1.001,,,,v>2400,196,0.1614497528830313,2792.0,2830.0,2858.0,-0.030969035781223196,0.03170718848754946,0.03500714589701055,0.058222205244425757,0.06621921874715864,0.0,0.0,0,0,,,,,"[""obs_1mm""]","[""005""]",[5],OK
height,H1,obs_2mm,2.0,,,,v>2400,102,0.12274368231046931,2401.0,2417.0,2441.0,-0.016518779335816875,0.022268368596567733,0.02569703838838206,0.04518901345734356,0.05959654601588138,0.0,0.0,0,0,,,,,"[""obs_2mm""]","[""002""]",[4],OK
height,H1,obs_6mm,6.0,,,,v>2400,333,0.28583690987124466,2401.0,2825.0,2872.0,-0.015637913923665113,0.04214509522871437,0.0465711099488066,0.07492206025099576,0.09344256741208667,0.0,0.0,0,0,,,,,"[""obs_6mm""]","[""004"",""005""]","[4,5]",OK
height,H1,obs_10mm,10.0,,,,v>2400,280,0.2684563758389262,2401.0,2808.0,2856.0,-0.029695770944389816,0.03416761947100097,0.03972437285303842,0.0684895982708034,0.08449683682289333,0.0,0.0,0,0,,,,,"[""obs_10mm""]","[""001"",""002""]","[4,5]",OK
height,H1,obs_20mm,20.0,,,,v>2400,236,0.19633943427620631,2757.0,2787.0,2819.0,-0.051031284619534184,0.051151390327113584,0.0566316859747541,0.09157508885644638,0.09921128739404139,0.0,0.0,0,0,,,,,"[""obs_20mm""]","[""001""]",[5],OK
height,H1,obs_30mm,30.0,,,,v>2400,414,0.30734966592427615,2401.0,2827.0,2880.0,-0.02444618777906508,0.04417064286359692,0.04794620956308582,0.07389666138066263,0.09182383586414389,0.0,0.0,0,0,,,,,"[""obs_30mm""]","[""004"",""005""]","[4,5]",OK
pose,H1,ALL_TARGET_HEIGHTS,,001,,,v>2400,416,0.3418241577649959,2757.0,2804.0,2856.0,-0.04796439395590469,0.04803253084770454,0.05270875080810343,0.08921920991430188,0.09921128739404139,0.0,0.0,0,0,,,,,"[""obs_10mm"",""obs_20mm""]","[""001""]",[5],OK
pose,H1,ALL_TARGET_HEIGHTS,,002,,,v>2400,202,0.15408085430968727,2401.0,2416.0,2441.0,-0.01034617149126824,0.019448031352890572,0.02337301992087453,0.04125641831658481,0.05959654601588138,0.0,0.0,0,0,,,,,"[""obs_10mm"",""obs_2mm""]","[""002""]",[4],OK
pose,H1,ALL_TARGET_HEIGHTS,,003,,,v>2400,0,0.0,,,,,,,,,,,0,0,,,,,[],[],[],NO_EDGE_POINTS
pose,H1,ALL_TARGET_HEIGHTS,,004,,,v>2400,219,0.15113871635610765,2401.0,2416.0,2435.0,0.038721090113709306,0.03882553950808403,0.04356150625733897,0.07148560061736021,0.09182383586414389,0.0,0.0,0,0,,,,,"[""obs_30mm"",""obs_6mm""]","[""004""]",[4],OK
pose,H1,ALL_TARGET_HEIGHTS,,005,,,v>2400,724,0.4901828029790115,2792.0,2838.0,2880.0,-0.04126795141593302,0.04148173846406119,0.04549566009174981,0.07333227839374144,0.09344256741208667,0.0,0.0,0,0,,,,,"[""obs_1mm"",""obs_30mm"",""obs_6mm""]","[""005""]",[5],OK
height_position,H1,obs_10mm,10.0,001,5,5,v>2400,180,1.0,2797.0,2824.0,2856.0,-0.04394335953025714,0.04394335953025714,0.047072607580165376,0.07139318669483855,0.08449683682289333,0.0,0.0,0,0,,,,,"[""obs_10mm""]","[""001""]",[5],OK
height_position,H1,obs_10mm,10.0,002,4,4,v>2400,100,0.4424778761061947,2401.0,2415.0,2429.0,-0.004050111489828634,0.016571287364339878,0.020735899885825224,0.03760020133145048,0.041258140551075684,0.0,0.0,0,0,,,,,"[""obs_10mm""]","[""002""]",[4],OK
height_position,H1,obs_1mm,1.001,005,5,5,v>2400,196,1.0,2792.0,2830.0,2858.0,-0.030969035781223196,0.03170718848754946,0.03500714589701055,0.058222205244425757,0.06621921874715864,0.0,0.0,0,0,,,,,"[""obs_1mm""]","[""005""]",[5],OK
height_position,H1,obs_20mm,20.0,001,5,5,v>2400,236,1.0,2757.0,2787.0,2819.0,-0.051031284619534184,0.051151390327113584,0.0566316859747541,0.09157508885644638,0.09921128739404139,0.0,0.0,0,0,,,,,"[""obs_20mm""]","[""001""]",[5],OK
height_position,H1,obs_2mm,2.0,002,4,4,v>2400,102,0.51,2401.0,2417.0,2441.0,-0.016518779335816875,0.022268368596567733,0.02569703838838206,0.04518901345734356,0.05959654601588138,0.0,0.0,0,0,,,,,"[""obs_2mm""]","[""002""]",[4],OK
height_position,H1,obs_30mm,30.0,004,4,4,v>2400,124,0.43661971830985913,2401.0,2417.0,2435.0,0.03283487898237144,0.033019350090178416,0.038461793205015075,0.06599790519597785,0.09182383586414389,0.0,0.0,0,0,,,,,"[""obs_30mm""]","[""004""]",[4],OK
height_position,H1,obs_30mm,30.0,005,5,5,v>2400,290,1.0,2807.0,2844.0,2880.0,-0.04893878184257587,0.04893878184257587,0.05147094822411145,0.0748526268114441,0.0871858551461564,0.0,0.0,0,0,,,,,"[""obs_30mm""]","[""005""]",[5],OK
height_position,H1,obs_6mm,6.0,004,4,4,v>2400,95,0.38461538461538464,2401.0,2416.0,2427.0,0.046404144643034516,0.046404144643034516,0.049432684123890215,0.07365422467177529,0.07759591124397325,0.0,0.0,0,0,,,,,"[""obs_6mm""]","[""004""]",[4],OK
height_position,H1,obs_6mm,6.0,005,5,5,v>2400,238,1.0,2808.0,2840.0,2872.0,-0.04040260116667546,0.04044505449610759,0.04537852299863164,0.07741562567882483,0.09344256741208667,0.0,0.0,0,0,,,,,"[""obs_6mm""]","[""005""]",[5],OK
overall,H-B2,ALL_TARGET_HEIGHTS,,,,,v>2400,1561,0.22949132608056455,2401.0,2812.0,2880.0,-0.028145964768700606,0.04076755542334629,0.05030613840123788,0.0943649370653894,0.11546767312687578,0.02626521460602178,0.0,41,0,-0.6364019404705659,-0.44696165011013744,0.19474695707879563,0.3581037796284433,"[""obs_10mm"",""obs_1mm"",""obs_20mm"",""obs_2mm"",""obs_30mm"",""obs_6mm""]","[""001"",""002"",""004"",""005""]","[4,5]",OK
height,H-B2,obs_1mm,1.001,,,,v>2400,196,0.1614497528830313,2792.0,2830.0,2858.0,-0.007237179186019116,0.01462570894041601,0.01783588694855032,0.03501739587778796,0.04242379720539513,0.0,0.0,0,0,,,,,"[""obs_1mm""]","[""005""]",[5],OK
height,H-B2,obs_2mm,2.0,,,,v>2400,102,0.12274368231046931,2401.0,2417.0,2441.0,0.004798818412559789,0.015227410762838428,0.02023655370963923,0.04071309044942846,0.05253025911979625,0.0,0.0,0,0,,,,,"[""obs_2mm""]","[""002""]",[4],OK
height,H-B2,obs_6mm,6.0,,,,v>2400,333,0.28583690987124466,2401.0,2825.0,2872.0,-0.0010594256390580484,0.03641062548858274,0.043533456199754246,0.07681715869017366,0.09151830154842244,0.0,0.0,0,0,,,,,"[""obs_6mm""]","[""004"",""005""]","[4,5]",OK
height,H-B2,obs_10mm,10.0,,,,v>2400,280,0.2684563758389262,2401.0,2808.0,2856.0,-0.022283490563766672,0.029296693385571677,0.03434215140645416,0.06079073939428366,0.07676486191716414,0.0,0.0,0,0,,,,,"[""obs_10mm""]","[""001"",""002""]","[4,5]",OK
height,H-B2,obs_20mm,20.0,,,,v>2400,236,0.19633943427620631,2757.0,2787.0,2819.0,-0.06123439439354702,0.06123439439354702,0.06595796403187146,0.1017137355650295,0.10932075282840259,0.0847457627118644,0.0,20,0,,,,,"[""obs_20mm""]","[""001""]",[5],OK
height,H-B2,obs_30mm,30.0,,,,v>2400,414,0.30734966592427615,2401.0,2827.0,2880.0,-0.05305159465948044,0.05903185906564562,0.06699717388822828,0.09995906994530461,0.11546767312687578,0.050724637681159424,0.0,21,0,,,,,"[""obs_30mm""]","[""004"",""005""]","[4,5]",OK
pose,H-B2,ALL_TARGET_HEIGHTS,,001,,,v>2400,416,0.3418241577649959,2757.0,2804.0,2856.0,-0.050441616709695686,0.050459389013082445,0.05622025883617415,0.09935276008870719,0.10932075282840259,0.04807692307692308,0.0,20,0,,,,,"[""obs_10mm"",""obs_20mm""]","[""001""]",[5],OK
pose,H-B2,ALL_TARGET_HEIGHTS,,002,,,v>2400,202,0.15408085430968727,2401.0,2416.0,2441.0,0.003873750468231389,0.01592317471883361,0.020373568048690567,0.04076501678300745,0.05253025911979625,0.0,0.0,0,0,,,,,"[""obs_10mm"",""obs_2mm""]","[""002""]",[4],OK
pose,H-B2,ALL_TARGET_HEIGHTS,,003,,,v>2400,0,0.0,,,,,,,,,,,0,0,,,,,[],[],[],NO_EDGE_POINTS
pose,H-B2,ALL_TARGET_HEIGHTS,,004,,,v>2400,219,0.15113871635610765,2401.0,2416.0,2435.0,0.028291299373165872,0.03540938156682507,0.04406626806703858,0.08129158967945713,0.09151830154842244,0.0,0.0,0,0,,,,,"[""obs_30mm"",""obs_6mm""]","[""004""]",[4],OK
pose,H-B2,ALL_TARGET_HEIGHTS,,005,,,v>2400,724,0.4901828029790115,2792.0,2838.0,2880.0,-0.041340373770737994,0.043751260124395286,0.05419510642196782,0.0966402839947266,0.11546767312687578,0.029005524861878452,0.0,21,0,,,,,"[""obs_1mm"",""obs_30mm"",""obs_6mm""]","[""005""]",[5],OK
height_position,H-B2,obs_10mm,10.0,001,5,5,v>2400,180,1.0,2797.0,2824.0,2856.0,-0.036291085968646164,0.036332159736473336,0.040010524237871416,0.06369974858118067,0.07676486191716414,0.0,0.0,0,0,,,,,"[""obs_10mm""]","[""001""]",[5],OK
height_position,H-B2,obs_10mm,10.0,002,4,4,v>2400,100,0.4424778761061947,2401.0,2415.0,2429.0,0.002930181165016421,0.01663285395394869,0.020512379857197637,0.040205294893389976,0.0460996340474118,0.0,0.0,0,0,,,,,"[""obs_10mm""]","[""002""]",[4],OK
height_position,H-B2,obs_1mm,1.001,005,5,5,v>2400,196,1.0,2792.0,2830.0,2858.0,-0.007237179186019116,0.01462570894041601,0.01783588694855032,0.03501739587778796,0.04242379720539513,0.0,0.0,0,0,,,,,"[""obs_1mm""]","[""005""]",[5],OK
height_position,H-B2,obs_20mm,20.0,001,5,5,v>2400,236,1.0,2757.0,2787.0,2819.0,-0.06123439439354702,0.06123439439354702,0.06595796403187146,0.1017137355650295,0.10932075282840259,0.0847457627118644,0.0,20,0,,,,,"[""obs_20mm""]","[""001""]",[5],OK
height_position,H-B2,obs_2mm,2.0,002,4,4,v>2400,102,0.51,2401.0,2417.0,2441.0,0.004798818412559789,0.015227410762838428,0.02023655370963923,0.04071309044942846,0.05253025911979625,0.0,0.0,0,0,,,,,"[""obs_2mm""]","[""002""]",[4],OK
height_position,H-B2,obs_30mm,30.0,004,4,4,v>2400,124,0.43661971830985913,2401.0,2417.0,2435.0,0.0036974575150847534,0.016268909131305433,0.020336829285482368,0.03681027300480454,0.06258399636641698,0.0,0.0,0,0,,,,,"[""obs_30mm""]","[""004""]",[4],OK
height_position,H-B2,obs_30mm,30.0,005,5,5,v>2400,290,1.0,2807.0,2844.0,2880.0,-0.07731670662377729,0.07731670662377729,0.07893699976786295,0.10318471315855168,0.11546767312687578,0.07241379310344828,0.0,21,0,,,,,"[""obs_30mm""]","[""005""]",[5],OK
height_position,H-B2,obs_6mm,6.0,004,4,4,v>2400,95,0.38461538461538464,2401.0,2416.0,2427.0,0.060392735061608596,0.060392735061608596,0.06274235859273324,0.08758045192074482,0.09151830154842244,0.0,0.0,0,0,,,,,"[""obs_6mm""]","[""004""]",[4],OK
height_position,H-B2,obs_6mm,6.0,005,5,5,v>2400,238,1.0,2808.0,2840.0,2872.0,-0.025588649448147677,0.026837934692627036,0.032867926687488794,0.0625508324321346,0.07853892421142561,0.0,0.0,0,0,,,,,"[""obs_6mm""]","[""005""]",[5],OK
