dataset,truth_mm,pose_id,position_rank,v_order_rank,v_order_rank_basis,v_center_px,height_v_range,baseline_v_ranges,formal_row_count,formal_v_min_px,formal_v_p05_px,formal_v_median_px,formal_v_p95_px,formal_v_max_px,effective_formal_point_count,effective_v_min_px,effective_v_p05_px,effective_v_median_px,effective_v_p95_px,effective_v_max_px,effective_v_gt_2400_count,status
obs_1mm,1.001,001,1,1,raw_formal_rows,245.0,"[205,284]","[[6,79],[308,484]]",320,205.0,208.95,244.5,280.05,284.0,315,205.0,208.7,244.0,280.3,284.0,0,OK
obs_1mm,1.001,002,2,2,raw_formal_rows,1067.5,"[1036,1100]","[[717,871],[1131,1296]]",255,1036.0,1039.0,1068.0,1097.0,1100.0,196,1036.0,1038.0,1069.0,1098.0,1100.0,0,OK
obs_1mm,1.001,003,3,3,raw_formal_rows,1515.0,"[1478,1548]","[[1154,1332],[1573,1749]]",276,1478.0,1482.0,1514.0,1545.0,1548.0,271,1478.0,1482.0,1513.0,1545.0,1548.0,0,OK
obs_1mm,1.001,004,4,4,raw_formal_rows,2157.5,"[2125,2188]","[[1798,1970],[2215,2383]]",244,2125.0,2129.0,2157.0,2185.0,2188.0,236,2125.0,2129.0,2157.0,2185.25,2188.0,0,OK
obs_1mm,1.001,005,5,5,raw_formal_rows,2825.0,"[2792,2858]","[[2475,2635],[2880,2974]]",228,2792.0,2796.35,2828.0,2855.65,2858.0,196,2792.0,2799.0,2830.0,2856.0,2858.0,196,OK
obs_2mm,2.0,001,5,5,raw_formal_rows,2817.5,"[2777,2860]","[[2472,2617],[2874,2985]]",74,2789.0,2790.95,2812.0,2844.7,2848.0,0,,,,,,0,NO_EFFECTIVE_FORMAL_POINTS
obs_2mm,2.0,002,4,4,raw_formal_rows,2407.5,"[2374,2441]","[[2048,2213],[2472,2622]]",244,2374.0,2377.0,2405.0,2438.0,2441.0,200,2374.0,2376.95,2402.0,2437.05,2441.0,102,OK
obs_2mm,2.0,003,3,3,raw_formal_rows,1760.0,"[1730,1791]","[[1411,1592],[1827,1992]]",210,1730.0,1733.0,1759.5,1789.0,1791.0,186,1730.0,1732.25,1757.5,1786.0,1789.0,0,OK
obs_2mm,2.0,004,2,2,raw_formal_rows,942.5,"[908,977]","[[594,751],[1003,1164]]",212,908.0,911.55,940.0,973.0,977.0,211,908.0,911.5,940.0,973.0,977.0,0,OK
obs_2mm,2.0,005,1,1,raw_formal_rows,252.5,"[219,285]","[[16,69],[314,470]]",262,219.0,222.0,251.5,282.0,285.0,234,219.0,222.0,255.0,282.35,285.0,0,OK
obs_6mm,6.0,001,1,1,raw_formal_rows,300.0,"[269,332]","[[13,130],[366,523]]",256,269.0,272.0,300.5,329.0,332.0,225,269.0,272.2,302.0,329.79999999999995,332.0,0,OK
obs_6mm,6.0,002,2,2,raw_formal_rows,1125.0,"[1093,1156]","[[777,925],[1189,1349]]",256,1093.0,1096.0,1124.5,1153.0,1156.0,222,1093.0,1095.05,1128.0,1153.95,1156.0,0,OK
obs_6mm,6.0,003,3,3,raw_formal_rows,1532.5,"[1502,1565]","[[1184,1355],[1603,1761]]",256,1502.0,1505.0,1533.5,1562.0,1565.0,233,1502.0,1504.6,1532.0,1562.4,1565.0,0,OK
obs_6mm,6.0,004,4,4,raw_formal_rows,2392.5,"[2360,2427]","[[2022,2177],[2462,2754]]",272,2360.0,2363.0,2393.5,2424.0,2427.0,247,2360.0,2364.0,2392.0,2424.0,2427.0,95,OK
obs_6mm,6.0,005,5,5,raw_formal_rows,2840.0,"[2808,2872]","[[2479,2620],[2902,2983]]",259,2808.0,2811.0,2840.0,2869.0,2872.0,238,2808.0,2810.85,2840.0,2869.15,2872.0,238,OK
obs_10mm,10.0,001,5,5,raw_formal_rows,2825.0,"[2797,2856]","[[2481,2613],[2892,2975]]",193,2797.0,2799.0,2825.0,2854.0,2856.0,180,2797.0,2799.0,2824.0,2854.0,2856.0,180,OK
obs_10mm,10.0,002,4,4,raw_formal_rows,2400.0,"[2369,2429]","[[2032,2176],[2467,2599]]",243,2369.0,2372.0,2399.0,2426.0,2429.0,226,2369.0,2371.25,2397.0,2426.75,2429.0,100,OK
obs_10mm,10.0,003,3,3,raw_formal_rows,1980.0,"[1947,2013]","[[1618,1758],[2046,2181]]",216,1947.0,1950.0,1979.0,2010.0,2012.0,166,1947.0,1950.0,1979.0,2010.0,2012.0,0,OK
obs_10mm,10.0,004,2,2,raw_formal_rows,1130.0,"[1099,1160]","[[789,955],[1199,1361]]",212,1099.0,1103.0,1128.0,1158.0,1160.0,202,1099.0,1103.0,1128.0,1158.0,1160.0,0,OK
obs_10mm,10.0,005,1,1,raw_formal_rows,300.0,"[265,333]","[[22,129],[367,527]]",276,265.0,268.0,299.0,330.0,333.0,269,265.0,269.0,299.0,330.0,333.0,0,OK
obs_20mm,20.0,001,5,5,raw_formal_rows,2787.5,"[2757,2819]","[[2438,2560],[2858,2979]]",252,2757.0,2760.0,2788.0,2816.0,2819.0,236,2757.0,2759.75,2787.0,2816.25,2819.0,236,OK
obs_20mm,20.0,002,4,4,raw_formal_rows,2365.0,"[2333,2394]","[[2004,2144],[2430,2562]]",248,2333.0,2336.0,2363.5,2391.0,2394.0,203,2333.0,2335.1,2366.0,2391.0,2394.0,0,OK
obs_20mm,20.0,003,3,3,raw_formal_rows,1945.0,"[1909,1978]","[[1589,1730],[2018,2144]]",280,1909.0,1912.0,1943.5,1975.0,1978.0,244,1909.0,1912.0,1944.0,1972.0,1978.0,0,OK
obs_20mm,20.0,004,2,2,raw_formal_rows,1112.5,"[1074,1148]","[[755,907],[1186,1336]]",300,1074.0,1077.0,1111.0,1145.0,1148.0,269,1074.0,1077.0,1113.0,1145.0,1148.0,0,OK
obs_20mm,20.0,005,1,1,raw_formal_rows,252.5,"[217,291]","[[16,122],[368,531]]",300,217.0,220.0,254.0,288.0,291.0,250,217.0,222.0,254.5,288.0,291.0,0,OK
obs_30mm,30.0,001,1,1,raw_formal_rows,257.5,"[227,292]","[[19,123],[367,511]]",264,227.0,230.0,259.5,289.0,292.0,261,227.0,230.0,260.0,289.0,292.0,0,OK
obs_30mm,30.0,002,2,2,raw_formal_rows,1110.0,"[1077,1145]","[[785,938],[1184,1357]]",276,1077.0,1080.0,1111.0,1142.0,1145.0,264,1077.0,1080.0,1109.5,1142.0,1145.0,0,OK
obs_30mm,30.0,003,3,3,raw_formal_rows,1972.5,"[1936,2009]","[[1612,1749],[2047,2169]]",296,1936.0,1939.0,1972.5,2006.0,2009.0,248,1936.0,1940.0,1976.0,2006.0,2009.0,0,OK
obs_30mm,30.0,004,4,4,raw_formal_rows,2397.5,"[2358,2435]","[[2031,2171],[2478,2691]]",312,2358.0,2361.55,2396.5,2431.45,2435.0,284,2358.0,2361.0,2393.0,2432.0,2435.0,124,OK
obs_30mm,30.0,005,5,5,raw_formal_rows,2842.5,"[2807,2880]","[[2504,2603],[2915,2994]]",295,2807.0,2810.0,2843.0,2877.0,2880.0,290,2807.0,2810.0,2844.0,2877.0,2880.0,290,OK
