row_type,model,dataset,truth_mm,pose_id,position_rank,v_order_rank,point_count,bias_mm,mae_mm,rmse_mm,p95_abs_mm,max_abs_mm,position_count_available,position_bias_min_mm,position_bias_max_mm,position_bias_range_mm,bias_std_mm,worst_position,worst_position_abs_bias_mm,worst_position_p95_abs_mm,worst_position_max_abs_mm,status
height_position,Base,obs_1mm,1.001,001,1,1,315,0.009230615607567409,0.021171529731329353,0.025753489229382337,0.047988438069523916,0.060278412314520136,,,,,,,,,,OK
height_position,H1,obs_1mm,1.001,001,1,1,315,0.013305844626561092,0.02280077670864015,0.02756367924298233,0.052220014560441126,0.06455956605929614,,,,,,,,,,OK
height_position,H-B2,obs_1mm,1.001,001,1,1,315,0.032264971613300435,0.034289775006898,0.040274296840708976,0.07111504106562928,0.08343230387260592,,,,,,,,,,OK
height_position,Base,obs_1mm,1.001,002,2,2,196,-0.03935235047589003,0.03935235047589003,0.04173189402295804,0.061502007105155854,0.06920246274268294,,,,,,,,,,OK
height_position,H1,obs_1mm,1.001,002,2,2,196,-0.03547310315667192,0.03548132150733283,0.03811619511939316,0.05771211059560613,0.06544362955648597,,,,,,,,,,OK
height_position,H-B2,obs_1mm,1.001,002,2,2,196,-0.015133036624750842,0.01713693557819903,0.02057339289573797,0.037408734134463745,0.04512498498337014,,,,,,,,,,OK
height_position,Base,obs_1mm,1.001,003,3,3,271,0.013061651144207894,0.019831477914051456,0.02321598303507821,0.03985170114894898,0.05388792729108194,,,,,,,,,,OK
height_position,H1,obs_1mm,1.001,003,3,3,271,0.017152334403996213,0.022089198449181665,0.025798366773609617,0.0440504543756467,0.05814330208042873,,,,,,,,,,OK
height_position,H-B2,obs_1mm,1.001,003,3,3,271,0.038308781109927525,0.03865827619626521,0.04287105063981759,0.06516045923661073,0.07922790321382567,,,,,,,,,,OK
height_position,Base,obs_1mm,1.001,004,4,4,236,-0.05515646482318219,0.05515646482318219,0.05789087508727366,0.08637331183688643,0.10106028325635308,,,,,,,,,,OK
height_position,H1,obs_1mm,1.001,004,4,4,236,-0.05134097065538569,0.051347101583343775,0.054290994113530715,0.08268374515422683,0.09742996321619768,,,,,,,,,,OK
height_position,H-B2,obs_1mm,1.001,004,4,4,236,-0.028749949477288705,0.02975385309379685,0.03372892893487946,0.06008278816107915,0.07480402952620613,,,,,,,,,,OK
height_position,Base,obs_1mm,1.001,005,5,5,196,-0.034866379324740085,0.03525757241179544,0.03847007906161787,0.06201005232033935,0.06997493580857583,,,,,,,,,,OK
height_position,H1,obs_1mm,1.001,005,5,5,196,-0.030969035781223196,0.03170718848754946,0.03500714589701055,0.058222205244425757,0.06621921874715864,,,,,,,,,,OK
height_position,H-B2,obs_1mm,1.001,005,5,5,196,-0.007237179186019116,0.01462570894041601,0.01783588694855032,0.03501739587778796,0.04242379720539513,,,,,,,,,,OK
height_position,Base,obs_2mm,,001,5,5,0,,,,,,,,,,,,,,,NO_EFFECTIVE_FORMAL_POINTS
height_position,H1,obs_2mm,,001,5,5,0,,,,,,,,,,,,,,,NO_EFFECTIVE_FORMAL_POINTS
height_position,H-B2,obs_2mm,,001,5,5,0,,,,,,,,,,,,,,,NO_EFFECTIVE_FORMAL_POINTS
height_position,Base,obs_2mm,2.0,002,4,4,200,-0.021529609421860732,0.02340739789139967,0.027419271381905388,0.05061543487620107,0.06739260526775626,,,,,,,,,,OK
height_position,H1,obs_2mm,2.0,002,4,4,200,-0.013548540718993567,0.01788719246791903,0.021775810602826944,0.04275169720458729,0.05959654601588138,,,,,,,,,,OK
height_position,H-B2,obs_2mm,2.0,002,4,4,200,0.007727499626447468,0.014702525193720128,0.018690186606704927,0.03804830672526256,0.05253025911979625,,,,,,,,,,OK
height_position,Base,obs_2mm,2.0,003,3,3,186,-0.05770591264596331,0.05770591264596331,0.059306725998738846,0.07975177504671904,0.09014297963030926,,,,,,,,,,OK
height_position,H1,obs_2mm,2.0,003,3,3,186,-0.04987077767191125,0.04987077767191125,0.051729335520864284,0.07200557218065917,0.08243869445888974,,,,,,,,,,OK
height_position,H-B2,obs_2mm,2.0,003,3,3,186,-0.029833556024373497,0.02987357357362533,0.0328357517193943,0.05189093993476851,0.0623473180595695,,,,,,,,,,OK
height_position,Base,obs_2mm,2.0,004,2,2,211,-0.03294958189728135,0.03390825601549726,0.038947825729733106,0.06625565288622848,0.08041908029992251,,,,,,,,,,OK
height_position,H1,obs_2mm,2.0,004,2,2,211,-0.025014580896688243,0.027278588388761574,0.032564916902364814,0.05845500721490948,0.07267556931598373,,,,,,,,,,OK
height_position,H-B2,obs_2mm,2.0,004,2,2,211,-0.006734853279265253,0.017775822084848302,0.021892782084600545,0.0409946421464884,0.05439210355833901,,,,,,,,,,OK
height_position,Base,obs_2mm,2.0,005,1,1,234,0.00500379681894667,0.014461278854190521,0.017929868929216174,0.03493338641611173,0.05267793234694862,,,,,,,,,,OK
height_position,H1,obs_2mm,2.0,005,1,1,234,0.013091900198267644,0.017443271313095254,0.02168493863369631,0.039450921760124366,0.060958351240724795,,,,,,,,,,OK
height_position,H-B2,obs_2mm,2.0,005,1,1,234,0.030290444120382502,0.030770218712595807,0.03485816200049663,0.05661084051518745,0.07805749659588868,,,,,,,,,,OK
height_position,Base,obs_6mm,6.0,001,1,1,225,-0.006078101142415694,0.01585276067782947,0.01899097989290688,0.033612916154612905,0.04850226265348834,,,,,,,,,,OK
height_position,H1,obs_6mm,6.0,001,1,1,225,0.018101134848284937,0.02083442201443249,0.025573072800458563,0.04756789581374274,0.05769771598450113,,,,,,,,,,OK
height_position,H-B2,obs_6mm,6.0,001,1,1,225,0.028218668335291148,0.02873452118012818,0.03349108512801754,0.057646169962796805,0.06776627913502686,,,,,,,,,,OK
height_position,Base,obs_6mm,6.0,002,2,2,222,-0.0349248221842145,0.0349248221842145,0.037286410143432376,0.056201679576262764,0.07042444405154846,,,,,,,,,,OK
height_position,H1,obs_6mm,6.0,002,2,2,222,-0.010861952687338304,0.013596342260318228,0.017026268403739726,0.03222464005260001,0.046504778578547956,,,,,,,,,,OK
height_position,H-B2,obs_6mm,6.0,002,2,2,222,0.0006982908139830705,0.010987152926432587,0.01310310175143085,0.022967159275007316,0.03495597525826355,,,,,,,,,,OK
height_position,Base,obs_6mm,6.0,003,3,3,233,-0.009798453286474884,0.016693674063236772,0.02105272907214719,0.04150267851968241,0.06062522966366224,,,,,,,,,,OK
height_position,H1,obs_6mm,6.0,003,3,3,233,0.014365774955713517,0.01928183253142624,0.023587922718418284,0.044047991649526504,0.05493570682260618,,,,,,,,,,OK
height_position,H-B2,obs_6mm,6.0,003,3,3,233,0.026660646252957897,0.028518070812611873,0.032541217712522275,0.056264553870686185,0.06712969115183487,,,,,,,,,,OK
height_position,Base,obs_6mm,6.0,004,4,4,247,0.004902534352473064,0.017979321042834187,0.02287110448047458,0.04698055496857405,0.05679207414039933,,,,,,,,,,OK
height_position,H1,obs_6mm,6.0,004,4,4,247,0.02912606577802229,0.031759838311206615,0.03676159301749882,0.06403543953098491,0.07759591124397325,,,,,,,,,,OK
height_position,H-B2,obs_6mm,6.0,004,4,4,247,0.04310417629135006,0.04392999142950602,0.04858406373141313,0.07798500588011342,0.09151830154842244,,,,,,,,,,OK
height_position,Base,obs_6mm,6.0,005,5,5,238,-0.0643467836732709,0.0643467836732709,0.06755683349727253,0.10121109904372301,0.11717364850478962,,,,,,,,,,OK
height_position,H1,obs_6mm,6.0,005,5,5,238,-0.04040260116667546,0.04044505449610759,0.04537852299863164,0.07741562567882483,0.09344256741208667,,,,,,,,,,OK
height_position,H-B2,obs_6mm,6.0,005,5,5,238,-0.025588649448147677,0.026837934692627036,0.032867926687488794,0.0625508324321346,0.07853892421142561,,,,,,,,,,OK
height_position,Base,obs_10mm,10.0,001,5,5,180,-0.0839443228993728,0.0839443228993728,0.0856106119477883,0.11128386347453895,0.12433486639017843,,,,,,,,,,OK
height_position,H1,obs_10mm,10.0,001,5,5,180,-0.04394335953025714,0.04394335953025714,0.047072607580165376,0.07139318669483855,0.08449683682289333,,,,,,,,,,OK
height_position,H-B2,obs_10mm,10.0,001,5,5,180,-0.036291085968646164,0.036332159736473336,0.040010524237871416,0.06369974858118067,0.07676486191716414,,,,,,,,,,OK
height_position,Base,obs_10mm,10.0,002,4,4,226,-0.04794004197335275,0.04794004197335275,0.051514985998876155,0.07856631531604918,0.08599390923511052,,,,,,,,,,OK
height_position,H1,obs_10mm,10.0,002,4,4,226,-0.007793838806342463,0.016087561518962026,0.02047350445041623,0.03904375237738922,0.04600121381351485,,,,,,,,,,OK
height_position,H-B2,obs_10mm,10.0,002,4,4,226,-0.0008433043854418976,0.01529688599082841,0.018926213538580317,0.036328326513323184,0.0460996340474118,,,,,,,,,,OK
height_position,Base,obs_10mm,10.0,003,3,3,166,-0.02868136671290481,0.02929041425211518,0.03351021930376487,0.05892282408760874,0.06695363203815141,,,,,,,,,,OK
height_position,H1,obs_10mm,10.0,003,3,3,166,0.011542525163075683,0.01700470140057984,0.020879934965916114,0.03833472245069425,0.057096714793337,,,,,,,,,,OK
height_position,H-B2,obs_10mm,10.0,003,3,3,166,0.017514160994506332,0.02054923562450953,0.02466110586931109,0.04423374150011883,0.06300068939976455,,,,,,,,,,OK
height_position,Base,obs_10mm,10.0,004,2,2,202,-0.047125042464608045,0.0473048061875669,0.051513183618879285,0.07667952034016991,0.08353107991748132,,,,,,,,,,OK
height_position,H1,obs_10mm,10.0,004,2,2,202,-0.006975551622885538,0.01870885052630187,0.02202262310720926,0.038927308607025424,0.04886933446826802,,,,,,,,,,OK
height_position,H-B2,obs_10mm,10.0,004,2,2,202,-0.0025324375964645785,0.017676566315584584,0.020987795865549153,0.03803231224229311,0.05314234353343217,,,,,,,,,,OK
height_position,Base,obs_10mm,10.0,005,1,1,269,-0.03187672891982561,0.03404319433594545,0.04045669615456153,0.07269710242081047,0.08442837996098262,,,,,,,,,,OK
height_position,H1,obs_10mm,10.0,005,1,1,269,0.0083342729955947,0.02179019307532359,0.026364668049490194,0.049392582366316516,0.06946002959899644,,,,,,,,,,OK
height_position,H-B2,obs_10mm,10.0,005,1,1,269,0.011319780015991964,0.022474972762635607,0.02741416335779695,0.05231695951687811,0.0723101864711353,,,,,,,,,,OK
height_position,Base,obs_20mm,20.0,001,5,5,236,-0.13118128734168816,0.13118128734168816,0.13344156276969402,0.17156219664070615,0.17916771482873983,,,,,,,,,,OK
height_position,H1,obs_20mm,20.0,001,5,5,236,-0.051031284619534184,0.051151390327113584,0.0566316859747541,0.09157508885644638,0.09921128739404139,,,,,,,,,,OK
height_position,H-B2,obs_20mm,20.0,001,5,5,236,-0.06123439439354702,0.06123439439354702,0.06595796403187146,0.1017137355650295,0.10932075282840259,,,,,,,,,,OK
height_position,Base,obs_20mm,20.0,002,4,4,203,-0.1049702552805971,0.1049702552805971,0.10568937062764656,0.12302911562101748,0.13078303980694272,,,,,,,,,,OK
height_position,H1,obs_20mm,20.0,002,4,4,203,-0.024714518326256162,0.02483995285917331,0.02763187739987131,0.04284622737129098,0.05063143057050823,,,,,,,,,,OK
height_position,H-B2,obs_20mm,20.0,002,4,4,203,-0.035589085655048876,0.035589085655048876,0.0376609821500805,0.0537193952427657,0.061407843289050135,,,,,,,,,,OK
height_position,Base,obs_20mm,20.0,003,3,3,244,-0.07494821377394428,0.07494821377394428,0.07913284786584963,0.12376677247776938,0.14942505948785012,,,,,,,,,,OK
height_position,H1,obs_20mm,20.0,003,3,3,244,0.005428630868945404,0.021886695795935874,0.026066364602804478,0.04811451992805259,0.06934865139697877,,,,,,,,,,OK
height_position,H-B2,obs_20mm,20.0,003,3,3,244,-0.006457906661094265,0.020562210317409912,0.026283689978736452,0.05540850228392598,0.0811642105020276,,,,,,,,,,OK
height_position,Base,obs_20mm,20.0,004,2,2,269,-0.08027046773112485,0.08027046773112485,0.08266804163365475,0.11083739362907892,0.12086805131320588,,,,,,,,,,OK
height_position,H1,obs_20mm,20.0,004,2,2,269,8.490715680248139e-05,0.016261547500162312,0.01984496091675614,0.03755740493629318,0.047967167592886994,,,,,,,,,,OK
height_position,H-B2,obs_20mm,20.0,004,2,2,269,-0.013287233062985399,0.02035144419510024,0.02388317084787995,0.043975743912689325,0.054001680006969366,,,,,,,,,,OK
height_position,Base,obs_20mm,20.0,005,1,1,250,-0.04917071492830772,0.04917071492830772,0.05060293123057805,0.0707999008458783,0.08191337895215511,,,,,,,,,,OK
height_position,H1,obs_20mm,20.0,005,1,1,250,0.03131011509149481,0.031322774675528436,0.03353171573064622,0.04859254235505918,0.057252260695456414,,,,,,,,,,OK
height_position,H-B2,obs_20mm,20.0,005,1,1,250,0.016403203782856778,0.01777410536542901,0.02031474219637852,0.033651849980701865,0.04228802468223236,,,,,,,,,,OK
height_position,Base,obs_30mm,30.0,001,1,1,261,-0.09685571900937463,0.09685571900937463,0.09743122163467087,0.11438258877040752,0.12345974627595169,,,,,,,,,,OK
height_position,H1,obs_30mm,30.0,001,1,1,261,0.02377234298987314,0.0237948640920608,0.02603537690170103,0.04077233574341932,0.04870635566841841,,,,,,,,,,OK
height_position,H-B2,obs_30mm,30.0,001,1,1,261,-0.009166671184726423,0.011207399563864696,0.014013374113058337,0.026732863789892036,0.035837313890525024,,,,,,,,,,OK
height_position,Base,obs_30mm,30.0,002,2,2,264,-0.12331873611946824,0.12331873611946824,0.1241769037300219,0.1455226625753566,0.1599927288774019,,,,,,,,,,OK
height_position,H1,obs_30mm,30.0,002,2,2,264,-0.0027974248497974153,0.012700699829195894,0.014897494795252063,0.025495305738271055,0.03961935899578606,,,,,,,,,,OK
height_position,H-B2,obs_30mm,30.0,002,2,2,264,-0.03432594842116137,0.03432594842116137,0.03730989684183362,0.05661287385455065,0.07100060705117528,,,,,,,,,,OK
height_position,Base,obs_30mm,30.0,003,3,3,248,-0.08428851073073208,0.08428851073073208,0.08486039025624062,0.10027155144681234,0.10439927642547531,,,,,,,,,,OK
height_position,H1,obs_30mm,30.0,003,3,3,248,0.03639024687313671,0.03639024687313671,0.03770629744631677,0.05291766979683974,0.06396454606078095,,,,,,,,,,OK
height_position,H-B2,obs_30mm,30.0,003,3,3,248,0.006360614543943024,0.00945737190319181,0.011730438699076116,0.02280713152411291,0.03380921356757938,,,,,,,,,,OK
height_position,Base,obs_30mm,30.0,004,4,4,284,-0.08511425436863532,0.08511425436863532,0.08708207481214923,0.11285997054104406,0.12670382967151994,,,,,,,,,,OK
height_position,H1,obs_30mm,30.0,004,4,4,284,0.03556117221914316,0.03564171594227015,0.04007727244198639,0.06482338644124784,0.09182383586414389,,,,,,,,,,OK
height_position,H-B2,obs_30mm,30.0,004,4,4,284,0.00637628256141167,0.015715744798798493,0.019520228715259377,0.03570313008256763,0.06258399636641698,,,,,,,,,,OK
height_position,Base,obs_30mm,30.0,005,5,5,290,-0.16927470859732058,0.16927470859732058,0.17001806421022617,0.1950844381718337,0.20736811465759075,,,,,,,,,,OK
height_position,H1,obs_30mm,30.0,005,5,5,290,-0.04893878184257587,0.04893878184257587,0.05147094822411145,0.0748526268114441,0.0871858551461564,,,,,,,,,,OK
height_position,H-B2,obs_30mm,30.0,005,5,5,290,-0.07731670662377729,0.07731670662377729,0.07893699976786295,0.10318471315855168,0.11546767312687578,,,,,,,,,,OK
height_summary,Base,obs_1mm,1.001,,,,1214,,,,,,5,-0.05515646482318219,0.013061651144207894,0.06821811596739008,0.02745530117759759,pose004/rank4,0.05515646482318219,0.08637331183688643,0.10106028325635308,OK
height_summary,H1,obs_1mm,1.001,,,,1214,,,,,,5,-0.05134097065538569,0.017152334403996213,0.0684933050593819,0.027566054740551994,pose004/rank4,0.05134097065538569,0.08268374515422683,0.09742996321619768,OK
height_summary,H-B2,obs_1mm,1.001,,,,1214,,,,,,5,-0.028749949477288705,0.038308781109927525,0.06705873058721623,0.02661145559911791,pose003/rank3,0.038308781109927525,0.06516045923661073,0.07922790321382567,OK
height_summary,Base,obs_2mm,2.0,,,,831,,,,,,4,-0.05770591264596331,0.00500379681894667,0.06270970946490997,0.022540248532250985,pose003/rank3,0.05770591264596331,0.07975177504671904,0.09014297963030926,PARTIAL_POSITION_SUPPORT
height_summary,H1,obs_2mm,2.0,,,,831,,,,,,4,-0.04987077767191125,0.013091900198267644,0.0629626778701789,0.022631174973693984,pose003/rank3,0.04987077767191125,0.07200557218065917,0.08243869445888974,PARTIAL_POSITION_SUPPORT
height_summary,H-B2,obs_2mm,2.0,,,,831,,,,,,4,-0.029833556024373497,0.030290444120382502,0.060124000144755996,0.021863778731694136,pose005/rank1,0.030290444120382502,0.05661084051518745,0.07805749659588868,PARTIAL_POSITION_SUPPORT
height_summary,Base,obs_6mm,6.0,,,,1165,,,,,,5,-0.0643467836732709,0.004902534352473064,0.06924931802574397,0.024845200782299823,pose005/rank5,0.0643467836732709,0.10121109904372301,0.11717364850478962,OK
height_summary,H1,obs_6mm,6.0,,,,1165,,,,,,5,-0.04040260116667546,0.02912606577802229,0.06952866694469775,0.024945425306924673,pose005/rank5,0.04040260116667546,0.07741562567882483,0.09344256741208667,OK
height_summary,H-B2,obs_6mm,6.0,,,,1165,,,,,,5,-0.025588649448147677,0.04310417629135006,0.06869282573949774,0.024297319643737138,pose004/rank4,0.04310417629135006,0.07798500588011342,0.09151830154842244,OK
height_summary,Base,obs_10mm,10.0,,,,1043,,,,,,5,-0.0839443228993728,-0.02868136671290481,0.05526295618646799,0.019625980464771403,pose001/rank5,0.0839443228993728,0.11128386347453895,0.12433486639017843,OK
height_summary,H1,obs_10mm,10.0,,,,1043,,,,,,5,-0.04394335953025714,0.011542525163075683,0.05548588469333282,0.019705150867925496,pose001/rank5,0.04394335953025714,0.07139318669483855,0.08449683682289333,OK
height_summary,H-B2,obs_10mm,10.0,,,,1043,,,,,,5,-0.036291085968646164,0.017514160994506332,0.053805246963152496,0.01863105091137318,pose001/rank5,0.036291085968646164,0.06369974858118067,0.07676486191716414,OK
height_summary,Base,obs_20mm,20.0,,,,1202,,,,,,5,-0.13118128734168816,-0.04917071492830772,0.08201057241338044,0.027893951995824,pose001/rank5,0.13118128734168816,0.17156219664070615,0.17916771482873983,OK
height_summary,H1,obs_20mm,20.0,,,,1202,,,,,,5,-0.051031284619534184,0.03131011509149481,0.082341399711029,0.028006475058253117,pose001/rank5,0.051031284619534184,0.09157508885644638,0.09921128739404139,OK
height_summary,H-B2,obs_20mm,20.0,,,,1202,,,,,,5,-0.06123439439354702,0.016403203782856778,0.0776375981764038,0.026445915290190292,pose001/rank5,0.06123439439354702,0.1017137355650295,0.10932075282840259,OK
height_summary,Base,obs_30mm,30.0,,,,1347,,,,,,5,-0.16927470859732058,-0.08428851073073208,0.0849861978665885,0.0320261194063971,pose005/rank5,0.16927470859732058,0.1950844381718337,0.20736811465759075,OK
height_summary,H1,obs_30mm,30.0,,,,1347,,,,,,5,-0.04893878184257587,0.03639024687313671,0.08532902871571257,0.03215531146329413,pose005/rank5,0.04893878184257587,0.0748526268114441,0.0871858551461564,OK
height_summary,H-B2,obs_30mm,30.0,,,,1347,,,,,,5,-0.07731670662377729,0.00637628256141167,0.08369298918518896,0.03157643465650337,pose005/rank5,0.07731670662377729,0.10318471315855168,0.11546767312687578,OK
overall_pooled,Base,ALL_TARGET_HEIGHTS,,,,,6802,-0.054790650195474244,0.059771236746716,0.07386762755480783,0.14699884721919787,0.20736811465759075,,,,,,,,,,POOLED_CONTEXT_ONLY
overall_pooled,H1,ALL_TARGET_HEIGHTS,,,,,6802,-0.004751926604133116,0.028283898961150165,0.03399282703655583,0.06340207847464593,0.09921128739404139,,,,,,,,,,POOLED_CONTEXT_ONLY
overall_pooled,H-B2,ALL_TARGET_HEIGHTS,,,,,6802,-0.0038493987267111283,0.027582123665833742,0.03498463056118962,0.07010061982819521,0.11546767312687578,,,,,,,,,,POOLED_CONTEXT_ONLY
