frame_index,frame_id,source_file,camera_frame_number,center_count,c0_point_count,c1_point_count,point_count,fit_inlier_count,filtered_c0_total,filtered_c1_total,a,b,fit_rmse_mm,rmse_mm,p95_abs_mm,max_abs_mm,s_min_mm,s_max_mm,s_span_mm,quality_passed,quality_dynamic_range_u8,quality_warnings,extraction_ms,c0_reconstruction_ms,c1_reconstruction_ms
1,frame_01,laser 001.tif,40,2941,2941,2941,2941,2541,0,0,-0.0002516442558399396,-0.006310119109102769,0.03812244844420718,0.06557619639953098,0.13861106108701005,0.6426206444010716,-147.04667580910348,144.12331826886742,291.1699940779709,False,17.0,dynamic_range_low,166.75099998246878,0.9486000053584576,1.0315999970771372
2,frame_02,laser 001_02.tif,41,2941,2941,2941,2941,2524,0,0,-0.00024562702526545693,-0.006684531722970087,0.03740861815774142,0.06568489390165336,0.1421195648864867,0.6312655788152712,-147.04568335488955,144.12573742616544,291.17142078105496,False,17.0,dynamic_range_low,129.28090000059456,0.8397999918088317,1.0011999984271824
3,frame_03,laser 001_03.tif,42,2941,2941,2941,2941,2528,0,0,-0.000240020156020856,-0.005106384123539772,0.037868149515732266,0.06620465877367783,0.14166192980736067,0.6466666117839687,-147.04616840848786,144.1217759871636,291.1679443956515,False,17.0,dynamic_range_low,129.05839999439195,0.8369000279344618,0.9255000040866435
4,frame_04,laser 001_04.tif,43,2941,2941,2941,2941,2533,0,0,-0.00023945116746572343,-0.005585450217493898,0.03801190653774912,0.06597186835684501,0.13942019150320317,0.6408611421776473,-147.04719356258133,144.12315736505482,291.17035092763615,False,17.0,dynamic_range_low,128.7294999929145,0.874800025485456,0.9267999557778239
5,frame_05,laser 001_05.tif,44,2941,2941,2941,2941,2503,0,0,-0.00022973422452813073,-0.005426559047203483,0.03679352089680923,0.06609243267052242,0.14197399301515523,0.6404405230585745,-147.0460810805005,144.12290376161886,291.16898484211936,False,17.0,dynamic_range_low,138.4665999794379,0.9378999820910394,0.9590000263415277
6,frame_06,laser 001_06.tif,45,2941,2941,2941,2941,2498,0,0,-0.00022353807796634062,-0.00508052630916802,0.036474793488575484,0.06620668903162086,0.14249432769508444,0.6280906948544207,-147.04671273474105,144.1253782582447,291.1720909929858,False,17.0,dynamic_range_low,137.45749997906387,0.8254999993368983,0.9374999790452421
7,frame_07,laser 001_07.tif,46,2941,2941,2941,2941,2501,0,0,-0.0002196393376282908,-0.005555871251945017,0.03687038152934391,0.06652098692596088,0.1430660044417374,0.6364337453774132,-147.04719140168575,144.1235008909948,291.17069229268054,False,17.0,dynamic_range_low,133.6188999703154,0.8450000314041972,0.9422999573871493
8,frame_08,laser 001_08.tif,47,2941,2941,2941,2941,2514,0,0,-0.00021983040337512425,-0.0060534374443768964,0.03743800336135469,0.06654373890949186,0.14324603027516877,0.6510255235670204,-147.0463074702931,144.12036808841424,291.1666755587073,False,17.0,dynamic_range_low,133.4748999797739,0.8615999831818044,0.9150000405497849
9,frame_09,laser 001_09.tif,48,2941,2941,2941,2941,2511,0,0,-0.00022194702216936227,-0.007060450573067896,0.03759442771877502,0.06698751102460249,0.14447080738224063,0.6391376938723411,-147.04615429627464,144.12330785002766,291.1694621463023,False,17.0,dynamic_range_low,149.86930001759902,0.9330000029876828,1.6201999969780445
10,frame_10,laser 001_10.tif,49,2940,2940,2940,2940,2512,0,0,-0.00022469999975054656,-0.006957530347991702,0.03772931560214623,0.067194277134096,0.145072897653531,0.6441950168623766,-147.04671677283622,144.1222469707897,291.1689637436259,False,17.0,dynamic_range_low,145.2036999980919,0.8527000318281353,0.9117000154219568
11,frame_11,laser 001_11.tif,50,2939,2939,2939,2939,2544,0,0,-0.0002479803852990811,-0.007768166905099194,0.03875417726857813,0.06673341758709063,0.14387767822250846,0.6513825902515602,-147.04623355051743,144.12157399746437,291.1678075479818,False,17.0,dynamic_range_low,130.09380002040416,0.838399981148541,0.9301999816671014
12,frame_12,laser 001_12.tif,51,2940,2940,2940,2940,2526,0,0,-0.0002560899446973362,-0.008807571665947872,0.03827970266278562,0.06660098513371158,0.14092056311759013,0.6405872879014692,-147.0465320623798,144.12447003607602,291.1710020984558,False,17.0,dynamic_range_low,126.19270000141114,0.8510000188834965,0.9553000563755631
13,frame_13,laser 001_13.tif,52,2941,2941,2941,2941,2533,0,0,-0.0002616202615185105,-0.008453561382105816,0.03842103033227531,0.06609565276271287,0.14037469634040078,0.6383237113231629,-147.0454567977128,144.12507283573402,291.1705296334468,False,17.0,dynamic_range_low,231.6992999985814,1.6976000042632222,1.728900009766221
14,frame_14,laser 001_14.tif,53,2940,2940,2940,2940,2544,0,0,-0.00024722116012949815,-0.006715073349333012,0.03861600806907407,0.06624883294202225,0.14195180480481112,0.6316707232811389,-147.04639650212437,144.12570516695564,291.17210166908,False,17.0,dynamic_range_low,248.55009996099398,1.4779000193811953,1.7153999651782215
15,frame_15,laser 001_15.tif,54,2940,2940,2940,2940,2553,0,0,-0.00023600088148368784,-0.0062923335210742495,0.03913255207159614,0.0664461166118991,0.14118012725651854,0.665018595358172,-147.04555671345778,144.11782390077104,291.1633806142288,False,17.0,dynamic_range_low,247.78719997266307,1.6346999909728765,2.246399992145598
16,frame_16,laser 001_16.tif,55,2940,2940,2940,2940,2545,0,0,-0.000233622053845069,-0.006311398080791133,0.03855162043041763,0.06603938809883321,0.1409838890941057,0.6446265407787939,-147.0471640296382,144.12229334164712,291.1694573712853,False,17.0,dynamic_range_low,252.26919999113306,1.4797999756410718,2.223999996203929
17,frame_17,laser 001_17.tif,56,2940,2940,2940,2940,2537,0,0,-0.00022439784217636536,-0.006537716302892534,0.03810414911266583,0.06622645467084799,0.14159978362547143,0.6492154603824065,-147.0472008100069,144.12102566608047,291.1682264760874,False,17.0,dynamic_range_low,258.81779997143894,1.4334999723359942,1.7834000173024833
18,frame_18,laser 001_18.tif,57,2941,2941,2941,2941,2533,0,0,-0.00023409690856035704,-0.007266768136801559,0.038007367929984534,0.06629318708246643,0.14190626128085732,0.6570252181539153,-147.04587242679995,144.11976002551143,291.16563245231134,False,17.0,dynamic_range_low,256.6332999849692,1.6955999890342355,1.8689000280573964
19,frame_19,laser 001_19.tif,58,2942,2942,2942,2942,2526,0,0,-0.00024591940340319235,-0.007590726294902532,0.03807301347265725,0.06636849463498849,0.14088032548040458,0.6402527122022417,-147.04674491571288,144.12394708683976,291.17069200255264,False,17.0,dynamic_range_low,253.3187999506481,1.6297000111080706,1.874100009445101
20,frame_20,laser 001_20.tif,59,2941,2941,2941,2941,2546,0,0,-0.00025507715532449343,-0.008688509817697738,0.03870152323799116,0.06594966811386323,0.13970692598976128,0.6426168440978428,-147.04601881552182,144.123959002634,291.1699778181558,False,17.0,dynamic_range_low,270.9344000322744,1.5906000044196844,2.3036000202409923
