u,v
2167.331562,0.000000
2167.349425,1.000000
2167.392451,2.000000
2167.418555,3.000000
2167.250762,8.000000
2167.102526,13.000000
2167.112425,14.000000
2167.122624,15.000000
2167.122689,17.000000
2167.165747,18.000000
2167.255930,21.000000
2167.224762,22.000000
2167.196517,23.000000
2167.151959,24.000000
2167.089271,25.000000
2167.059199,26.000000
2167.070456,27.000000
2167.077691,28.000000
2167.068865,29.000000
2167.054868,30.000000
2167.045839,31.000000
2167.024961,32.000000
2166.976651,33.000000
2166.911665,34.000000
2166.859962,35.000000
2166.869384,37.000000
2166.886121,38.000000
2166.824296,40.000000
2166.768275,41.000000
2166.715140,42.000000
2166.658029,44.000000
2166.632937,45.000000
2166.574964,47.000000
2166.528603,49.000000
2166.508978,50.000000
2166.499395,51.000000
2166.478347,52.000000
2166.426364,53.000000
2166.435669,54.000000
2166.448538,55.000000
2166.479279,56.000000
2166.518436,57.000000
2166.512202,58.000000
2166.538362,59.000000
2166.526026,60.000000
2166.471278,61.000000
2166.454084,62.000000
2166.323961,64.000000
2166.147474,67.000000
2166.196806,70.000000
2166.183909,71.000000
2166.177692,72.000000
2166.206601,73.000000
2166.257079,74.000000
2166.294503,75.000000
2166.264482,76.000000
2166.161620,77.000000
2166.057778,78.000000
2166.001922,79.000000
2166.008112,80.000000
2166.054841,81.000000
2166.099116,82.000000
2165.954267,88.000000
2165.960990,90.000000
2165.997724,91.000000
2165.965822,93.000000
2165.884162,94.000000
2165.795190,95.000000
2165.734729,96.000000
2165.700311,97.000000
2165.675756,98.000000
2165.653027,99.000000
2165.706887,104.000000
2165.601020,105.000000
2165.493584,106.000000
2165.412042,107.000000
2165.400802,108.000000
2165.440155,109.000000
2165.509182,110.000000
2165.523800,111.000000
2165.557504,112.000000
2165.577479,113.000000
2165.607315,115.000000
2165.614557,116.000000
2165.597010,117.000000
2165.509062,118.000000
2165.378672,119.000000
2165.251167,121.000000
2165.287981,122.000000
2165.361998,123.000000
2165.409685,124.000000
2165.384736,125.000000
2165.315703,126.000000
2165.253664,127.000000
2165.222540,128.000000
2165.220919,129.000000
2165.225629,130.000000
2165.214259,131.000000
2165.191362,132.000000
2165.178077,134.000000
2165.185141,135.000000
2165.173357,136.000000
2165.111840,137.000000
2165.028732,138.000000
2164.966391,139.000000
2164.931843,140.000000
2164.917090,141.000000
2164.914574,142.000000
2164.935157,143.000000
2164.998341,144.000000
2165.084340,145.000000
2165.148497,146.000000
2165.160408,147.000000
2165.142597,148.000000
2165.121216,149.000000
2165.090032,150.000000
2165.016800,151.000000
2164.897635,152.000000
2164.790591,153.000000
2164.793503,154.000000
2164.874411,155.000000
2164.956518,156.000000
2164.999221,157.000000
2164.970712,158.000000
2164.872076,159.000000
2164.763766,160.000000
2164.712085,161.000000
2164.716305,162.000000
2164.742608,163.000000
2164.769246,164.000000
2164.785461,165.000000
2164.797397,166.000000
2164.815810,167.000000
2164.836165,168.000000
2164.830416,169.000000
2164.765798,170.000000
2164.663469,171.000000
2164.575295,172.000000
2164.562101,173.000000
2164.530353,174.000000
2164.507911,175.000000
2164.464274,176.000000
2164.386741,177.000000
2164.305846,178.000000
2164.255417,179.000000
2164.236312,180.000000
2164.233928,181.000000
2164.233301,182.000000
2164.230251,183.000000
2164.223873,184.000000
2164.210653,185.000000
2164.204979,186.000000
2164.223273,187.000000
2164.254757,188.000000
2164.268104,189.000000
2164.237844,190.000000
2164.171488,191.000000
2164.109398,192.000000
2164.077092,193.000000
2164.056196,194.000000
2164.031668,195.000000
2164.006301,196.000000
2163.984374,197.000000
2163.942550,198.000000
2163.865165,199.000000
2163.795844,200.000000
2163.769450,201.000000
2163.787621,202.000000
2163.829175,203.000000
2163.871018,204.000000
2163.889427,205.000000
2163.880260,206.000000
2163.876262,207.000000
2163.899961,208.000000
2163.944891,209.000000
2163.962098,210.000000
2163.929285,211.000000
2163.877553,212.000000
2163.856095,213.000000
2163.892569,214.000000
2163.960152,215.000000
2163.991984,216.000000
2163.927489,217.000000
2163.817290,218.000000
2163.739729,219.000000
2163.725782,220.000000
2163.774933,221.000000
2163.843635,222.000000
2163.862202,223.000000
2163.831514,224.000000
2163.803029,225.000000
2163.788014,226.000000
2163.751739,227.000000
2163.645367,228.000000
2163.548457,229.000000
2163.473977,230.000000
2163.464798,231.000000
2163.483153,232.000000
2163.499604,233.000000
2163.505678,234.000000
2163.494354,235.000000
2163.467063,236.000000
2163.445677,237.000000
2163.430712,238.000000
2163.402386,239.000000
2163.362660,240.000000
2163.350083,241.000000
2163.385965,242.000000
2163.431369,243.000000
2163.423924,244.000000
2163.353827,245.000000
2163.289020,246.000000
2163.274515,247.000000
2163.304932,248.000000
2163.356960,249.000000
2163.388176,250.000000
2163.372265,251.000000
2163.331260,252.000000
2163.306755,253.000000
2163.307517,254.000000
2163.308609,255.000000
2163.301565,256.000000
2163.296594,257.000000
2163.287892,258.000000
2163.245492,259.000000
2163.174170,260.000000
2163.106629,261.000000
2163.066496,262.000000
2163.060058,263.000000
2163.071335,264.000000
2163.072759,265.000000
2163.063106,266.000000
2163.054624,267.000000
2163.039678,268.000000
2162.993839,269.000000
2162.929786,270.000000
2162.885005,271.000000
2162.864267,272.000000
2162.853422,273.000000
2162.829416,274.000000
2162.780456,275.000000
2162.727207,276.000000
2162.675654,278.000000
2162.649161,279.000000
2162.610888,280.000000
2162.595944,281.000000
2162.605071,282.000000
2162.638217,283.000000
2162.675271,284.000000
2162.685404,285.000000
2162.670905,286.000000
2162.660065,287.000000
2162.665343,288.000000
2162.668016,289.000000
2162.634138,290.000000
2162.570622,291.000000
2162.567253,292.000000
2162.538359,293.000000
2162.485103,294.000000
2162.421473,295.000000
2162.393090,296.000000
2162.422002,297.000000
2162.473973,298.000000
2162.507768,299.000000
2162.524779,300.000000
2162.544024,301.000000
2162.536213,302.000000
2162.512277,303.000000
2162.508249,304.000000
2162.508160,305.000000
2162.479172,306.000000
2162.434938,307.000000
2162.414795,308.000000
2162.431260,309.000000
2162.442941,310.000000
2162.416779,311.000000
2162.361764,312.000000
2162.304110,313.000000
2162.261268,314.000000
2162.239922,315.000000
2162.239960,316.000000
2162.250767,317.000000
2162.250203,318.000000
2162.218534,319.000000
2162.164888,320.000000
2162.105258,321.000000
2162.049465,322.000000
2162.003385,323.000000
2161.968452,324.000000
2161.945517,325.000000
2161.937849,326.000000
2161.951028,327.000000
2161.979992,328.000000
2161.999341,329.000000
2161.995058,330.000000
2161.983455,331.000000
2161.988904,332.000000
2162.061092,335.000000
2162.069988,336.000000
2162.055429,337.000000
2162.002028,338.000000
2161.907698,339.000000
2161.830692,340.000000
2161.799480,341.000000
2161.783517,342.000000
2161.764160,343.000000
2161.727400,344.000000
2161.676131,345.000000
2161.649482,346.000000
2161.672454,347.000000
2161.710778,348.000000
2161.720620,349.000000
2161.728694,350.000000
2161.755774,351.000000
2161.771413,352.000000
2161.759581,353.000000
2161.724228,354.000000
2161.688060,355.000000
2161.659526,356.000000
2161.639206,357.000000
2161.642613,358.000000
2161.669347,359.000000
2161.665442,360.000000
2161.618394,361.000000
2161.552289,362.000000
2161.523342,363.000000
2161.436499,364.000000
2161.351159,365.000000
2161.313818,366.000000
2161.351915,367.000000
2161.415583,368.000000
2161.437076,369.000000
2161.375358,370.000000
2161.297860,371.000000
2161.273363,372.000000
2161.303619,374.000000
2161.328070,375.000000
2161.329914,376.000000
2161.303295,377.000000
2161.280171,378.000000
2161.283340,379.000000
2161.315232,380.000000
2161.357281,381.000000
2161.377258,382.000000
2161.357862,383.000000
2161.313830,384.000000
2161.265341,385.000000
2161.214595,386.000000
2161.157270,387.000000
2161.097206,388.000000
2161.042355,389.000000
2161.003082,390.000000
2161.003116,391.000000
2161.049053,392.000000
2161.104460,393.000000
2161.130503,394.000000
2161.088022,396.000000
2161.047820,397.000000
2161.022428,398.000000
2161.002010,399.000000
2160.985183,400.000000
2160.970986,401.000000
2160.938551,402.000000
2160.877096,403.000000
2160.803719,404.000000
2160.751441,405.000000
2160.745531,406.000000
2160.771768,407.000000
2160.789884,408.000000
2160.783257,409.000000
2160.767496,410.000000
2160.762851,411.000000
2160.766194,412.000000
2160.766828,413.000000
2160.778739,414.000000
2160.816571,415.000000
2160.856778,416.000000
2160.868193,417.000000
2160.847881,418.000000
2160.805854,419.000000
2160.741356,420.000000
2160.651665,421.000000
2160.558780,422.000000
2160.570974,423.000000
2160.543030,424.000000
2160.591018,425.000000
2160.625718,426.000000
2160.624979,427.000000
2160.605798,428.000000
2160.592257,429.000000
2160.585770,430.000000
2160.569771,431.000000
2160.584636,432.000000
2160.532152,433.000000
2160.472790,434.000000
2160.395869,435.000000
2160.311173,436.000000
2160.258249,437.000000
2160.243431,438.000000
2160.255020,439.000000
2160.274333,440.000000
2160.294112,442.000000
2160.276693,443.000000
2160.254980,444.000000
2160.248096,445.000000
2160.252278,446.000000
2160.247733,447.000000
2160.227484,448.000000
2160.199447,449.000000
2160.173877,450.000000
2160.157692,451.000000
2160.138691,452.000000
2160.089954,453.000000
2160.035707,454.000000
2159.995965,455.000000
2159.955561,456.000000
2159.904789,457.000000
2159.879111,458.000000
2159.926259,459.000000
2160.004010,460.000000
2160.056086,461.000000
2160.058904,462.000000
2160.032072,463.000000
2159.994977,464.000000
2159.953731,465.000000
2159.924064,466.000000
2159.913798,467.000000
2159.793064,471.000000
2159.603566,473.000000
2159.594680,474.000000
2159.582943,476.000000
2159.586056,478.000000
2159.496155,479.000000
2159.521693,480.000000
2159.615505,482.000000
2159.617113,483.000000
2159.600032,484.000000
2159.608303,485.000000
2159.634721,486.000000
2159.636171,487.000000
2159.589192,488.000000
2159.532671,489.000000
2159.505833,490.000000
2159.512163,491.000000
2159.529108,492.000000
2159.517990,493.000000
2159.458481,494.000000
2159.430495,495.000000
2159.354138,496.000000
2159.303964,497.000000
2159.278961,498.000000
2159.283768,499.000000
2159.325427,500.000000
2159.385498,501.000000
2159.359893,503.000000
2159.286231,504.000000
2159.226386,505.000000
2159.207476,506.000000
2159.290222,508.000000
2159.279738,510.000000
2159.178569,511.000000
2159.125848,512.000000
2159.294221,516.000000
2159.188290,518.000000
2159.117646,519.000000
2159.066237,520.000000
2159.029884,521.000000
2159.003202,522.000000
2158.999358,523.000000
2159.022784,524.000000
2159.064166,525.000000
2159.097677,526.000000
2159.098073,527.000000
2159.078333,528.000000
2159.057988,529.000000
2159.015193,530.000000
2158.932127,531.000000
2158.845937,532.000000
2158.796946,533.000000
2158.781376,534.000000
2158.713611,537.000000
2158.690885,538.000000
2158.680216,539.000000
2158.676094,540.000000
2158.675781,541.000000
2158.675206,542.000000
2158.670242,543.000000
2158.663593,544.000000
2158.658318,545.000000
2158.651538,546.000000
2158.673872,549.000000
2158.712140,550.000000
2158.748615,551.000000
2158.750823,552.000000
2158.699432,553.000000
2158.513009,556.000000
2158.527643,557.000000
2158.506071,558.000000
2158.463515,559.000000
2158.430909,560.000000
2158.420481,561.000000
2158.434998,562.000000
2158.454579,563.000000
2158.445168,564.000000
2158.394446,565.000000
2158.328313,566.000000
2158.290654,567.000000
2158.307948,568.000000
2158.380804,570.000000
2158.373047,571.000000
2158.342202,573.000000
2158.343675,574.000000
2158.259825,576.000000
2158.194545,577.000000
2158.158662,578.000000
2158.137168,579.000000
2158.127419,581.000000
2158.167035,582.000000
2158.215138,583.000000
2158.206540,584.000000
2158.153807,585.000000
2158.110591,586.000000
2158.086365,587.000000
2157.943766,590.000000
2157.831106,591.000000
2157.762431,592.000000
2157.797531,593.000000
2157.887834,594.000000
2157.938774,595.000000
2157.828935,598.000000
2157.824113,600.000000
2157.825152,601.000000
2157.834210,602.000000
2157.843314,603.000000
2157.825688,604.000000
2157.777406,605.000000
2157.734070,606.000000
2157.716688,607.000000
2157.711599,608.000000
2157.705319,609.000000
2157.699159,610.000000
2157.690915,611.000000
2157.673774,612.000000
2157.648322,613.000000
2157.664240,615.000000
2157.703561,616.000000
2157.727644,617.000000
2157.723629,618.000000
2157.677358,621.000000
2157.655326,622.000000
2157.577615,624.000000
2157.542023,625.000000
2157.580475,627.000000
2157.565560,628.000000
2157.613118,629.000000
2157.618360,630.000000
2157.566480,631.000000
2157.541364,632.000000
2157.473820,633.000000
2157.448226,634.000000
2157.454532,635.000000
2157.455117,636.000000
2157.433403,637.000000
2157.390759,639.000000
2157.389837,641.000000
2157.368662,642.000000
2157.310683,643.000000
2157.239281,644.000000
2157.185922,645.000000
2157.169810,646.000000
2157.165854,647.000000
2157.136064,648.000000
2157.071822,650.000000
2157.051405,651.000000
2157.015209,652.000000
2156.979732,653.000000
2156.981872,654.000000
2157.024355,655.000000
2157.064158,656.000000
2157.059173,657.000000
2156.983802,659.000000
2156.958190,660.000000
2156.943478,661.000000
2156.945936,662.000000
2156.981201,663.000000
2157.028947,664.000000
2157.003350,666.000000
2156.982933,667.000000
2156.998104,668.000000
2157.011591,669.000000
2156.996259,670.000000
2156.957017,671.000000
2156.911397,672.000000
2156.881574,673.000000
2156.871375,674.000000
2156.850585,675.000000
2156.796093,676.000000
2156.724180,677.000000
2156.683734,678.000000
2156.697410,679.000000
2156.734335,680.000000
2156.738697,681.000000
2156.704773,682.000000
2156.685884,683.000000
2156.711431,684.000000
2156.759729,685.000000
2156.787785,686.000000
2156.770259,687.000000
2156.701997,688.000000
2156.597225,689.000000
2156.557578,690.000000
2156.502712,691.000000
2156.476648,692.000000
2156.467998,693.000000
2156.449230,694.000000
2156.400308,695.000000
2156.343277,696.000000
2156.318309,697.000000
2156.345479,698.000000
2156.409993,699.000000
2156.438480,700.000000
2156.475988,701.000000
2156.519173,702.000000
2156.459596,703.000000
2156.373663,704.000000
2156.293834,705.000000
2156.253788,706.000000
2156.261115,707.000000
2156.291688,708.000000
2156.318446,709.000000
2156.327942,710.000000
2156.319714,711.000000
2156.309132,712.000000
2156.310573,713.000000
2156.322458,714.000000
2156.326699,715.000000
2156.236285,717.000000
2156.194678,718.000000
2156.200083,719.000000
2156.232724,720.000000
2156.231041,721.000000
2156.185944,722.000000
2156.135163,723.000000
2156.101957,724.000000
2156.084351,725.000000
2156.060560,726.000000
2156.021808,727.000000
2155.997016,728.000000
2156.003273,729.000000
2156.008080,730.000000
2155.980284,731.000000
2155.930754,732.000000
2155.882229,733.000000
2155.834905,734.000000
2155.779989,735.000000
2155.725230,736.000000
2155.691511,737.000000
2155.692376,738.000000
2155.715332,739.000000
2155.728672,740.000000
2155.725433,741.000000
2155.724794,742.000000
2155.741381,743.000000
2155.768003,744.000000
2155.792667,745.000000
2155.811736,746.000000
2155.820995,747.000000
2155.805543,748.000000
2155.745665,749.000000
2155.647147,750.000000
2155.584270,751.000000
2155.500071,752.000000
2155.456766,753.000000
2155.452363,754.000000
2155.477366,755.000000
2155.514956,756.000000
2155.507812,757.000000
2155.540162,758.000000
2155.583424,759.000000
2155.625749,760.000000
2155.642335,761.000000
2155.632657,762.000000
2155.615772,763.000000
2155.598897,764.000000
2155.578431,765.000000
2155.569707,766.000000
2155.571281,767.000000
2155.553592,768.000000
2155.469470,769.000000
2155.377657,770.000000
2155.304382,771.000000
2155.267849,772.000000
2155.263676,773.000000
2155.269632,774.000000
2155.281956,775.000000
2155.309303,776.000000
2155.336301,777.000000
2155.332712,778.000000
2155.215981,780.000000
2155.121609,782.000000
2155.074706,786.000000
2155.065190,794.000000
2155.082250,795.000000
2155.000546,797.000000
2154.763787,801.000000
2154.793258,803.000000
2154.774933,804.000000
2154.752755,806.000000
2154.774520,807.000000
2154.793110,808.000000
2154.763636,811.000000
2154.742137,813.000000
2154.735384,814.000000
2154.657721,816.000000
2154.615372,817.000000
2154.574426,819.000000
2154.601019,820.000000
2154.645464,821.000000
2154.693997,822.000000
2154.748877,823.000000
2154.801236,824.000000
2154.817628,825.000000
2154.781061,826.000000
2154.699903,827.000000
2154.590685,829.000000
2154.498479,830.000000
2154.444581,831.000000
2154.365053,833.000000
2154.327939,834.000000
2154.308501,835.000000
2154.256580,838.000000
2154.197081,839.000000
2154.160091,840.000000
2154.142698,841.000000
2154.119466,842.000000
2154.102854,843.000000
2154.090582,844.000000
2154.066873,845.000000
2154.038767,846.000000
2154.030724,847.000000
2154.045728,848.000000
2154.073918,851.000000
2154.096511,852.000000
2154.121615,853.000000
2154.104418,855.000000
2154.087449,856.000000
2154.097312,857.000000
2154.113882,858.000000
2154.112442,859.000000
2154.092543,860.000000
2154.029084,862.000000
2154.008334,863.000000
2153.969021,865.000000
2153.934888,866.000000
2153.892458,867.000000
2153.738702,869.000000
2153.678710,870.000000
2153.706213,872.000000
2153.710706,873.000000
2153.552782,879.000000
2153.537967,881.000000
2153.521935,883.000000
2153.500394,885.000000
2153.482953,887.000000
2153.319595,892.000000
2153.341453,893.000000
2153.376423,895.000000
2153.338899,896.000000
2153.283277,897.000000
2153.230414,898.000000
2153.140576,900.000000
2153.112164,901.000000
2153.101647,902.000000
2153.100817,903.000000
2153.095517,904.000000
2153.081714,905.000000
2153.070272,906.000000
2153.071268,907.000000
2153.083207,909.000000
2153.079675,910.000000
2153.085692,911.000000
2153.096512,912.000000
2153.084767,913.000000
2153.046666,914.000000
2153.001161,915.000000
2152.955958,916.000000
2152.914127,917.000000
2152.884229,918.000000
2152.861509,919.000000
2152.830512,920.000000
2152.777618,921.000000
2152.713578,922.000000
2152.709869,924.000000
2152.753663,925.000000
2152.768532,926.000000
2152.744723,927.000000
2152.708423,928.000000
2152.683889,929.000000
2152.669349,930.000000
2152.646191,931.000000
2152.622458,932.000000
2152.612659,933.000000
2152.611821,934.000000
2152.603871,935.000000
2152.588680,936.000000
2152.572810,937.000000
2152.552567,938.000000
2152.522052,939.000000
2152.550002,940.000000
2152.560637,941.000000
2152.548204,942.000000
2152.580384,943.000000
2152.581540,944.000000
2152.548038,945.000000
2152.486183,946.000000
2152.457818,947.000000
2152.369306,948.000000
2152.283813,949.000000
2120.055994,953.000000
2120.015902,954.000000
2119.881690,955.000000
2119.714614,956.000000
2119.639794,957.000000
2119.695603,958.000000
2119.741186,959.000000
2119.712702,960.000000
2119.622913,961.000000
2119.549784,962.000000
2119.558932,963.000000
2119.586718,964.000000
2119.533634,965.000000
2119.455091,966.000000
2119.453434,967.000000
2119.471881,968.000000
2119.467284,969.000000
2119.498804,970.000000
2119.435348,971.000000
2119.417185,972.000000
2119.440782,973.000000
2119.405136,974.000000
2119.323549,975.000000
2119.252780,976.000000
2119.221419,977.000000
2119.243946,978.000000
2119.297044,979.000000
2119.348420,980.000000
2119.376217,981.000000
2119.348678,982.000000
2119.281613,983.000000
2119.248154,984.000000
2119.240900,985.000000
2119.225129,986.000000
2119.191823,987.000000
2119.167463,988.000000
2119.156943,989.000000
2119.137506,990.000000
2119.114064,991.000000
2119.118086,992.000000
2119.130500,993.000000
2119.114357,994.000000
2119.105453,995.000000
2119.151856,996.000000
2119.216248,997.000000
2119.252802,998.000000
2119.232105,999.000000
2119.168178,1000.000000
2119.098049,1001.000000
2119.046344,1002.000000
2118.999364,1003.000000
2118.948443,1004.000000
2118.896128,1005.000000
2118.874257,1006.000000
2118.889052,1007.000000
2118.935141,1008.000000
2119.013785,1009.000000
2119.112768,1010.000000
2119.185883,1011.000000
2119.140798,1012.000000
2119.028769,1013.000000
2118.947455,1014.000000
2118.906456,1015.000000
2118.881341,1016.000000
2118.841202,1017.000000
2118.778671,1018.000000
2118.698295,1019.000000
2118.596993,1020.000000
2118.484084,1021.000000
2118.476200,1022.000000
2118.458149,1023.000000
2118.447069,1024.000000
2118.491319,1025.000000
2118.557288,1026.000000
2118.623040,1027.000000
2118.617993,1028.000000
2118.587001,1029.000000
2118.577313,1030.000000
2118.605858,1031.000000
2118.646665,1032.000000
2118.647248,1033.000000
2118.561338,1034.000000
2118.488086,1035.000000
2118.430882,1036.000000
2118.490126,1037.000000
2118.534851,1038.000000
2118.575252,1039.000000
2118.563088,1040.000000
2118.525283,1041.000000
2118.562720,1042.000000
2118.638689,1043.000000
2118.669918,1044.000000
2118.587688,1045.000000
2118.426546,1046.000000
2118.304686,1047.000000
2118.309833,1048.000000
2118.382364,1049.000000
2118.580948,1050.000000
2118.842059,1051.000000
2119.140345,1052.000000
2119.497885,1053.000000
2119.677419,1054.000000
2119.713258,1055.000000
2119.719281,1056.000000
2119.736648,1057.000000
2119.752849,1058.000000
2119.753070,1059.000000
2119.749947,1060.000000
2119.749612,1061.000000
2119.745521,1062.000000
2119.738825,1063.000000
2119.713398,1064.000000
2119.653005,1065.000000
2119.589683,1066.000000
2119.557296,1067.000000
2119.553307,1068.000000
2119.537141,1069.000000
2119.496104,1070.000000
2119.452844,1071.000000
2119.473922,1072.000000
2119.416035,1073.000000
2119.370328,1074.000000
2119.363744,1075.000000
2119.385813,1076.000000
2119.407061,1077.000000
2119.414337,1078.000000
2119.407383,1079.000000
2119.402481,1080.000000
2119.388000,1081.000000
2119.360634,1082.000000
2119.331555,1083.000000
2119.304419,1084.000000
2119.278656,1085.000000
2119.242550,1086.000000
2119.202293,1087.000000
2119.179524,1088.000000
2119.183772,1089.000000
2119.207245,1090.000000
2119.230912,1091.000000
2119.235152,1092.000000
2119.218748,1093.000000
2119.198725,1094.000000
2119.183817,1095.000000
2119.162374,1096.000000
2119.125169,1097.000000
2119.084705,1098.000000
2119.053323,1099.000000
2119.029178,1100.000000
2119.008943,1101.000000
2118.996603,1102.000000
2118.997688,1103.000000
2119.002680,1104.000000
2119.006866,1105.000000
2119.014843,1106.000000
2119.023685,1107.000000
2119.020673,1108.000000
2118.999472,1109.000000
2118.977003,1110.000000
2118.970151,1111.000000
2118.954144,1112.000000
2118.897567,1113.000000
2118.833048,1114.000000
2118.794515,1115.000000
2118.772250,1116.000000
2118.741855,1117.000000
2118.696298,1118.000000
2118.644318,1119.000000
2118.598207,1120.000000
2118.588857,1121.000000
2118.617262,1122.000000
2118.652070,1123.000000
2118.671989,1124.000000
2118.678904,1125.000000
2118.686576,1126.000000
2118.708256,1127.000000
2118.732137,1128.000000
2118.725902,1129.000000
2118.693703,1130.000000
2118.653349,1131.000000
2118.609906,1132.000000
2118.581824,1133.000000
2118.565456,1134.000000
2118.497301,1135.000000
2118.410570,1136.000000
2118.440484,1137.000000
2118.404768,1138.000000
2118.359683,1139.000000
2118.302467,1140.000000
2118.267847,1141.000000
2118.265636,1142.000000
2118.285339,1143.000000
2118.307464,1144.000000
2118.308934,1145.000000
2118.285529,1146.000000
2118.271565,1147.000000
2118.287530,1148.000000
2118.308132,1149.000000
2118.308209,1150.000000
2118.300933,1151.000000
2118.309821,1152.000000
2118.331181,1153.000000
2118.345392,1154.000000
2118.320894,1155.000000
2118.247612,1156.000000
2118.164134,1157.000000
2118.083549,1158.000000
2118.019529,1159.000000
2117.994603,1160.000000
2118.019842,1161.000000
2118.063271,1162.000000
2118.082687,1163.000000
2118.054830,1164.000000
2117.993454,1165.000000
2117.951654,1166.000000
2117.963717,1167.000000
2117.999968,1168.000000
2118.021195,1169.000000
2118.010865,1170.000000
2117.965779,1171.000000
2117.898722,1172.000000
2117.827062,1173.000000
2117.763943,1174.000000
2117.734646,1175.000000
2117.737866,1176.000000
2117.743612,1177.000000
2117.746144,1178.000000
2117.750337,1179.000000
2117.767589,1180.000000
2117.781481,1181.000000
2117.760961,1182.000000
2117.709667,1183.000000
2117.657189,1184.000000
2117.624553,1185.000000
2117.602234,1186.000000
2117.565904,1187.000000
2117.496654,1188.000000
2117.506511,1189.000000
2117.468957,1190.000000
2117.475715,1191.000000
2117.520868,1192.000000
2117.482970,1193.000000
2117.491845,1194.000000
2117.479717,1195.000000
2117.463792,1196.000000
2117.505380,1197.000000
2117.431100,1198.000000
2117.357124,1199.000000
2117.296844,1200.000000
2117.246534,1201.000000
2117.218205,1202.000000
2117.234020,1203.000000
2117.265287,1204.000000
2117.270210,1205.000000
2117.240483,1206.000000
2117.175963,1207.000000
2117.095569,1208.000000
2117.027490,1209.000000
2116.982679,1210.000000
2116.953131,1211.000000
2116.948448,1212.000000
2116.992296,1213.000000
2117.070054,1214.000000
2117.134092,1215.000000
2117.162121,1216.000000
2117.164886,1217.000000
2117.150983,1218.000000
2117.101472,1219.000000
2117.032237,1220.000000
2116.976035,1221.000000
2116.931309,1222.000000
2116.898646,1223.000000
2116.889589,1224.000000
2116.915562,1225.000000
2116.955527,1226.000000
2116.990830,1227.000000
2117.014486,1228.000000
2117.012885,1229.000000
2116.970940,1230.000000
2116.896439,1231.000000
2116.819335,1232.000000
2116.764582,1233.000000
2116.749885,1234.000000
2116.776935,1235.000000
2116.817828,1236.000000
2116.844883,1237.000000
2116.858559,1238.000000
2116.868413,1239.000000
2116.870824,1240.000000
2116.837696,1241.000000
2116.777699,1242.000000
2116.730104,1243.000000
2116.714343,1244.000000
2116.724043,1245.000000
2116.737049,1246.000000
2116.724181,1247.000000
2116.676309,1248.000000
2116.615576,1249.000000
2116.577628,1250.000000
2116.564661,1251.000000
2116.546747,1252.000000
2116.511499,1253.000000
2116.481431,1254.000000
2116.490710,1255.000000
2116.525584,1256.000000
2116.527387,1257.000000
2116.506950,1258.000000
2116.420521,1259.000000
2116.390735,1260.000000
2116.426953,1261.000000
2116.485462,1262.000000
2116.451138,1263.000000
2116.454795,1264.000000
2116.511987,1265.000000
2116.465007,1266.000000
2116.409328,1267.000000
2116.359163,1268.000000
2116.312984,1269.000000
2116.269894,1270.000000
2116.240941,1271.000000
2116.232117,1272.000000
2116.229324,1273.000000
2116.224995,1274.000000
2116.229501,1275.000000
2116.246235,1276.000000
2116.259624,1277.000000
2116.224054,1278.000000
2116.179870,1279.000000
2116.163197,1280.000000
2116.151836,1281.000000
2116.131219,1282.000000
2116.115335,1283.000000
2116.115439,1284.000000
2116.125844,1285.000000
2116.126475,1286.000000
2116.100798,1287.000000
2116.047040,1288.000000
2115.978165,1289.000000
2115.930283,1290.000000
2115.921340,1291.000000
2115.936076,1292.000000
2115.953911,1293.000000
2115.951610,1294.000000
2115.924653,1295.000000
2115.899144,1296.000000
2115.885434,1297.000000
2115.869061,1298.000000
2115.835982,1299.000000
2115.790491,1300.000000
2115.752952,1301.000000
2115.734903,1302.000000
2115.725576,1303.000000
2115.720086,1304.000000
2115.738071,1305.000000
2115.772130,1306.000000
2115.795375,1307.000000
2115.805973,1308.000000
2115.809537,1309.000000
2115.811724,1310.000000
2115.810148,1311.000000
2115.794601,1312.000000
2115.757322,1313.000000
2115.701796,1314.000000
2115.652277,1315.000000
2115.648902,1316.000000
2115.682426,1317.000000
2115.714825,1318.000000
2115.718186,1319.000000
2115.700903,1320.000000
2115.682886,1321.000000
2115.658172,1322.000000
2115.615983,1323.000000
2115.570831,1324.000000
2115.540152,1325.000000
2115.516191,1326.000000
2115.484821,1327.000000
2115.455080,1328.000000
2115.448096,1329.000000
2115.454669,1330.000000
2115.444756,1331.000000
2115.487371,1332.000000
2115.458419,1333.000000
2115.442982,1334.000000
2115.433582,1335.000000
2115.420115,1336.000000
2115.401520,1337.000000
2115.376244,1338.000000
2115.335645,1339.000000
2115.287014,1340.000000
2115.244665,1341.000000
2115.225745,1342.000000
2115.237696,1343.000000
2115.262180,1344.000000
2115.289880,1345.000000
2115.304244,1346.000000
2115.284492,1347.000000
2115.239145,1348.000000
2115.187623,1349.000000
2115.139838,1350.000000
2115.105871,1351.000000
2115.093382,1352.000000
2115.088696,1353.000000
2115.075491,1354.000000
2115.061337,1355.000000
2115.067800,1356.000000
2115.101901,1357.000000
2115.135236,1358.000000
2115.135117,1359.000000
2115.104606,1360.000000
2115.054084,1361.000000
2114.997030,1362.000000
2114.954032,1363.000000
2114.939115,1364.000000
2114.947992,1365.000000
2114.969325,1366.000000
2114.988810,1367.000000
2114.992766,1368.000000
2114.977169,1369.000000
2114.949968,1370.000000
2114.922359,1371.000000
2114.903833,1372.000000
2114.907607,1373.000000
2114.930982,1374.000000
2114.945752,1375.000000
2114.935173,1376.000000
2114.897389,1377.000000
2114.839500,1378.000000
2114.803791,1379.000000
2114.817123,1380.000000
2114.858280,1381.000000
2114.898984,1382.000000
2114.909055,1383.000000
2114.871493,1384.000000
2114.804017,1385.000000
2114.753694,1386.000000
2114.740174,1387.000000
2114.726942,1388.000000
2114.683716,1389.000000
2114.624509,1390.000000
2114.577543,1391.000000
2114.567211,1392.000000
2114.612733,1393.000000
2114.659588,1394.000000
2114.684661,1395.000000
2114.699556,1396.000000
2114.708410,1397.000000
2114.702462,1398.000000
2114.664136,1399.000000
2114.609816,1400.000000
2114.568525,1401.000000
2114.552147,1402.000000
2114.566897,1403.000000
2114.616626,1404.000000
2114.642143,1405.000000
2114.597644,1406.000000
2114.483426,1407.000000
2114.455771,1408.000000
2114.412773,1409.000000
2114.405675,1410.000000
2114.417747,1411.000000
2114.433707,1412.000000
2114.435323,1413.000000
2114.428649,1414.000000
2114.423111,1415.000000
2114.414970,1416.000000
2114.402341,1417.000000
2114.403105,1418.000000
2114.433712,1419.000000
2114.432481,1420.000000
2114.292127,1421.000000
2114.164021,1422.000000
2114.804520,1423.000000
2113.828254,1452.000000
2113.720268,1464.000000
2113.196119,1500.000000
2112.304462,1573.000000
2111.932451,1628.000000
2111.886590,1629.000000
2111.754905,1630.000000
2111.644175,1631.000000
2111.636950,1632.000000
2111.627993,1633.000000
2111.604837,1634.000000
2111.582629,1635.000000
2111.593241,1636.000000
2111.632202,1637.000000
2111.644887,1638.000000
2111.612184,1639.000000
2111.573053,1640.000000
2111.564882,1641.000000
2111.580233,1642.000000
2111.593652,1643.000000
2111.599076,1644.000000
2111.591060,1645.000000
2111.556881,1646.000000
2111.519209,1647.000000
2111.495316,1648.000000
2111.477604,1649.000000
2111.534360,1650.000000
2111.517754,1651.000000
2111.509171,1652.000000
2111.509903,1653.000000
2111.514378,1654.000000
2111.512465,1655.000000
2111.516982,1656.000000
2111.515916,1657.000000
2111.501774,1658.000000
2111.493143,1659.000000
2111.457949,1660.000000
2111.396090,1661.000000
2111.342664,1662.000000
2111.310907,1663.000000
2111.291847,1664.000000
2111.285637,1665.000000
2111.284611,1666.000000
2111.274343,1667.000000
2111.257803,1668.000000
2111.240770,1669.000000
2111.229127,1670.000000
2111.233653,1671.000000
2111.252554,1672.000000
2111.273124,1673.000000
2111.286544,1674.000000
2111.287685,1675.000000
2111.273053,1676.000000
2111.247684,1677.000000
2111.217846,1678.000000
2111.193254,1679.000000
2111.181935,1680.000000
2111.163041,1681.000000
2111.115433,1682.000000
2111.047729,1683.000000
2111.003540,1684.000000
2111.025767,1685.000000
2111.091859,1686.000000
2111.152153,1687.000000
2111.179434,1688.000000
2111.183628,1689.000000
2111.179940,1690.000000
2111.139166,1691.000000
2111.075104,1692.000000
2111.007981,1693.000000
2110.939434,1694.000000
2110.878914,1695.000000
2110.838434,1696.000000
2110.821754,1697.000000
2110.835671,1698.000000
2110.866833,1699.000000
2110.864777,1700.000000
2110.822791,1701.000000
2110.786239,1702.000000
2110.787440,1703.000000
2110.819806,1704.000000
2110.839510,1705.000000
2110.822224,1706.000000
2110.772366,1707.000000
2110.723448,1708.000000
2110.714578,1709.000000
2110.741865,1710.000000
2110.773908,1711.000000
2110.786104,1712.000000
2110.775689,1713.000000
2110.749787,1714.000000
2110.719124,1715.000000
2110.699209,1716.000000
2110.693814,1717.000000
2110.693585,1718.000000
2110.702202,1719.000000
2110.733084,1720.000000
2110.789276,1721.000000
2110.821289,1722.000000
2110.780270,1723.000000
2110.687791,1724.000000
2110.593964,1725.000000
2110.545446,1726.000000
2110.537040,1727.000000
2110.552785,1728.000000
2110.570243,1729.000000
2110.560639,1730.000000
2110.513602,1731.000000
2110.461252,1732.000000
2110.545548,1733.000000
2110.507942,1734.000000
2110.582171,1735.000000
2110.630861,1736.000000
2110.618235,1737.000000
2110.559603,1738.000000
2110.459361,1739.000000
2110.401894,1740.000000
2110.299202,1741.000000
2110.268426,1742.000000
2110.311376,1743.000000
2110.363957,1744.000000
2110.376652,1745.000000
2110.355704,1746.000000
2110.321410,1747.000000
2110.275504,1748.000000
2110.218459,1749.000000
2110.160518,1750.000000
2110.123892,1751.000000
2110.128638,1752.000000
2110.162118,1753.000000
2110.197725,1754.000000
2110.225165,1755.000000
2110.229480,1756.000000
2110.194450,1757.000000
2110.138326,1758.000000
2110.097187,1759.000000
2110.089458,1760.000000
2110.101951,1761.000000
2110.107828,1762.000000
2110.084110,1763.000000
2110.037529,1764.000000
2109.996322,1765.000000
2109.962074,1766.000000
2109.926455,1767.000000
2109.901109,1768.000000
2109.910637,1769.000000
2109.955122,1770.000000
2109.977672,1771.000000
2109.957236,1772.000000
2109.921022,1773.000000
2109.882885,1774.000000
2109.852842,1775.000000
2109.840097,1776.000000
2109.838179,1777.000000
2109.823582,1778.000000
2109.802554,1779.000000
2109.810014,1780.000000
2109.840768,1781.000000
2109.848088,1782.000000
2109.802245,1783.000000
2109.730454,1784.000000
2109.668937,1785.000000
2109.646650,1786.000000
2109.658045,1787.000000
2109.679869,1788.000000
2109.714985,1789.000000
2109.756151,1790.000000
2109.770775,1791.000000
2109.737638,1792.000000
2109.672292,1793.000000
2109.596337,1794.000000
2109.544120,1795.000000
2109.534872,1796.000000
2109.538813,1797.000000
2109.531280,1798.000000
2109.512095,1799.000000
2109.480460,1800.000000
2109.503578,1801.000000
2109.437630,1802.000000
2109.397050,1803.000000
2109.393070,1804.000000
2109.413585,1805.000000
2109.448403,1806.000000
2109.467496,1807.000000
2109.457589,1808.000000
2109.452708,1809.000000
2109.475150,1810.000000
2109.523418,1811.000000
2109.492864,1812.000000
2109.501175,1813.000000
2109.456908,1814.000000
2109.491584,1815.000000
2109.468867,1816.000000
2109.448362,1817.000000
2109.390502,1818.000000
2109.291847,1819.000000
2109.227688,1820.000000
2109.218254,1821.000000
2109.240042,1822.000000
2109.261775,1823.000000
2109.269012,1824.000000
2109.260963,1825.000000
2109.235856,1826.000000
2109.183109,1827.000000
2109.129694,1828.000000
2109.119346,1829.000000
2109.142923,1830.000000
2109.163985,1831.000000
2109.137258,1832.000000
2109.069402,1833.000000
2109.042556,1834.000000
2109.046000,1835.000000
2108.880532,1840.000000
2107.963072,1943.000000
2107.595077,1948.000000
2042.021015,1961.000000
2042.072120,1962.000000
2042.095820,1963.000000
2042.110918,1964.000000
2042.123563,1965.000000
2042.119513,1966.000000
2042.096517,1967.000000
2042.062141,1968.000000
2042.025647,1969.000000
2042.004975,1970.000000
2042.006906,1971.000000
2042.013959,1972.000000
2042.009795,1973.000000
2041.998672,1974.000000
2041.983311,1975.000000
2041.946116,1976.000000
2041.882019,1977.000000
2041.842138,1978.000000
2041.866940,1979.000000
2041.926780,1980.000000
2041.971553,1981.000000
2041.967403,1982.000000
2041.913998,1983.000000
2041.841213,1984.000000
2041.781734,1985.000000
2041.749213,1986.000000
2041.748055,1987.000000
2041.766718,1988.000000
2041.781705,1989.000000
2041.782103,1990.000000
2041.779848,1991.000000
2041.785203,1992.000000
2041.786211,1993.000000
2041.778308,1994.000000
2041.771866,1995.000000
2041.760710,1996.000000
2041.728271,1997.000000
2041.684771,1998.000000
2041.646102,1999.000000
2041.615142,2000.000000
2041.598318,2001.000000
2041.591313,2002.000000
2041.588642,2003.000000
2041.585520,2004.000000
2041.569190,2005.000000
2041.545867,2006.000000
2041.531692,2007.000000
2041.522076,2008.000000
2041.509036,2009.000000
2041.555062,2010.000000
2041.558200,2011.000000
2041.577789,2012.000000
2041.587400,2013.000000
2041.577235,2014.000000
2041.560721,2015.000000
2041.564834,2016.000000
2041.516826,2017.000000
2041.515719,2018.000000
2041.493109,2019.000000
2041.538593,2020.000000
2041.509475,2021.000000
2041.495105,2022.000000
2041.503164,2023.000000
2041.517780,2024.000000
2041.498720,2025.000000
2041.435116,2026.000000
2041.358278,2027.000000
2041.306044,2028.000000
2041.295917,2029.000000
2041.312072,2030.000000
2041.333180,2031.000000
2041.358208,2032.000000
2041.388566,2033.000000
2041.407233,2034.000000
2041.377451,2035.000000
2041.305646,2036.000000
2041.238645,2037.000000
2041.200067,2038.000000
2041.199354,2039.000000
2041.225899,2040.000000
2041.248170,2041.000000
2041.241220,2042.000000
2041.207145,2043.000000
2041.171213,2044.000000
2041.155774,2045.000000
2041.153970,2046.000000
2041.148271,2047.000000
2041.128096,2048.000000
2041.114370,2049.000000
2041.140346,2050.000000
2041.202891,2051.000000
2041.275301,2052.000000
2041.248526,2053.000000
2041.043564,2054.000000
2106.906582,2058.000000
2106.843375,2059.000000
2106.686339,2060.000000
2106.554867,2061.000000
2106.522093,2062.000000
2106.538712,2063.000000
2106.575664,2064.000000
2106.616331,2065.000000
2106.614169,2066.000000
2106.559901,2067.000000
2106.510786,2068.000000
2106.460267,2069.000000
2106.451752,2070.000000
2106.407901,2071.000000
2106.398974,2072.000000
2106.401603,2073.000000
2106.428347,2074.000000
2106.470354,2075.000000
2106.453015,2076.000000
2106.402862,2077.000000
2106.377993,2078.000000
2106.381479,2079.000000
2106.377139,2080.000000
2106.352285,2081.000000
2106.333404,2082.000000
2106.340379,2083.000000
2106.361985,2084.000000
2106.379746,2085.000000
2106.384536,2086.000000
2106.379123,2087.000000
2106.356693,2088.000000
2106.305187,2089.000000
2106.242408,2090.000000
2106.198467,2091.000000
2106.178165,2092.000000
2106.163339,2093.000000
2106.157494,2094.000000
2106.178026,2095.000000
2106.213994,2096.000000
2106.236466,2097.000000
2106.231260,2098.000000
2106.206708,2099.000000
2106.169649,2100.000000
2106.127561,2101.000000
2106.118615,2102.000000
2106.157323,2103.000000
2106.188101,2104.000000
2106.177010,2105.000000
2106.127706,2106.000000
2106.062785,2107.000000
2105.998225,2108.000000
2105.940531,2109.000000
2105.929697,2110.000000
2105.961021,2111.000000
2105.998325,2112.000000
2106.034049,2113.000000
2106.079619,2114.000000
2106.128623,2115.000000
2106.141524,2116.000000
2106.099687,2117.000000
2106.033040,2118.000000
2105.977941,2119.000000
2105.952862,2120.000000
2105.940328,2121.000000
2105.926355,2122.000000
2105.904380,2123.000000
2105.870602,2124.000000
2105.831417,2125.000000
2105.827113,2126.000000
2105.861487,2127.000000
2105.872354,2128.000000
2105.869962,2129.000000
2105.868840,2130.000000
2105.860742,2131.000000
2105.829624,2132.000000
2105.794822,2133.000000
2105.793811,2134.000000
2105.822183,2135.000000
2105.840954,2136.000000
2105.830039,2137.000000
2105.797201,2138.000000
2105.774285,2139.000000
2105.769429,2140.000000
2105.759096,2141.000000
2105.740050,2142.000000
2105.716824,2143.000000
2105.686802,2144.000000
2105.662399,2145.000000
2105.629239,2146.000000
2105.566353,2147.000000
2105.580583,2148.000000
2105.531326,2149.000000
2105.512272,2150.000000
2105.529686,2151.000000
2105.523504,2152.000000
2105.612877,2153.000000
2105.665902,2154.000000
2105.645379,2155.000000
2105.593841,2156.000000
2105.553258,2157.000000
2105.530144,2158.000000
2105.510236,2159.000000
2105.484437,2160.000000
2105.524611,2161.000000
2105.468823,2162.000000
2105.421347,2163.000000
2105.392574,2164.000000
2105.388221,2165.000000
2105.395983,2166.000000
2105.403267,2167.000000
2105.432987,2168.000000
2105.497647,2169.000000
2105.494899,2170.000000
2105.542544,2171.000000
2105.538800,2172.000000
2105.467175,2173.000000
2105.421278,2174.000000
2105.337136,2175.000000
2105.315649,2176.000000
2105.346258,2177.000000
2105.381052,2178.000000
2105.394095,2179.000000
2105.385526,2180.000000
2105.338358,2181.000000
2105.281419,2182.000000
2105.259145,2183.000000
2105.279128,2184.000000
2105.303878,2185.000000
2105.288291,2186.000000
2105.232781,2187.000000
2105.175569,2188.000000
2105.136664,2189.000000
2105.119842,2190.000000
2105.127534,2191.000000
2105.148735,2192.000000
2105.157722,2193.000000
2105.149442,2194.000000
2105.138556,2195.000000
2105.134639,2196.000000
2105.139636,2197.000000
2105.158138,2198.000000
2105.189250,2199.000000
2105.205665,2200.000000
2105.189457,2201.000000
2105.150369,2202.000000
2105.125236,2203.000000
2105.151348,2204.000000
2105.191226,2205.000000
2105.181110,2206.000000
2105.125016,2207.000000
2105.056453,2208.000000
2105.004980,2209.000000
2104.975735,2210.000000
2104.955507,2211.000000
2104.938109,2212.000000
2104.920442,2213.000000
2104.900727,2214.000000
2104.886041,2215.000000
2104.892523,2216.000000
2104.924614,2217.000000
2104.961063,2218.000000
2104.976848,2219.000000
2104.969878,2220.000000
2104.959157,2221.000000
2104.947226,2222.000000
2104.905429,2223.000000
2104.825318,2224.000000
2104.739494,2225.000000
2104.679613,2226.000000
2104.668215,2227.000000
2104.714667,2228.000000
2104.756787,2229.000000
2104.784470,2230.000000
2104.813118,2231.000000
2104.840054,2232.000000
2104.855468,2233.000000
2104.849364,2234.000000
2104.811444,2235.000000
2104.736869,2236.000000
2104.648915,2237.000000
2104.611871,2238.000000
2104.639497,2239.000000
2104.654559,2240.000000
2104.623399,2241.000000
2104.552416,2242.000000
2104.473338,2243.000000
2104.506761,2244.000000
2104.519750,2245.000000
2104.629825,2246.000000
2104.894627,2247.000000
2104.952927,2248.000000
2103.237180,2350.000000
2103.296604,2362.000000
2103.240441,2365.000000
2103.014681,2382.000000
2102.670507,2444.000000
2102.113872,2454.000000
2102.248603,2455.000000
2102.417832,2456.000000
2102.506319,2457.000000
2102.542517,2458.000000
2102.466821,2459.000000
2102.526743,2460.000000
2102.482047,2461.000000
2102.443377,2462.000000
2102.449776,2463.000000
2102.484585,2464.000000
2102.519378,2465.000000
2102.537143,2466.000000
2102.483347,2467.000000
2102.545797,2468.000000
2102.516108,2469.000000
2102.461234,2470.000000
2102.392858,2471.000000
2102.346892,2472.000000
2102.339382,2473.000000
2102.341870,2474.000000
2102.330586,2475.000000
2102.305145,2476.000000
2102.279872,2477.000000
2102.265509,2478.000000
2102.258113,2479.000000
2102.252979,2480.000000
2102.268496,2481.000000
2102.315312,2482.000000
2102.366987,2483.000000
2102.403986,2484.000000
2102.354140,2485.000000
2102.236379,2486.000000
2102.154567,2487.000000
2102.133240,2488.000000
2102.135099,2489.000000
2102.130288,2490.000000
2102.130684,2491.000000
2102.144588,2492.000000
2102.146863,2493.000000
2102.125059,2494.000000
2102.093307,2495.000000
2102.063763,2496.000000
2102.042910,2497.000000
2102.027295,2498.000000
2102.012830,2499.000000
2101.999543,2500.000000
2101.988239,2501.000000
2101.982737,2502.000000
2101.986767,2503.000000
2102.000646,2504.000000
2102.016588,2505.000000
2102.016765,2506.000000
2101.999861,2507.000000
2101.993101,2508.000000
2102.011333,2509.000000
2102.047116,2510.000000
2102.079111,2511.000000
2102.091578,2512.000000
2102.084550,2513.000000
2102.052145,2514.000000
2101.996655,2515.000000
2101.937363,2516.000000
2101.905219,2517.000000
2101.908758,2518.000000
2101.931600,2519.000000
2101.958682,2520.000000
2101.991499,2521.000000
2102.032487,2522.000000
2102.053429,2523.000000
2102.027293,2524.000000
2101.960228,2525.000000
2101.878766,2526.000000
2101.813350,2527.000000
2101.788654,2528.000000
2101.808531,2529.000000
2101.839080,2530.000000
2101.848837,2531.000000
2101.854205,2532.000000
2101.877557,2533.000000
2101.891583,2534.000000
2101.869796,2535.000000
2101.822947,2536.000000
2101.773281,2537.000000
2101.739359,2538.000000
2101.715838,2539.000000
2101.693388,2540.000000
2101.697400,2541.000000
2101.748008,2542.000000
2101.801403,2543.000000
2101.823081,2544.000000
2101.822669,2545.000000
2101.821538,2546.000000
2101.831980,2547.000000
2101.849555,2548.000000
2101.858283,2549.000000
2101.850574,2550.000000
2101.826724,2551.000000
2101.801269,2552.000000
2101.803990,2553.000000
2101.820621,2554.000000
2101.802987,2555.000000
2101.740526,2556.000000
2101.659407,2557.000000
2101.600598,2558.000000
2101.588929,2559.000000
2101.618977,2560.000000
2101.676464,2561.000000
2101.725952,2562.000000
2101.732190,2563.000000
2101.705889,2564.000000
2101.663728,2565.000000
2101.623009,2566.000000
2101.597178,2567.000000
2101.580908,2568.000000
2101.553058,2569.000000
2101.561102,2570.000000
2101.539184,2571.000000
2101.564956,2572.000000
2101.510332,2573.000000
2101.495691,2574.000000
2101.538159,2575.000000
2101.534711,2576.000000
2101.498670,2577.000000
2101.549172,2578.000000
2101.527984,2579.000000
2101.476941,2580.000000
2101.375848,2581.000000
2101.312821,2582.000000
2101.283396,2583.000000
2101.266859,2584.000000
2101.274495,2585.000000
2101.322177,2586.000000
2101.370507,2587.000000
2101.414735,2588.000000
2101.450044,2589.000000
2101.462676,2590.000000
2101.460014,2591.000000
2101.458376,2592.000000
2101.443881,2593.000000
2101.377846,2594.000000
2101.298989,2595.000000
2101.256806,2596.000000
2101.250272,2597.000000
2101.273950,2598.000000
2101.316869,2599.000000
2101.354219,2600.000000
2101.378502,2601.000000
2101.399010,2602.000000
2101.414189,2603.000000
2101.416198,2604.000000
2101.393283,2605.000000
2101.339531,2606.000000
2101.283298,2607.000000
2101.258648,2608.000000
2101.256333,2609.000000
2101.260573,2610.000000
2101.285495,2611.000000
2101.323311,2612.000000
2101.327966,2613.000000
2101.288608,2614.000000
2101.229451,2615.000000
2101.181317,2616.000000
2101.156880,2617.000000
2101.159758,2618.000000
2101.181390,2619.000000
2101.202987,2620.000000
2101.217027,2621.000000
2101.227561,2622.000000
2101.228639,2623.000000
2101.217964,2624.000000
2101.221379,2625.000000
2101.242019,2626.000000
2101.243846,2627.000000
2101.212568,2628.000000
2101.170476,2629.000000
2101.134914,2630.000000
2101.113767,2631.000000
2101.099890,2632.000000
2101.091329,2633.000000
2101.099217,2634.000000
2101.130846,2635.000000
2101.168922,2636.000000
2101.173260,2637.000000
2101.116500,2638.000000
2101.031643,2639.000000
2100.997591,2640.000000
2101.021161,2641.000000
2101.055594,2642.000000
2101.053644,2643.000000
2100.992282,2644.000000
2100.925835,2645.000000
2100.895000,2646.000000
2100.902278,2647.000000
2100.911895,2648.000000
2100.886324,2649.000000
2100.844433,2650.000000
2100.813251,2651.000000
2100.812248,2652.000000
2100.840560,2653.000000
2100.886275,2654.000000
2100.946218,2655.000000
2101.003117,2656.000000
2101.032235,2657.000000
2101.015887,2658.000000
2100.986155,2659.000000
2100.999967,2660.000000
2099.979345,2866.000000
2099.978598,2867.000000
2099.890281,2868.000000
2099.770647,2869.000000
2099.686272,2870.000000
2099.619096,2871.000000
2099.587574,2872.000000
2099.624530,2873.000000
2099.685089,2874.000000
2099.727190,2875.000000
2099.742442,2876.000000
2099.736025,2877.000000
2099.702191,2878.000000
2099.647867,2879.000000
2099.605314,2880.000000
2099.604343,2881.000000
2099.617159,2882.000000
2099.629232,2883.000000
2099.640818,2884.000000
2099.643438,2885.000000
2099.632361,2886.000000
2099.623134,2887.000000
2099.612439,2888.000000
2099.579338,2889.000000
2099.528303,2890.000000
2099.477025,2891.000000
2099.517332,2892.000000
2099.514041,2893.000000
2099.552506,2894.000000
2099.512517,2895.000000
2099.509824,2896.000000
2099.484354,2897.000000
2099.533261,2898.000000
2099.517253,2899.000000
2099.513731,2900.000000
2099.522891,2901.000000
2099.491375,2902.000000
2099.551048,2903.000000
2099.608154,2904.000000
2099.608152,2905.000000
2099.549291,2906.000000
2099.492481,2907.000000
2099.485533,2908.000000
2099.520509,2909.000000
2099.556733,2910.000000
2099.569441,2911.000000
2099.558277,2912.000000
2099.514616,2913.000000
2099.503644,2914.000000
2099.458748,2915.000000
2099.432241,2916.000000
2099.410776,2917.000000
2099.390687,2918.000000
2099.376788,2919.000000
2099.373765,2920.000000
2099.369982,2921.000000
2099.360506,2922.000000
2099.359073,2923.000000
2099.366071,2924.000000
2099.388813,2925.000000
2099.425880,2926.000000
2099.437718,2927.000000
2099.422475,2928.000000
2099.397358,2929.000000
2099.364502,2930.000000
2099.317608,2931.000000
2099.267414,2932.000000
2099.244527,2933.000000
2099.243387,2934.000000
2099.242989,2935.000000
2099.235873,2936.000000
2099.225828,2937.000000
2099.221578,2938.000000
2099.226855,2939.000000
2099.228657,2940.000000
2099.217307,2941.000000
2099.199363,2942.000000
2099.190332,2943.000000
2099.204744,2944.000000
2099.239050,2945.000000
2099.272804,2946.000000
2099.284496,2947.000000
2099.285373,2948.000000
2099.297910,2949.000000
2099.306852,2950.000000
2099.295985,2951.000000
2099.260737,2952.000000
2099.213256,2953.000000
2099.177799,2954.000000
2099.160065,2955.000000
2099.161400,2956.000000
2099.172061,2957.000000
2099.173106,2958.000000
2099.170545,2959.000000
2099.167626,2960.000000
2099.160845,2961.000000
2099.150211,2962.000000
2099.129291,2963.000000
2099.108889,2964.000000
2099.086823,2965.000000
2099.059544,2966.000000
2099.022194,2967.000000
2098.968410,2968.000000
2098.909455,2969.000000
2098.872671,2970.000000
2098.857036,2971.000000
2098.855499,2972.000000
2098.869386,2973.000000
2098.880679,2974.000000
2098.863910,2975.000000
2098.851280,2976.000000
2098.911305,2977.000000
2099.014909,2978.000000
2099.084454,2979.000000
2099.056789,2980.000000
2098.965078,2981.000000
2098.901165,2982.000000
2098.875955,2983.000000
2098.840010,2984.000000
2098.803632,2985.000000
2098.818129,2986.000000
2098.880767,2987.000000
2098.934861,2988.000000
2098.946359,2989.000000
2098.910811,2990.000000
2098.861256,2991.000000
2098.849792,2992.000000
2098.856807,2993.000000
2098.826795,2994.000000
2098.757939,2995.000000
2098.699110,2996.000000
2098.699895,2997.000000
2098.757610,2998.000000
2098.806643,2999.000000
