scope,aggregation,feature_x,feature_y,pearson_r,spearman_r,sample_count,condition_count,used_for_model_selection,note
development_formal,point_pooled,height,height,1.0,1.0,6802,29,True,descriptive correlation; no correction function fitted
development_formal,point_pooled,height,q1,0.12011889991559298,0.14387090023215357,6802,29,True,descriptive correlation; no correction function fitted
development_formal,point_pooled,height,q2,-0.9977184581801427,-0.9768873038051824,6802,29,True,descriptive correlation; no correction function fitted
development_formal,point_pooled,height,d_lambda_du,-0.997314543165185,-0.9757435107805537,6802,29,True,descriptive correlation; no correction function fitted
development_formal,point_pooled,height,d_lambda_dv,-0.20420082312923135,-0.2538627782330403,6802,29,True,descriptive correlation; no correction function fitted
development_formal,point_pooled,height,d_Zg_du,0.9992333385455019,0.9817618994046426,6802,29,True,descriptive correlation; no correction function fitted
development_formal,point_pooled,height,d_Zg_dv,0.2139848169140341,0.26247733380358435,6802,29,True,descriptive correlation; no correction function fitted
development_formal,point_pooled,height,J_lambda_norm,-0.9972400848838552,-0.9753208511202176,6802,29,True,descriptive correlation; no correction function fitted
development_formal,point_pooled,height,J_Z_norm,-0.9991804535318789,-0.9817276671381454,6802,29,True,descriptive correlation; no correction function fitted
development_formal,point_pooled,height,height_residual,-0.7469704973007114,-0.7273073901579012,6802,29,True,descriptive correlation; no correction function fitted
development_formal,point_pooled,q1,height,0.12011889991559307,0.14387090023215354,6802,29,True,descriptive correlation; no correction function fitted
development_formal,point_pooled,q1,q1,1.0,1.0,6802,29,True,descriptive correlation; no correction function fitted
development_formal,point_pooled,q1,q2,-0.1866283976705857,-0.3381924589334686,6802,29,True,descriptive correlation; no correction function fitted
development_formal,point_pooled,q1,d_lambda_du,-0.19175443189722774,-0.3415066616471773,6802,29,True,descriptive correlation; no correction function fitted
development_formal,point_pooled,q1,d_lambda_dv,-0.9756906279907027,-0.9840208290521498,6802,29,True,descriptive correlation; no correction function fitted
development_formal,point_pooled,q1,d_Zg_du,0.1574119246097405,0.3214113501727261,6802,29,True,descriptive correlation; no correction function fitted
development_formal,point_pooled,q1,d_Zg_dv,0.9747853644584479,0.9826349797704054,6802,29,True,descriptive correlation; no correction function fitted
development_formal,point_pooled,q1,J_lambda_norm,-0.1927479318858425,-0.3426617518331988,6802,29,True,descriptive correlation; no correction function fitted
development_formal,point_pooled,q1,J_Z_norm,-0.15875052637745868,-0.32160862020454656,6802,29,True,descriptive correlation; no correction function fitted
development_formal,point_pooled,q1,height_residual,-0.3834070458754033,-0.35338599331055137,6802,29,True,descriptive correlation; no correction function fitted
development_formal,point_pooled,q2,height,-0.9977184581801426,-0.9768873038051823,6802,29,True,descriptive correlation; no correction function fitted
development_formal,point_pooled,q2,q1,-0.1866283976705857,-0.3381924589334686,6802,29,True,descriptive correlation; no correction function fitted
development_formal,point_pooled,q2,q2,1.0,1.0,6802,29,True,descriptive correlation; no correction function fitted
development_formal,point_pooled,q2,d_lambda_du,0.9999660266800195,0.9997127665108703,6802,29,True,descriptive correlation; no correction function fitted
development_formal,point_pooled,q2,d_lambda_dv,0.268415223891939,0.4427900966257765,6802,29,True,descriptive correlation; no correction function fitted
development_formal,point_pooled,q2,d_Zg_du,-0.9995382976864795,-0.9982828614497621,6802,29,True,descriptive correlation; no correction function fitted
development_formal,point_pooled,q2,d_Zg_dv,-0.2780349675835293,-0.4506927259723509,6802,29,True,descriptive correlation; no correction function fitted
development_formal,point_pooled,q2,J_lambda_norm,0.9999600315254558,0.9997177998381943,6802,29,True,descriptive correlation; no correction function fitted
development_formal,point_pooled,q2,J_Z_norm,0.9995771107170743,0.9982943350399466,6802,29,True,descriptive correlation; no correction function fitted
development_formal,point_pooled,q2,height_residual,0.7632362325180843,0.7666597502993577,6802,29,True,descriptive correlation; no correction function fitted
development_formal,point_pooled,d_lambda_du,height,-0.9973145431651851,-0.9757435107805537,6802,29,True,descriptive correlation; no correction function fitted
development_formal,point_pooled,d_lambda_du,q1,-0.19175443189722774,-0.3415066616471773,6802,29,True,descriptive correlation; no correction function fitted
development_formal,point_pooled,d_lambda_du,q2,0.9999660266800195,0.9997127665108703,6802,29,True,descriptive correlation; no correction function fitted
development_formal,point_pooled,d_lambda_du,d_lambda_du,1.0,1.0,6802,29,True,descriptive correlation; no correction function fitted
development_formal,point_pooled,d_lambda_du,d_lambda_dv,0.2739870544207188,0.4457117004182986,6802,29,True,descriptive correlation; no correction function fitted
development_formal,point_pooled,d_lambda_du,d_Zg_du,-0.9993914057029316,-0.998133343682468,6802,29,True,descriptive correlation; no correction function fitted
development_formal,point_pooled,d_lambda_du,d_Zg_dv,-0.2835912950389141,-0.45353673699171987,6802,29,True,descriptive correlation; no correction function fitted
development_formal,point_pooled,d_lambda_du,J_lambda_norm,0.9999994803782137,0.9999780103121308,6802,29,True,descriptive correlation; no correction function fitted
development_formal,point_pooled,d_lambda_du,J_Z_norm,0.9994376859258184,0.9981533041847866,6802,29,True,descriptive correlation; no correction function fitted
development_formal,point_pooled,d_lambda_du,height_residual,0.7646530149189544,0.765515336244314,6802,29,True,descriptive correlation; no correction function fitted
development_formal,point_pooled,d_lambda_dv,height,-0.20420082312923138,-0.2538627782330403,6802,29,True,descriptive correlation; no correction function fitted
development_formal,point_pooled,d_lambda_dv,q1,-0.9756906279907027,-0.9840208290521498,6802,29,True,descriptive correlation; no correction function fitted
development_formal,point_pooled,d_lambda_dv,q2,0.268415223891939,0.4427900966257765,6802,29,True,descriptive correlation; no correction function fitted
development_formal,point_pooled,d_lambda_dv,d_lambda_du,0.2739870544207188,0.4457117004182986,6802,29,True,descriptive correlation; no correction function fitted
development_formal,point_pooled,d_lambda_dv,d_lambda_dv,1.0,1.0,6802,29,True,descriptive correlation; no correction function fitted
development_formal,point_pooled,d_lambda_dv,d_Zg_du,-0.24113356490057497,-0.42669435139505935,6802,29,True,descriptive correlation; no correction function fitted
development_formal,point_pooled,d_lambda_dv,d_Zg_dv,-0.9999498966852027,-0.9998465893761418,6802,29,True,descriptive correlation; no correction function fitted
development_formal,point_pooled,d_lambda_dv,J_lambda_norm,0.27495404745882995,0.4467982676808448,6802,29,True,descriptive correlation; no correction function fitted
development_formal,point_pooled,d_lambda_dv,J_Z_norm,0.24244863176442494,0.4268730397579919,6802,29,True,descriptive correlation; no correction function fitted
development_formal,point_pooled,d_lambda_dv,height_residual,0.4462160298102212,0.454265885637832,6802,29,True,descriptive correlation; no correction function fitted
development_formal,point_pooled,d_Zg_du,height,0.9992333385455019,0.9817618994046428,6802,29,True,descriptive correlation; no correction function fitted
development_formal,point_pooled,d_Zg_du,q1,0.15741192460974052,0.3214113501727261,6802,29,True,descriptive correlation; no correction function fitted
development_formal,point_pooled,d_Zg_du,q2,-0.9995382976864796,-0.9982828614497621,6802,29,True,descriptive correlation; no correction function fitted
development_formal,point_pooled,d_Zg_du,d_lambda_du,-0.9993914057029315,-0.998133343682468,6802,29,True,descriptive correlation; no correction function fitted
development_formal,point_pooled,d_Zg_du,d_lambda_dv,-0.24113356490057503,-0.42669435139505935,6802,29,True,descriptive correlation; no correction function fitted
development_formal,point_pooled,d_Zg_du,d_Zg_du,1.0,1.0,6802,29,True,descriptive correlation; no correction function fitted
development_formal,point_pooled,d_Zg_du,d_Zg_dv,0.25082947728934096,0.4348047950112234,6802,29,True,descriptive correlation; no correction function fitted
development_formal,point_pooled,d_Zg_du,J_lambda_norm,-0.9993556049276568,-0.9979615737757548,6802,29,True,descriptive correlation; no correction function fitted
development_formal,point_pooled,d_Zg_du,J_Z_norm,-0.999999066751331,-0.9999983884948622,6802,29,True,descriptive correlation; no correction function fitted
development_formal,point_pooled,d_Zg_du,height_residual,-0.7558295477673245,-0.758456962691899,6802,29,True,descriptive correlation; no correction function fitted
development_formal,point_pooled,d_Zg_dv,height,0.2139848169140341,0.26247733380358435,6802,29,True,descriptive correlation; no correction function fitted
development_formal,point_pooled,d_Zg_dv,q1,0.9747853644584479,0.9826349797704053,6802,29,True,descriptive correlation; no correction function fitted
development_formal,point_pooled,d_Zg_dv,q2,-0.2780349675835293,-0.4506927259723509,6802,29,True,descriptive correlation; no correction function fitted
development_formal,point_pooled,d_Zg_dv,d_lambda_du,-0.2835912950389141,-0.45353673699171987,6802,29,True,descriptive correlation; no correction function fitted
development_formal,point_pooled,d_Zg_dv,d_lambda_dv,-0.9999498966852027,-0.9998465893761418,6802,29,True,descriptive correlation; no correction function fitted
development_formal,point_pooled,d_Zg_dv,d_Zg_du,0.25082947728934096,0.43480479501122343,6802,29,True,descriptive correlation; no correction function fitted
development_formal,point_pooled,d_Zg_dv,d_Zg_dv,1.0,1.0,6802,29,True,descriptive correlation; no correction function fitted
development_formal,point_pooled,d_Zg_dv,J_lambda_norm,-0.28455541369153603,-0.45462073239685896,6802,29,True,descriptive correlation; no correction function fitted
development_formal,point_pooled,d_Zg_dv,J_Z_norm,-0.252141144756728,-0.4349809351194584,6802,29,True,descriptive correlation; no correction function fitted
development_formal,point_pooled,d_Zg_dv,height_residual,-0.4529409800882759,-0.4599553467031691,6802,29,True,descriptive correlation; no correction function fitted
development_formal,point_pooled,J_lambda_norm,height,-0.9972400848838552,-0.9753208511202176,6802,29,True,descriptive correlation; no correction function fitted
development_formal,point_pooled,J_lambda_norm,q1,-0.19274793188584252,-0.3426617518331988,6802,29,True,descriptive correlation; no correction function fitted
development_formal,point_pooled,J_lambda_norm,q2,0.9999600315254559,0.9997177998381943,6802,29,True,descriptive correlation; no correction function fitted
development_formal,point_pooled,J_lambda_norm,d_lambda_du,0.9999994803782137,0.9999780103121308,6802,29,True,descriptive correlation; no correction function fitted
development_formal,point_pooled,J_lambda_norm,d_lambda_dv,0.27495404745882995,0.4467982676808448,6802,29,True,descriptive correlation; no correction function fitted
development_formal,point_pooled,J_lambda_norm,d_Zg_du,-0.9993556049276567,-0.9979615737757548,6802,29,True,descriptive correlation; no correction function fitted
development_formal,point_pooled,J_lambda_norm,d_Zg_dv,-0.284555413691536,-0.45462073239685896,6802,29,True,descriptive correlation; no correction function fitted
development_formal,point_pooled,J_lambda_norm,J_lambda_norm,1.0,1.0,6802,29,True,descriptive correlation; no correction function fitted
development_formal,point_pooled,J_lambda_norm,J_Z_norm,0.9994032761278901,0.9979824343080589,6802,29,True,descriptive correlation; no correction function fitted
development_formal,point_pooled,J_lambda_norm,height_residual,0.7648765318941428,0.7652958403449206,6802,29,True,descriptive correlation; no correction function fitted
development_formal,point_pooled,J_Z_norm,height,-0.9991804535318789,-0.9817276671381454,6802,29,True,descriptive correlation; no correction function fitted
development_formal,point_pooled,J_Z_norm,q1,-0.15875052637745868,-0.32160862020454656,6802,29,True,descriptive correlation; no correction function fitted
development_formal,point_pooled,J_Z_norm,q2,0.9995771107170743,0.9982943350399466,6802,29,True,descriptive correlation; no correction function fitted
development_formal,point_pooled,J_Z_norm,d_lambda_du,0.9994376859258185,0.9981533041847866,6802,29,True,descriptive correlation; no correction function fitted
development_formal,point_pooled,J_Z_norm,d_lambda_dv,0.24244863176442497,0.4268730397579919,6802,29,True,descriptive correlation; no correction function fitted
development_formal,point_pooled,J_Z_norm,d_Zg_du,-0.999999066751331,-0.9999983884948622,6802,29,True,descriptive correlation; no correction function fitted
development_formal,point_pooled,J_Z_norm,d_Zg_dv,-0.252141144756728,-0.4349809351194584,6802,29,True,descriptive correlation; no correction function fitted
development_formal,point_pooled,J_Z_norm,J_lambda_norm,0.9994032761278901,0.9979824343080589,6802,29,True,descriptive correlation; no correction function fitted
development_formal,point_pooled,J_Z_norm,J_Z_norm,1.0,1.0,6802,29,True,descriptive correlation; no correction function fitted
development_formal,point_pooled,J_Z_norm,height_residual,0.7561742394111175,0.7586520018283478,6802,29,True,descriptive correlation; no correction function fitted
development_formal,point_pooled,height_residual,height,-0.7469704973007114,-0.7273073901579014,6802,29,True,descriptive correlation; no correction function fitted
development_formal,point_pooled,height_residual,q1,-0.3834070458754033,-0.35338599331055137,6802,29,True,descriptive correlation; no correction function fitted
development_formal,point_pooled,height_residual,q2,0.7632362325180843,0.7666597502993577,6802,29,True,descriptive correlation; no correction function fitted
development_formal,point_pooled,height_residual,d_lambda_du,0.7646530149189544,0.765515336244314,6802,29,True,descriptive correlation; no correction function fitted
development_formal,point_pooled,height_residual,d_lambda_dv,0.44621602981022124,0.454265885637832,6802,29,True,descriptive correlation; no correction function fitted
development_formal,point_pooled,height_residual,d_Zg_du,-0.7558295477673243,-0.758456962691899,6802,29,True,descriptive correlation; no correction function fitted
development_formal,point_pooled,height_residual,d_Zg_dv,-0.4529409800882759,-0.45995534670316907,6802,29,True,descriptive correlation; no correction function fitted
development_formal,point_pooled,height_residual,J_lambda_norm,0.7648765318941428,0.7652958403449206,6802,29,True,descriptive correlation; no correction function fitted
development_formal,point_pooled,height_residual,J_Z_norm,0.7561742394111175,0.7586520018283478,6802,29,True,descriptive correlation; no correction function fitted
development_formal,point_pooled,height_residual,height_residual,1.0,1.0,6802,29,True,descriptive correlation; no correction function fitted
development_formal,condition_balanced,height,height,1.0,1.0,29,29,True,descriptive correlation; no correction function fitted
development_formal,condition_balanced,height,q1,0.0873224059529304,0.09776321097281117,29,29,True,descriptive correlation; no correction function fitted
development_formal,condition_balanced,height,q2,-0.9976004594695391,-0.9751381502645196,29,29,True,descriptive correlation; no correction function fitted
development_formal,condition_balanced,height,d_lambda_du,-0.9971517873172531,-0.9726441908009273,29,29,True,descriptive correlation; no correction function fitted
development_formal,condition_balanced,height,d_lambda_dv,-0.17252204873171095,-0.22570333145508698,29,29,True,descriptive correlation; no correction function fitted
development_formal,condition_balanced,height,d_Zg_du,0.9991782684126376,0.9801260691917039,29,29,True,descriptive correlation; no correction function fitted
development_formal,condition_balanced,height,d_Zg_dv,0.18218754732129638,0.22570333145508698,29,29,True,descriptive correlation; no correction function fitted
development_formal,condition_balanced,height,J_lambda_norm,-0.9970727522849384,-0.9726441908009273,29,29,True,descriptive correlation; no correction function fitted
development_formal,condition_balanced,height,J_Z_norm,-0.9991218273744588,-0.9801260691917039,29,29,True,descriptive correlation; no correction function fitted
development_formal,condition_balanced,height,height_residual,-0.7892563431401428,-0.7374638133841903,29,29,True,descriptive correlation; no correction function fitted
development_formal,condition_balanced,q1,height,0.08732240595293034,0.09776321097281115,29,29,True,descriptive correlation; no correction function fitted
development_formal,condition_balanced,q1,q1,1.0,1.0,29,29,True,descriptive correlation; no correction function fitted
development_formal,condition_balanced,q1,q2,-0.15585480124695522,-0.2945812807881773,29,29,True,descriptive correlation; no correction function fitted
development_formal,condition_balanced,q1,d_lambda_du,-0.16144838865244293,-0.3009852216748768,29,29,True,descriptive correlation; no correction function fitted
development_formal,condition_balanced,q1,d_lambda_dv,-0.9755112761874989,-0.9783251231527093,29,29,True,descriptive correlation; no correction function fitted
development_formal,condition_balanced,q1,d_Zg_du,0.12613147209029107,0.280295566502463,29,29,True,descriptive correlation; no correction function fitted
development_formal,condition_balanced,q1,d_Zg_dv,0.9746093964740463,0.9783251231527093,29,29,True,descriptive correlation; no correction function fitted
development_formal,condition_balanced,q1,J_lambda_norm,-0.16247752039949928,-0.3009852216748768,29,29,True,descriptive correlation; no correction function fitted
development_formal,condition_balanced,q1,J_Z_norm,-0.12751534983904328,-0.280295566502463,29,29,True,descriptive correlation; no correction function fitted
development_formal,condition_balanced,q1,height_residual,-0.39680100580238165,-0.35911330049261075,29,29,True,descriptive correlation; no correction function fitted
development_formal,condition_balanced,q2,height,-0.9976004594695391,-0.9751381502645196,29,29,True,descriptive correlation; no correction function fitted
development_formal,condition_balanced,q2,q1,-0.15585480124695517,-0.2945812807881773,29,29,True,descriptive correlation; no correction function fitted
development_formal,condition_balanced,q2,q2,1.0,1.0,29,29,True,descriptive correlation; no correction function fitted
development_formal,condition_balanced,q2,d_lambda_du,0.9999622602506449,0.9995073891625613,29,29,True,descriptive correlation; no correction function fitted
development_formal,condition_balanced,q2,d_lambda_dv,0.2388983605481076,0.4177339901477831,29,29,True,descriptive correlation; no correction function fitted
development_formal,condition_balanced,q2,d_Zg_du,-0.9995258450894481,-0.9985221674876845,29,29,True,descriptive correlation; no correction function fitted
development_formal,condition_balanced,q2,d_Zg_dv,-0.24841879145331663,-0.4177339901477831,29,29,True,descriptive correlation; no correction function fitted
development_formal,condition_balanced,q2,J_lambda_norm,0.9999555859377688,0.9995073891625613,29,29,True,descriptive correlation; no correction function fitted
development_formal,condition_balanced,q2,J_Z_norm,0.9995662358254176,0.9985221674876845,29,29,True,descriptive correlation; no correction function fitted
development_formal,condition_balanced,q2,height_residual,0.8085853139812376,0.808374384236453,29,29,True,descriptive correlation; no correction function fitted
development_formal,condition_balanced,d_lambda_du,height,-0.9971517873172531,-0.9726441908009273,29,29,True,descriptive correlation; no correction function fitted
development_formal,condition_balanced,d_lambda_du,q1,-0.16144838865244293,-0.3009852216748768,29,29,True,descriptive correlation; no correction function fitted
development_formal,condition_balanced,d_lambda_du,q2,0.9999622602506448,0.9995073891625613,29,29,True,descriptive correlation; no correction function fitted
development_formal,condition_balanced,d_lambda_du,d_lambda_du,1.0,1.0,29,29,True,descriptive correlation; no correction function fitted
development_formal,condition_balanced,d_lambda_du,d_lambda_dv,0.24498786222219535,0.42315270935960586,29,29,True,descriptive correlation; no correction function fitted
development_formal,condition_balanced,d_lambda_du,d_Zg_du,-0.9993628492492576,-0.9980295566502461,29,29,True,descriptive correlation; no correction function fitted
development_formal,condition_balanced,d_lambda_du,d_Zg_dv,-0.25449363420318694,-0.42315270935960586,29,29,True,descriptive correlation; no correction function fitted
development_formal,condition_balanced,d_lambda_du,J_lambda_norm,0.9999994484745732,0.9999999999999998,29,29,True,descriptive correlation; no correction function fitted
development_formal,condition_balanced,d_lambda_du,J_Z_norm,0.999411581281916,0.9980295566502461,29,29,True,descriptive correlation; no correction function fitted
development_formal,condition_balanced,d_lambda_du,height_residual,0.8101722257291734,0.804926108374384,29,29,True,descriptive correlation; no correction function fitted
development_formal,condition_balanced,d_lambda_dv,height,-0.17252204873171095,-0.22570333145508698,29,29,True,descriptive correlation; no correction function fitted
development_formal,condition_balanced,d_lambda_dv,q1,-0.9755112761874989,-0.9783251231527093,29,29,True,descriptive correlation; no correction function fitted
development_formal,condition_balanced,d_lambda_dv,q2,0.23889836054810754,0.4177339901477831,29,29,True,descriptive correlation; no correction function fitted
development_formal,condition_balanced,d_lambda_dv,d_lambda_du,0.2449878622221954,0.42315270935960586,29,29,True,descriptive correlation; no correction function fitted
development_formal,condition_balanced,d_lambda_dv,d_lambda_dv,1.0,1.0,29,29,True,descriptive correlation; no correction function fitted
development_formal,condition_balanced,d_lambda_dv,d_Zg_du,-0.21110443723822975,-0.4029556650246304,29,29,True,descriptive correlation; no correction function fitted
development_formal,condition_balanced,d_lambda_dv,d_Zg_dv,-0.9999517215720504,-0.9999999999999998,29,29,True,descriptive correlation; no correction function fitted
development_formal,condition_balanced,d_lambda_dv,J_lambda_norm,0.24599205001721583,0.42315270935960586,29,29,True,descriptive correlation; no correction function fitted
development_formal,condition_balanced,d_lambda_dv,J_Z_norm,0.21246744837035475,0.4029556650246304,29,29,True,descriptive correlation; no correction function fitted
development_formal,condition_balanced,d_lambda_dv,height_residual,0.46184680381004145,0.4970443349753693,29,29,True,descriptive correlation; no correction function fitted
development_formal,condition_balanced,d_Zg_du,height,0.9991782684126376,0.9801260691917039,29,29,True,descriptive correlation; no correction function fitted
development_formal,condition_balanced,d_Zg_du,q1,0.12613147209029107,0.280295566502463,29,29,True,descriptive correlation; no correction function fitted
development_formal,condition_balanced,d_Zg_du,q2,-0.9995258450894481,-0.9985221674876845,29,29,True,descriptive correlation; no correction function fitted
development_formal,condition_balanced,d_Zg_du,d_lambda_du,-0.9993628492492574,-0.9980295566502461,29,29,True,descriptive correlation; no correction function fitted
development_formal,condition_balanced,d_Zg_du,d_lambda_dv,-0.21110443723822975,-0.4029556650246304,29,29,True,descriptive correlation; no correction function fitted
development_formal,condition_balanced,d_Zg_du,d_Zg_du,1.0,1.0,29,29,True,descriptive correlation; no correction function fitted
development_formal,condition_balanced,d_Zg_du,d_Zg_dv,0.2206922004726664,0.4029556650246304,29,29,True,descriptive correlation; no correction function fitted
development_formal,condition_balanced,d_Zg_du,J_lambda_norm,-0.9993251075220204,-0.9980295566502461,29,29,True,descriptive correlation; no correction function fitted
development_formal,condition_balanced,d_Zg_du,J_Z_norm,-0.9999990115512174,-0.9999999999999998,29,29,True,descriptive correlation; no correction function fitted
development_formal,condition_balanced,d_Zg_du,height_residual,-0.8000943892131805,-0.7980295566502461,29,29,True,descriptive correlation; no correction function fitted
development_formal,condition_balanced,d_Zg_dv,height,0.18218754732129644,0.22570333145508698,29,29,True,descriptive correlation; no correction function fitted
development_formal,condition_balanced,d_Zg_dv,q1,0.9746093964740463,0.9783251231527093,29,29,True,descriptive correlation; no correction function fitted
development_formal,condition_balanced,d_Zg_dv,q2,-0.24841879145331663,-0.4177339901477831,29,29,True,descriptive correlation; no correction function fitted
development_formal,condition_balanced,d_Zg_dv,d_lambda_du,-0.2544936342031869,-0.42315270935960586,29,29,True,descriptive correlation; no correction function fitted
development_formal,condition_balanced,d_Zg_dv,d_lambda_dv,-0.9999517215720504,-0.9999999999999998,29,29,True,descriptive correlation; no correction function fitted
development_formal,condition_balanced,d_Zg_dv,d_Zg_du,0.2206922004726664,0.4029556650246304,29,29,True,descriptive correlation; no correction function fitted
development_formal,condition_balanced,d_Zg_dv,d_Zg_dv,1.0,1.0,29,29,True,descriptive correlation; no correction function fitted
development_formal,condition_balanced,d_Zg_dv,J_lambda_norm,-0.2554952099970528,-0.42315270935960586,29,29,True,descriptive correlation; no correction function fitted
development_formal,condition_balanced,d_Zg_dv,J_Z_norm,-0.22205218866264034,-0.4029556650246304,29,29,True,descriptive correlation; no correction function fitted
development_formal,condition_balanced,d_Zg_dv,height_residual,-0.4689513292872293,-0.4970443349753693,29,29,True,descriptive correlation; no correction function fitted
development_formal,condition_balanced,J_lambda_norm,height,-0.9970727522849384,-0.9726441908009273,29,29,True,descriptive correlation; no correction function fitted
development_formal,condition_balanced,J_lambda_norm,q1,-0.16247752039949934,-0.3009852216748768,29,29,True,descriptive correlation; no correction function fitted
development_formal,condition_balanced,J_lambda_norm,q2,0.9999555859377686,0.9995073891625613,29,29,True,descriptive correlation; no correction function fitted
development_formal,condition_balanced,J_lambda_norm,d_lambda_du,0.9999994484745732,0.9999999999999998,29,29,True,descriptive correlation; no correction function fitted
development_formal,condition_balanced,J_lambda_norm,d_lambda_dv,0.24599205001721589,0.42315270935960586,29,29,True,descriptive correlation; no correction function fitted
development_formal,condition_balanced,J_lambda_norm,d_Zg_du,-0.9993251075220205,-0.9980295566502461,29,29,True,descriptive correlation; no correction function fitted
development_formal,condition_balanced,J_lambda_norm,d_Zg_dv,-0.2554952099970529,-0.42315270935960586,29,29,True,descriptive correlation; no correction function fitted
development_formal,condition_balanced,J_lambda_norm,J_lambda_norm,1.0,1.0,29,29,True,descriptive correlation; no correction function fitted
development_formal,condition_balanced,J_lambda_norm,J_Z_norm,0.9993753143179687,0.9980295566502461,29,29,True,descriptive correlation; no correction function fitted
development_formal,condition_balanced,J_lambda_norm,height_residual,0.8104284160753189,0.804926108374384,29,29,True,descriptive correlation; no correction function fitted
development_formal,condition_balanced,J_Z_norm,height,-0.9991218273744588,-0.9801260691917039,29,29,True,descriptive correlation; no correction function fitted
development_formal,condition_balanced,J_Z_norm,q1,-0.12751534983904325,-0.280295566502463,29,29,True,descriptive correlation; no correction function fitted
development_formal,condition_balanced,J_Z_norm,q2,0.9995662358254176,0.9985221674876845,29,29,True,descriptive correlation; no correction function fitted
development_formal,condition_balanced,J_Z_norm,d_lambda_du,0.9994115812819161,0.9980295566502461,29,29,True,descriptive correlation; no correction function fitted
development_formal,condition_balanced,J_Z_norm,d_lambda_dv,0.21246744837035475,0.4029556650246304,29,29,True,descriptive correlation; no correction function fitted
development_formal,condition_balanced,J_Z_norm,d_Zg_du,-0.9999990115512174,-0.9999999999999998,29,29,True,descriptive correlation; no correction function fitted
development_formal,condition_balanced,J_Z_norm,d_Zg_dv,-0.22205218866264034,-0.4029556650246304,29,29,True,descriptive correlation; no correction function fitted
development_formal,condition_balanced,J_Z_norm,J_lambda_norm,0.9993753143179687,0.9980295566502461,29,29,True,descriptive correlation; no correction function fitted
development_formal,condition_balanced,J_Z_norm,J_Z_norm,1.0,1.0,29,29,True,descriptive correlation; no correction function fitted
development_formal,condition_balanced,J_Z_norm,height_residual,0.8004873580690444,0.7980295566502461,29,29,True,descriptive correlation; no correction function fitted
development_formal,condition_balanced,height_residual,height,-0.7892563431401428,-0.7374638133841902,29,29,True,descriptive correlation; no correction function fitted
development_formal,condition_balanced,height_residual,q1,-0.3968010058023817,-0.35911330049261075,29,29,True,descriptive correlation; no correction function fitted
development_formal,condition_balanced,height_residual,q2,0.8085853139812376,0.808374384236453,29,29,True,descriptive correlation; no correction function fitted
development_formal,condition_balanced,height_residual,d_lambda_du,0.8101722257291732,0.804926108374384,29,29,True,descriptive correlation; no correction function fitted
development_formal,condition_balanced,height_residual,d_lambda_dv,0.46184680381004145,0.4970443349753693,29,29,True,descriptive correlation; no correction function fitted
development_formal,condition_balanced,height_residual,d_Zg_du,-0.8000943892131805,-0.7980295566502461,29,29,True,descriptive correlation; no correction function fitted
development_formal,condition_balanced,height_residual,d_Zg_dv,-0.46895132928722927,-0.4970443349753693,29,29,True,descriptive correlation; no correction function fitted
development_formal,condition_balanced,height_residual,J_lambda_norm,0.8104284160753188,0.804926108374384,29,29,True,descriptive correlation; no correction function fitted
development_formal,condition_balanced,height_residual,J_Z_norm,0.8004873580690444,0.7980295566502461,29,29,True,descriptive correlation; no correction function fitted
development_formal,condition_balanced,height_residual,height_residual,1.0,1.0,29,29,True,descriptive correlation; no correction function fitted
heldout_50_descriptive,point_pooled,height,height,1.0,1.0,1100,5,False,descriptive correlation; no correction function fitted
heldout_50_descriptive,point_pooled,height,q1,,,1100,5,False,descriptive correlation; no correction function fitted
heldout_50_descriptive,point_pooled,height,q2,,,1100,5,False,descriptive correlation; no correction function fitted
heldout_50_descriptive,point_pooled,height,d_lambda_du,,,1100,5,False,descriptive correlation; no correction function fitted
heldout_50_descriptive,point_pooled,height,d_lambda_dv,,,1100,5,False,descriptive correlation; no correction function fitted
heldout_50_descriptive,point_pooled,height,d_Zg_du,,,1100,5,False,descriptive correlation; no correction function fitted
heldout_50_descriptive,point_pooled,height,d_Zg_dv,,,1100,5,False,descriptive correlation; no correction function fitted
heldout_50_descriptive,point_pooled,height,J_lambda_norm,,,1100,5,False,descriptive correlation; no correction function fitted
heldout_50_descriptive,point_pooled,height,J_Z_norm,,,1100,5,False,descriptive correlation; no correction function fitted
heldout_50_descriptive,point_pooled,height,height_residual,,,1100,5,False,descriptive correlation; no correction function fitted
heldout_50_descriptive,point_pooled,q1,height,,,1100,5,False,descriptive correlation; no correction function fitted
heldout_50_descriptive,point_pooled,q1,q1,1.0,1.0,1100,5,False,descriptive correlation; no correction function fitted
heldout_50_descriptive,point_pooled,q1,q2,-0.9938635354324181,-0.9881271757625045,1100,5,False,descriptive correlation; no correction function fitted
heldout_50_descriptive,point_pooled,q1,d_lambda_du,-0.9935172663423889,-0.9887223437975793,1100,5,False,descriptive correlation; no correction function fitted
heldout_50_descriptive,point_pooled,q1,d_lambda_dv,-0.9797441845892774,-0.9807538142969163,1100,5,False,descriptive correlation; no correction function fitted
heldout_50_descriptive,point_pooled,q1,d_Zg_du,0.9757893147511579,0.8618027648257259,1100,5,False,descriptive correlation; no correction function fitted
heldout_50_descriptive,point_pooled,q1,d_Zg_dv,0.9796994188148966,0.9807558518643404,1100,5,False,descriptive correlation; no correction function fitted
heldout_50_descriptive,point_pooled,q1,J_lambda_norm,-0.9934676683794773,-0.9888139351580231,1100,5,False,descriptive correlation; no correction function fitted
heldout_50_descriptive,point_pooled,q1,J_Z_norm,-0.9763547553238315,-0.8623649350874745,1100,5,False,descriptive correlation; no correction function fitted
heldout_50_descriptive,point_pooled,q1,height_residual,-0.24279221469261067,-0.24497152026196267,1100,5,False,descriptive correlation; no correction function fitted
heldout_50_descriptive,point_pooled,q2,height,,,1100,5,False,descriptive correlation; no correction function fitted
heldout_50_descriptive,point_pooled,q2,q1,-0.9938635354324181,-0.9881271757625045,1100,5,False,descriptive correlation; no correction function fitted
heldout_50_descriptive,point_pooled,q2,q2,1.0,1.0,1100,5,False,descriptive correlation; no correction function fitted
heldout_50_descriptive,point_pooled,q2,d_lambda_du,0.9999144471965551,0.9998147706959036,1100,5,False,descriptive correlation; no correction function fitted
heldout_50_descriptive,point_pooled,q2,d_lambda_dv,0.9851584187539812,0.9775992992931851,1100,5,False,descriptive correlation; no correction function fitted
heldout_50_descriptive,point_pooled,q2,d_Zg_du,-0.9936746759747676,-0.8823093122015353,1100,5,False,descriptive correlation; no correction function fitted
heldout_50_descriptive,point_pooled,q2,d_Zg_dv,-0.9851241558729402,-0.977624218923096,1100,5,False,descriptive correlation; no correction function fitted
heldout_50_descriptive,point_pooled,q2,J_lambda_norm,0.9999067242924091,0.9997953326633102,1100,5,False,descriptive correlation; no correction function fitted
heldout_50_descriptive,point_pooled,q2,J_Z_norm,0.9939223641460017,0.8827599481862832,1100,5,False,descriptive correlation; no correction function fitted
heldout_50_descriptive,point_pooled,q2,height_residual,0.15741275893574636,0.1894020708807498,1100,5,False,descriptive correlation; no correction function fitted
heldout_50_descriptive,point_pooled,d_lambda_du,height,,,1100,5,False,descriptive correlation; no correction function fitted
heldout_50_descriptive,point_pooled,d_lambda_du,q1,-0.993517266342389,-0.9887223437975793,1100,5,False,descriptive correlation; no correction function fitted
heldout_50_descriptive,point_pooled,d_lambda_du,q2,0.9999144471965549,0.9998147706959036,1100,5,False,descriptive correlation; no correction function fitted
heldout_50_descriptive,point_pooled,d_lambda_du,d_lambda_du,1.0,1.0,1100,5,False,descriptive correlation; no correction function fitted
heldout_50_descriptive,point_pooled,d_lambda_du,d_lambda_dv,0.9870944261164708,0.9796575940070275,1100,5,False,descriptive correlation; no correction function fitted
heldout_50_descriptive,point_pooled,d_lambda_du,d_Zg_du,-0.994291478407523,-0.8822060363836515,1100,5,False,descriptive correlation; no correction function fitted
heldout_50_descriptive,point_pooled,d_lambda_du,d_Zg_dv,-0.9870637615983753,-0.9796837578152771,1100,5,False,descriptive correlation; no correction function fitted
heldout_50_descriptive,point_pooled,d_lambda_du,J_lambda_norm,0.9999995281159885,0.9999978812905106,1100,5,False,descriptive correlation; no correction function fitted
heldout_50_descriptive,point_pooled,d_lambda_du,J_Z_norm,0.9945493932559945,0.8826996956947146,1100,5,False,descriptive correlation; no correction function fitted
heldout_50_descriptive,point_pooled,d_lambda_du,height_residual,0.15951800018276074,0.1926965379159968,1100,5,False,descriptive correlation; no correction function fitted
heldout_50_descriptive,point_pooled,d_lambda_dv,height,,,1100,5,False,descriptive correlation; no correction function fitted
heldout_50_descriptive,point_pooled,d_lambda_dv,q1,-0.9797441845892774,-0.9807538142969163,1100,5,False,descriptive correlation; no correction function fitted
heldout_50_descriptive,point_pooled,d_lambda_dv,q2,0.9851584187539812,0.9775992992931851,1100,5,False,descriptive correlation; no correction function fitted
heldout_50_descriptive,point_pooled,d_lambda_dv,d_lambda_du,0.9870944261164708,0.9796575940070275,1100,5,False,descriptive correlation; no correction function fitted
heldout_50_descriptive,point_pooled,d_lambda_dv,d_lambda_dv,1.0,1.0,1100,5,False,descriptive correlation; no correction function fitted
heldout_50_descriptive,point_pooled,d_lambda_dv,d_Zg_du,-0.9842109404777923,-0.8626866994405481,1100,5,False,descriptive correlation; no correction function fitted
heldout_50_descriptive,point_pooled,d_lambda_dv,d_Zg_dv,-0.9999999538284448,-0.9999996574001677,1100,5,False,descriptive correlation; no correction function fitted
heldout_50_descriptive,point_pooled,d_lambda_dv,J_lambda_norm,0.9872087292779506,0.9797835084612015,1100,5,False,descriptive correlation; no correction function fitted
heldout_50_descriptive,point_pooled,d_lambda_dv,J_Z_norm,0.9847902578773986,0.8633632709989467,1100,5,False,descriptive correlation; no correction function fitted
heldout_50_descriptive,point_pooled,d_lambda_dv,height_residual,0.2353649498248822,0.25589072688189296,1100,5,False,descriptive correlation; no correction function fitted
heldout_50_descriptive,point_pooled,d_Zg_du,height,,,1100,5,False,descriptive correlation; no correction function fitted
heldout_50_descriptive,point_pooled,d_Zg_du,q1,0.9757893147511579,0.8618027648257259,1100,5,False,descriptive correlation; no correction function fitted
heldout_50_descriptive,point_pooled,d_Zg_du,q2,-0.9936746759747676,-0.8823093122015353,1100,5,False,descriptive correlation; no correction function fitted
heldout_50_descriptive,point_pooled,d_Zg_du,d_lambda_du,-0.994291478407523,-0.8822060363836515,1100,5,False,descriptive correlation; no correction function fitted
heldout_50_descriptive,point_pooled,d_Zg_du,d_lambda_dv,-0.9842109404777923,-0.8626866994405481,1100,5,False,descriptive correlation; no correction function fitted
heldout_50_descriptive,point_pooled,d_Zg_du,d_Zg_du,1.0,1.0,1100,5,False,descriptive correlation; no correction function fitted
heldout_50_descriptive,point_pooled,d_Zg_du,d_Zg_dv,0.9841958070287286,0.8627195259139584,1100,5,False,descriptive correlation; no correction function fitted
heldout_50_descriptive,point_pooled,d_Zg_du,J_lambda_norm,-0.9943450231784294,-0.8821573421285323,1100,5,False,descriptive correlation; no correction function fitted
heldout_50_descriptive,point_pooled,d_Zg_du,J_Z_norm,-0.9999934269296473,-0.999989036805365,1100,5,False,descriptive correlation; no correction function fitted
heldout_50_descriptive,point_pooled,d_Zg_du,height_residual,-0.08601593917059278,0.09681718895485188,1100,5,False,descriptive correlation; no correction function fitted
heldout_50_descriptive,point_pooled,d_Zg_dv,height,,,1100,5,False,descriptive correlation; no correction function fitted
heldout_50_descriptive,point_pooled,d_Zg_dv,q1,0.9796994188148966,0.9807558518643404,1100,5,False,descriptive correlation; no correction function fitted
heldout_50_descriptive,point_pooled,d_Zg_dv,q2,-0.9851241558729402,-0.977624218923096,1100,5,False,descriptive correlation; no correction function fitted
heldout_50_descriptive,point_pooled,d_Zg_dv,d_lambda_du,-0.9870637615983753,-0.9796837578152771,1100,5,False,descriptive correlation; no correction function fitted
heldout_50_descriptive,point_pooled,d_Zg_dv,d_lambda_dv,-0.9999999538284445,-0.9999996574001677,1100,5,False,descriptive correlation; no correction function fitted
heldout_50_descriptive,point_pooled,d_Zg_dv,d_Zg_du,0.9841958070287287,0.8627195259139584,1100,5,False,descriptive correlation; no correction function fitted
heldout_50_descriptive,point_pooled,d_Zg_dv,d_Zg_dv,1.0,1.0,1100,5,False,descriptive correlation; no correction function fitted
heldout_50_descriptive,point_pooled,d_Zg_dv,J_lambda_norm,-0.9871781475450625,-0.9798097443957317,1100,5,False,descriptive correlation; no correction function fitted
heldout_50_descriptive,point_pooled,d_Zg_dv,J_Z_norm,-0.9847749897189186,-0.8633963949932639,1100,5,False,descriptive correlation; no correction function fitted
heldout_50_descriptive,point_pooled,d_Zg_dv,height_residual,-0.2353096118776153,-0.2558338012150123,1100,5,False,descriptive correlation; no correction function fitted
heldout_50_descriptive,point_pooled,J_lambda_norm,height,,,1100,5,False,descriptive correlation; no correction function fitted
heldout_50_descriptive,point_pooled,J_lambda_norm,q1,-0.9934676683794773,-0.9888139351580231,1100,5,False,descriptive correlation; no correction function fitted
heldout_50_descriptive,point_pooled,J_lambda_norm,q2,0.9999067242924091,0.9997953326633102,1100,5,False,descriptive correlation; no correction function fitted
heldout_50_descriptive,point_pooled,J_lambda_norm,d_lambda_du,0.9999995281159885,0.9999978812905106,1100,5,False,descriptive correlation; no correction function fitted
heldout_50_descriptive,point_pooled,J_lambda_norm,d_lambda_dv,0.9872087292779506,0.9797835084612015,1100,5,False,descriptive correlation; no correction function fitted
heldout_50_descriptive,point_pooled,J_lambda_norm,d_Zg_du,-0.9943450231784293,-0.8821573421285323,1100,5,False,descriptive correlation; no correction function fitted
heldout_50_descriptive,point_pooled,J_lambda_norm,d_Zg_dv,-0.9871781475450625,-0.9798097443957317,1100,5,False,descriptive correlation; no correction function fitted
heldout_50_descriptive,point_pooled,J_lambda_norm,J_lambda_norm,1.0,1.0,1100,5,False,descriptive correlation; no correction function fitted
heldout_50_descriptive,point_pooled,J_lambda_norm,J_Z_norm,0.9946037853048886,0.8826540668065165,1100,5,False,descriptive correlation; no correction function fitted
heldout_50_descriptive,point_pooled,J_lambda_norm,height_residual,0.1597414688832529,0.19299870195234572,1100,5,False,descriptive correlation; no correction function fitted
heldout_50_descriptive,point_pooled,J_Z_norm,height,,,1100,5,False,descriptive correlation; no correction function fitted
heldout_50_descriptive,point_pooled,J_Z_norm,q1,-0.9763547553238315,-0.8623649350874745,1100,5,False,descriptive correlation; no correction function fitted
heldout_50_descriptive,point_pooled,J_Z_norm,q2,0.9939223641460017,0.8827599481862832,1100,5,False,descriptive correlation; no correction function fitted
heldout_50_descriptive,point_pooled,J_Z_norm,d_lambda_du,0.9945493932559946,0.8826996956947146,1100,5,False,descriptive correlation; no correction function fitted
heldout_50_descriptive,point_pooled,J_Z_norm,d_lambda_dv,0.9847902578773986,0.8633632709989467,1100,5,False,descriptive correlation; no correction function fitted
heldout_50_descriptive,point_pooled,J_Z_norm,d_Zg_du,-0.9999934269296473,-0.999989036805365,1100,5,False,descriptive correlation; no correction function fitted
heldout_50_descriptive,point_pooled,J_Z_norm,d_Zg_dv,-0.9847749897189186,-0.8633963949932639,1100,5,False,descriptive correlation; no correction function fitted
heldout_50_descriptive,point_pooled,J_Z_norm,J_lambda_norm,0.9946037853048885,0.8826540668065165,1100,5,False,descriptive correlation; no correction function fitted
heldout_50_descriptive,point_pooled,J_Z_norm,J_Z_norm,1.0,1.0,1100,5,False,descriptive correlation; no correction function fitted
heldout_50_descriptive,point_pooled,J_Z_norm,height_residual,0.08955561290402,-0.09621722452212395,1100,5,False,descriptive correlation; no correction function fitted
heldout_50_descriptive,point_pooled,height_residual,height,,,1100,5,False,descriptive correlation; no correction function fitted
heldout_50_descriptive,point_pooled,height_residual,q1,-0.24279221469261067,-0.24497152026196267,1100,5,False,descriptive correlation; no correction function fitted
heldout_50_descriptive,point_pooled,height_residual,q2,0.15741275893574638,0.1894020708807498,1100,5,False,descriptive correlation; no correction function fitted
heldout_50_descriptive,point_pooled,height_residual,d_lambda_du,0.1595180001827608,0.1926965379159968,1100,5,False,descriptive correlation; no correction function fitted
heldout_50_descriptive,point_pooled,height_residual,d_lambda_dv,0.2353649498248822,0.25589072688189296,1100,5,False,descriptive correlation; no correction function fitted
heldout_50_descriptive,point_pooled,height_residual,d_Zg_du,-0.0860159391705928,0.09681718895485188,1100,5,False,descriptive correlation; no correction function fitted
heldout_50_descriptive,point_pooled,height_residual,d_Zg_dv,-0.23530961187761537,-0.2558338012150123,1100,5,False,descriptive correlation; no correction function fitted
heldout_50_descriptive,point_pooled,height_residual,J_lambda_norm,0.1597414688832529,0.19299870195234572,1100,5,False,descriptive correlation; no correction function fitted
heldout_50_descriptive,point_pooled,height_residual,J_Z_norm,0.08955561290402,-0.09621722452212395,1100,5,False,descriptive correlation; no correction function fitted
heldout_50_descriptive,point_pooled,height_residual,height_residual,1.0,1.0,1100,5,False,descriptive correlation; no correction function fitted
heldout_50_descriptive,condition_balanced,height,height,1.0,1.0,5,5,False,descriptive correlation; no correction function fitted
heldout_50_descriptive,condition_balanced,height,q1,,,5,5,False,descriptive correlation; no correction function fitted
heldout_50_descriptive,condition_balanced,height,q2,,,5,5,False,descriptive correlation; no correction function fitted
heldout_50_descriptive,condition_balanced,height,d_lambda_du,,,5,5,False,descriptive correlation; no correction function fitted
heldout_50_descriptive,condition_balanced,height,d_lambda_dv,,,5,5,False,descriptive correlation; no correction function fitted
heldout_50_descriptive,condition_balanced,height,d_Zg_du,,,5,5,False,descriptive correlation; no correction function fitted
heldout_50_descriptive,condition_balanced,height,d_Zg_dv,,,5,5,False,descriptive correlation; no correction function fitted
heldout_50_descriptive,condition_balanced,height,J_lambda_norm,,,5,5,False,descriptive correlation; no correction function fitted
heldout_50_descriptive,condition_balanced,height,J_Z_norm,,,5,5,False,descriptive correlation; no correction function fitted
heldout_50_descriptive,condition_balanced,height,height_residual,,,5,5,False,descriptive correlation; no correction function fitted
heldout_50_descriptive,condition_balanced,q1,height,,,5,5,False,descriptive correlation; no correction function fitted
heldout_50_descriptive,condition_balanced,q1,q1,1.0,1.0,5,5,False,descriptive correlation; no correction function fitted
heldout_50_descriptive,condition_balanced,q1,q2,-0.9941372879543942,-0.9999999999999999,5,5,False,descriptive correlation; no correction function fitted
heldout_50_descriptive,condition_balanced,q1,d_lambda_du,-0.993826425030673,-0.9999999999999999,5,5,False,descriptive correlation; no correction function fitted
heldout_50_descriptive,condition_balanced,q1,d_lambda_dv,-0.9795845857704433,-0.9999999999999999,5,5,False,descriptive correlation; no correction function fitted
heldout_50_descriptive,condition_balanced,q1,d_Zg_du,0.9769774795521388,0.8999999999999998,5,5,False,descriptive correlation; no correction function fitted
heldout_50_descriptive,condition_balanced,q1,d_Zg_dv,0.9795405479015991,0.9999999999999999,5,5,False,descriptive correlation; no correction function fitted
heldout_50_descriptive,condition_balanced,q1,J_lambda_norm,-0.9937784753984442,-0.9999999999999999,5,5,False,descriptive correlation; no correction function fitted
heldout_50_descriptive,condition_balanced,q1,J_Z_norm,-0.9775152737040982,-0.8999999999999998,5,5,False,descriptive correlation; no correction function fitted
heldout_50_descriptive,condition_balanced,q1,height_residual,-0.2782486349098269,-0.19999999999999998,5,5,False,descriptive correlation; no correction function fitted
heldout_50_descriptive,condition_balanced,q2,height,,,5,5,False,descriptive correlation; no correction function fitted
heldout_50_descriptive,condition_balanced,q2,q1,-0.9941372879543942,-0.9999999999999999,5,5,False,descriptive correlation; no correction function fitted
heldout_50_descriptive,condition_balanced,q2,q2,1.0,1.0,5,5,False,descriptive correlation; no correction function fitted
heldout_50_descriptive,condition_balanced,q2,d_lambda_du,0.9999135303649616,0.9999999999999999,5,5,False,descriptive correlation; no correction function fitted
heldout_50_descriptive,condition_balanced,q2,d_lambda_dv,0.9841481160352388,0.9999999999999999,5,5,False,descriptive correlation; no correction function fitted
heldout_50_descriptive,condition_balanced,q2,d_Zg_du,-0.9939827530556474,-0.8999999999999998,5,5,False,descriptive correlation; no correction function fitted
heldout_50_descriptive,condition_balanced,q2,d_Zg_dv,-0.9841137737558725,-0.9999999999999999,5,5,False,descriptive correlation; no correction function fitted
heldout_50_descriptive,condition_balanced,q2,J_lambda_norm,0.9999058500108311,0.9999999999999999,5,5,False,descriptive correlation; no correction function fitted
heldout_50_descriptive,condition_balanced,q2,J_Z_norm,0.9942139849265101,0.8999999999999998,5,5,False,descriptive correlation; no correction function fitted
heldout_50_descriptive,condition_balanced,q2,height_residual,0.19288384397840827,0.19999999999999998,5,5,False,descriptive correlation; no correction function fitted
heldout_50_descriptive,condition_balanced,d_lambda_du,height,,,5,5,False,descriptive correlation; no correction function fitted
heldout_50_descriptive,condition_balanced,d_lambda_du,q1,-0.993826425030673,-0.9999999999999999,5,5,False,descriptive correlation; no correction function fitted
heldout_50_descriptive,condition_balanced,d_lambda_du,q2,0.9999135303649618,0.9999999999999999,5,5,False,descriptive correlation; no correction function fitted
heldout_50_descriptive,condition_balanced,d_lambda_du,d_lambda_du,1.0,1.0,5,5,False,descriptive correlation; no correction function fitted
heldout_50_descriptive,condition_balanced,d_lambda_du,d_lambda_dv,0.9861545420615072,0.9999999999999999,5,5,False,descriptive correlation; no correction function fitted
heldout_50_descriptive,condition_balanced,d_lambda_du,d_Zg_du,-0.9945762319189941,-0.8999999999999998,5,5,False,descriptive correlation; no correction function fitted
heldout_50_descriptive,condition_balanced,d_lambda_du,d_Zg_dv,-0.9861238043905753,-0.9999999999999999,5,5,False,descriptive correlation; no correction function fitted
heldout_50_descriptive,condition_balanced,d_lambda_du,J_lambda_norm,0.999999537208073,0.9999999999999999,5,5,False,descriptive correlation; no correction function fitted
heldout_50_descriptive,condition_balanced,d_lambda_du,J_Z_norm,0.99481902726874,0.8999999999999998,5,5,False,descriptive correlation; no correction function fitted
heldout_50_descriptive,condition_balanced,d_lambda_du,height_residual,0.1952726836491166,0.19999999999999998,5,5,False,descriptive correlation; no correction function fitted
heldout_50_descriptive,condition_balanced,d_lambda_dv,height,,,5,5,False,descriptive correlation; no correction function fitted
heldout_50_descriptive,condition_balanced,d_lambda_dv,q1,-0.979584585770443,-0.9999999999999999,5,5,False,descriptive correlation; no correction function fitted
heldout_50_descriptive,condition_balanced,d_lambda_dv,q2,0.9841481160352388,0.9999999999999999,5,5,False,descriptive correlation; no correction function fitted
heldout_50_descriptive,condition_balanced,d_lambda_dv,d_lambda_du,0.9861545420615071,0.9999999999999999,5,5,False,descriptive correlation; no correction function fitted
heldout_50_descriptive,condition_balanced,d_lambda_dv,d_lambda_dv,1.0,1.0,5,5,False,descriptive correlation; no correction function fitted
heldout_50_descriptive,condition_balanced,d_lambda_dv,d_Zg_du,-0.9832898043859342,-0.8999999999999998,5,5,False,descriptive correlation; no correction function fitted
heldout_50_descriptive,condition_balanced,d_lambda_dv,d_Zg_dv,-0.9999999540308971,-0.9999999999999999,5,5,False,descriptive correlation; no correction function fitted
heldout_50_descriptive,condition_balanced,d_lambda_dv,J_lambda_norm,0.986274568041166,0.9999999999999999,5,5,False,descriptive correlation; no correction function fitted
heldout_50_descriptive,condition_balanced,d_lambda_dv,J_Z_norm,0.9838892490704039,0.8999999999999998,5,5,False,descriptive correlation; no correction function fitted
heldout_50_descriptive,condition_balanced,d_lambda_dv,height_residual,0.2826426427903379,0.19999999999999998,5,5,False,descriptive correlation; no correction function fitted
heldout_50_descriptive,condition_balanced,d_Zg_du,height,,,5,5,False,descriptive correlation; no correction function fitted
heldout_50_descriptive,condition_balanced,d_Zg_du,q1,0.9769774795521389,0.8999999999999998,5,5,False,descriptive correlation; no correction function fitted
heldout_50_descriptive,condition_balanced,d_Zg_du,q2,-0.9939827530556475,-0.8999999999999998,5,5,False,descriptive correlation; no correction function fitted
heldout_50_descriptive,condition_balanced,d_Zg_du,d_lambda_du,-0.9945762319189941,-0.8999999999999998,5,5,False,descriptive correlation; no correction function fitted
heldout_50_descriptive,condition_balanced,d_Zg_du,d_lambda_dv,-0.9832898043859343,-0.8999999999999998,5,5,False,descriptive correlation; no correction function fitted
heldout_50_descriptive,condition_balanced,d_Zg_du,d_Zg_du,1.0,1.0,5,5,False,descriptive correlation; no correction function fitted
heldout_50_descriptive,condition_balanced,d_Zg_du,d_Zg_dv,0.9832738730720474,0.8999999999999998,5,5,False,descriptive correlation; no correction function fitted
heldout_50_descriptive,condition_balanced,d_Zg_du,J_lambda_norm,-0.9946290430833536,-0.8999999999999998,5,5,False,descriptive correlation; no correction function fitted
heldout_50_descriptive,condition_balanced,d_Zg_du,J_Z_norm,-0.9999934974490283,-0.9999999999999999,5,5,False,descriptive correlation; no correction function fitted
heldout_50_descriptive,condition_balanced,d_Zg_du,height_residual,-0.12291461178220628,0.09999999999999999,5,5,False,descriptive correlation; no correction function fitted
heldout_50_descriptive,condition_balanced,d_Zg_dv,height,,,5,5,False,descriptive correlation; no correction function fitted
heldout_50_descriptive,condition_balanced,d_Zg_dv,q1,0.9795405479015991,0.9999999999999999,5,5,False,descriptive correlation; no correction function fitted
heldout_50_descriptive,condition_balanced,d_Zg_dv,q2,-0.9841137737558725,-0.9999999999999999,5,5,False,descriptive correlation; no correction function fitted
heldout_50_descriptive,condition_balanced,d_Zg_dv,d_lambda_du,-0.9861238043905753,-0.9999999999999999,5,5,False,descriptive correlation; no correction function fitted
heldout_50_descriptive,condition_balanced,d_Zg_dv,d_lambda_dv,-0.9999999540308973,-0.9999999999999999,5,5,False,descriptive correlation; no correction function fitted
heldout_50_descriptive,condition_balanced,d_Zg_dv,d_Zg_du,0.9832738730720474,0.8999999999999998,5,5,False,descriptive correlation; no correction function fitted
heldout_50_descriptive,condition_balanced,d_Zg_dv,d_Zg_dv,1.0,1.0,5,5,False,descriptive correlation; no correction function fitted
heldout_50_descriptive,condition_balanced,d_Zg_dv,J_lambda_norm,-0.9862439101019475,-0.9999999999999999,5,5,False,descriptive correlation; no correction function fitted
heldout_50_descriptive,condition_balanced,d_Zg_dv,J_Z_norm,-0.9838732023290435,-0.8999999999999998,5,5,False,descriptive correlation; no correction function fitted
heldout_50_descriptive,condition_balanced,d_Zg_dv,height_residual,-0.28259033912941994,-0.19999999999999998,5,5,False,descriptive correlation; no correction function fitted
heldout_50_descriptive,condition_balanced,J_lambda_norm,height,,,5,5,False,descriptive correlation; no correction function fitted
heldout_50_descriptive,condition_balanced,J_lambda_norm,q1,-0.9937784753984441,-0.9999999999999999,5,5,False,descriptive correlation; no correction function fitted
heldout_50_descriptive,condition_balanced,J_lambda_norm,q2,0.9999058500108311,0.9999999999999999,5,5,False,descriptive correlation; no correction function fitted
heldout_50_descriptive,condition_balanced,J_lambda_norm,d_lambda_du,0.999999537208073,0.9999999999999999,5,5,False,descriptive correlation; no correction function fitted
heldout_50_descriptive,condition_balanced,J_lambda_norm,d_lambda_dv,0.9862745680411661,0.9999999999999999,5,5,False,descriptive correlation; no correction function fitted
heldout_50_descriptive,condition_balanced,J_lambda_norm,d_Zg_du,-0.9946290430833538,-0.8999999999999998,5,5,False,descriptive correlation; no correction function fitted
heldout_50_descriptive,condition_balanced,J_lambda_norm,d_Zg_dv,-0.9862439101019476,-0.9999999999999999,5,5,False,descriptive correlation; no correction function fitted
heldout_50_descriptive,condition_balanced,J_lambda_norm,J_lambda_norm,1.0,1.0,5,5,False,descriptive correlation; no correction function fitted
heldout_50_descriptive,condition_balanced,J_lambda_norm,J_Z_norm,0.9948727220497506,0.8999999999999998,5,5,False,descriptive correlation; no correction function fitted
heldout_50_descriptive,condition_balanced,J_lambda_norm,height_residual,0.19547683592415424,0.19999999999999998,5,5,False,descriptive correlation; no correction function fitted
heldout_50_descriptive,condition_balanced,J_Z_norm,height,,,5,5,False,descriptive correlation; no correction function fitted
heldout_50_descriptive,condition_balanced,J_Z_norm,q1,-0.9775152737040982,-0.8999999999999998,5,5,False,descriptive correlation; no correction function fitted
heldout_50_descriptive,condition_balanced,J_Z_norm,q2,0.9942139849265101,0.8999999999999998,5,5,False,descriptive correlation; no correction function fitted
heldout_50_descriptive,condition_balanced,J_Z_norm,d_lambda_du,0.99481902726874,0.8999999999999998,5,5,False,descriptive correlation; no correction function fitted
heldout_50_descriptive,condition_balanced,J_Z_norm,d_lambda_dv,0.983889249070404,0.8999999999999998,5,5,False,descriptive correlation; no correction function fitted
heldout_50_descriptive,condition_balanced,J_Z_norm,d_Zg_du,-0.9999934974490283,-0.9999999999999999,5,5,False,descriptive correlation; no correction function fitted
heldout_50_descriptive,condition_balanced,J_Z_norm,d_Zg_dv,-0.9838732023290436,-0.8999999999999998,5,5,False,descriptive correlation; no correction function fitted
heldout_50_descriptive,condition_balanced,J_Z_norm,J_lambda_norm,0.9948727220497506,0.8999999999999998,5,5,False,descriptive correlation; no correction function fitted
heldout_50_descriptive,condition_balanced,J_Z_norm,J_Z_norm,1.0,1.0,5,5,False,descriptive correlation; no correction function fitted
heldout_50_descriptive,condition_balanced,J_Z_norm,height_residual,0.12648406876507085,-0.09999999999999999,5,5,False,descriptive correlation; no correction function fitted
heldout_50_descriptive,condition_balanced,height_residual,height,,,5,5,False,descriptive correlation; no correction function fitted
heldout_50_descriptive,condition_balanced,height_residual,q1,-0.2782486349098269,-0.19999999999999998,5,5,False,descriptive correlation; no correction function fitted
heldout_50_descriptive,condition_balanced,height_residual,q2,0.1928838439784083,0.19999999999999998,5,5,False,descriptive correlation; no correction function fitted
heldout_50_descriptive,condition_balanced,height_residual,d_lambda_du,0.19527268364911662,0.19999999999999998,5,5,False,descriptive correlation; no correction function fitted
heldout_50_descriptive,condition_balanced,height_residual,d_lambda_dv,0.28264264279033796,0.19999999999999998,5,5,False,descriptive correlation; no correction function fitted
heldout_50_descriptive,condition_balanced,height_residual,d_Zg_du,-0.12291461178220628,0.09999999999999999,5,5,False,descriptive correlation; no correction function fitted
heldout_50_descriptive,condition_balanced,height_residual,d_Zg_dv,-0.28259033912942,-0.19999999999999998,5,5,False,descriptive correlation; no correction function fitted
heldout_50_descriptive,condition_balanced,height_residual,J_lambda_norm,0.19547683592415424,0.19999999999999998,5,5,False,descriptive correlation; no correction function fitted
heldout_50_descriptive,condition_balanced,height_residual,J_Z_norm,0.1264840687650709,-0.09999999999999999,5,5,False,descriptive correlation; no correction function fitted
heldout_50_descriptive,condition_balanced,height_residual,height_residual,1.0,1.0,5,5,False,descriptive correlation; no correction function fitted
