scope,aggregation,feature_set,feature_list,rank,condition_number_svd,condition_number_corr,max_vif,mean_vif,sample_count,used_for_model_selection,metric,component_index,feature,value
development_formal,point_pooled,q1,q1,1,1.0,1.0,1.0,1.0,6802,True,singular_value,1,PC1,82.47423840206102
development_formal,point_pooled,q1,q1,1,1.0,1.0,1.0,1.0,6802,True,explained_variance_ratio,1,PC1,1.0
development_formal,point_pooled,q1,q1,1,1.0,1.0,1.0,1.0,6802,True,pca_loading,1,q1,1.0
development_formal,point_pooled,q1,q1,1,1.0,1.0,1.0,1.0,6802,True,vif,,q1,1.0
development_formal,point_pooled,q1,q1,1,1.0,1.0,1.0,1.0,6802,True,rank,,__model__,1
development_formal,point_pooled,q1,q1,1,1.0,1.0,1.0,1.0,6802,True,condition_number_svd,,__model__,1.0
development_formal,point_pooled,q1,q1,1,1.0,1.0,1.0,1.0,6802,True,condition_number_corr,,__model__,1.0
development_formal,point_pooled,q1,q1,1,1.0,1.0,1.0,1.0,6802,True,max_vif,,__model__,1.0
development_formal,point_pooled,q1,q1,1,1.0,1.0,1.0,1.0,6802,True,mean_vif,,__model__,1.0
development_formal,point_pooled,q1+q2,q1+q2,2,1.207849616938276,1.45890069713794,1.0360870774561322,1.036087077456132,6802,True,singular_value,1,PC1,89.84122862558884
development_formal,point_pooled,q1+q2,q1+q2,2,1.207849616938276,1.45890069713794,1.0360870774561322,1.036087077456132,6802,True,explained_variance_ratio,1,PC1,0.5933141988352929
development_formal,point_pooled,q1+q2,q1+q2,2,1.207849616938276,1.45890069713794,1.0360870774561322,1.036087077456132,6802,True,singular_value,2,PC2,74.3811376562948
development_formal,point_pooled,q1+q2,q1+q2,2,1.207849616938276,1.45890069713794,1.0360870774561322,1.036087077456132,6802,True,explained_variance_ratio,2,PC2,0.40668580116470715
development_formal,point_pooled,q1+q2,q1+q2,2,1.207849616938276,1.45890069713794,1.0360870774561322,1.036087077456132,6802,True,pca_loading,1,q1,0.7071067811865512
development_formal,point_pooled,q1+q2,q1+q2,2,1.207849616938276,1.45890069713794,1.0360870774561322,1.036087077456132,6802,True,pca_loading,1,q2,-0.7071067811865439
development_formal,point_pooled,q1+q2,q1+q2,2,1.207849616938276,1.45890069713794,1.0360870774561322,1.036087077456132,6802,True,pca_loading,2,q1,-0.7071067811865439
development_formal,point_pooled,q1+q2,q1+q2,2,1.207849616938276,1.45890069713794,1.0360870774561322,1.036087077456132,6802,True,pca_loading,2,q2,-0.7071067811865512
development_formal,point_pooled,q1+q2,q1+q2,2,1.207849616938276,1.45890069713794,1.0360870774561322,1.036087077456132,6802,True,vif,,q1,1.036087077456132
development_formal,point_pooled,q1+q2,q1+q2,2,1.207849616938276,1.45890069713794,1.0360870774561322,1.036087077456132,6802,True,vif,,q2,1.0360870774561322
development_formal,point_pooled,q1+q2,q1+q2,2,1.207849616938276,1.45890069713794,1.0360870774561322,1.036087077456132,6802,True,rank,,__model__,2
development_formal,point_pooled,q1+q2,q1+q2,2,1.207849616938276,1.45890069713794,1.0360870774561322,1.036087077456132,6802,True,condition_number_svd,,__model__,1.207849616938276
development_formal,point_pooled,q1+q2,q1+q2,2,1.207849616938276,1.45890069713794,1.0360870774561322,1.036087077456132,6802,True,condition_number_corr,,__model__,1.45890069713794
development_formal,point_pooled,q1+q2,q1+q2,2,1.207849616938276,1.45890069713794,1.0360870774561322,1.036087077456132,6802,True,max_vif,,__model__,1.0360870774561322
development_formal,point_pooled,q1+q2,q1+q2,2,1.207849616938276,1.45890069713794,1.0360870774561322,1.036087077456132,6802,True,mean_vif,,__model__,1.036087077456132
development_formal,point_pooled,q1+J,q1+d_lambda_du+d_lambda_dv+d_Zg_du+d_Zg_dv,5,10114.224091037671,102297529.1806632,15489348.999042513,7402233.4339325335,6802,True,singular_value,1,PC1,148.29059043350978
development_formal,point_pooled,q1+J,q1+d_lambda_du+d_lambda_dv+d_Zg_du+d_Zg_dv,5,10114.224091037671,102297529.1806632,15489348.999042513,7402233.4339325335,6802,True,explained_variance_ratio,1,PC1,0.6465774540170218
development_formal,point_pooled,q1+J,q1+d_lambda_du+d_lambda_dv+d_Zg_du+d_Zg_dv,5,10114.224091037671,102297529.1806632,15489348.999042513,7402233.4339325335,6802,True,singular_value,2,PC2,108.77302802548537
development_formal,point_pooled,q1+J,q1+d_lambda_du+d_lambda_dv+d_Zg_du+d_Zg_dv,5,10114.224091037671,102297529.1806632,15489348.999042513,7402233.4339325335,6802,True,explained_variance_ratio,2,PC2,0.3478850816181421
development_formal,point_pooled,q1+J,q1+d_lambda_du+d_lambda_dv+d_Zg_du+d_Zg_dv,5,10114.224091037671,102297529.1806632,15489348.999042513,7402233.4339325335,6802,True,singular_value,3,PC3,13.72325329616877
development_formal,point_pooled,q1+J,q1+d_lambda_du+d_lambda_dv+d_Zg_du+d_Zg_dv,5,10114.224091037671,102297529.1806632,15489348.999042513,7402233.4339325335,6802,True,explained_variance_ratio,3,PC3,0.005537420788909343
development_formal,point_pooled,q1+J,q1+d_lambda_du+d_lambda_dv+d_Zg_du+d_Zg_dv,5,10114.224091037671,102297529.1806632,15489348.999042513,7402233.4339325335,6802,True,singular_value,4,PC4,0.03559571734701688
development_formal,point_pooled,q1+J,q1+d_lambda_du+d_lambda_dv+d_Zg_du+d_Zg_dv,5,10114.224091037671,102297529.1806632,15489348.999042513,7402233.4339325335,6802,True,explained_variance_ratio,4,PC4,3.725536881648682e-08
development_formal,point_pooled,q1+J,q1+d_lambda_du+d_lambda_dv+d_Zg_du+d_Zg_dv,5,10114.224091037671,102297529.1806632,15489348.999042513,7402233.4339325335,6802,True,singular_value,5,PC5,0.01466158838273237
development_formal,point_pooled,q1+J,q1+d_lambda_du+d_lambda_dv+d_Zg_du+d_Zg_dv,5,10114.224091037671,102297529.1806632,15489348.999042513,7402233.4339325335,6802,True,explained_variance_ratio,5,PC5,6.3205578919339175e-09
development_formal,point_pooled,q1+J,q1+d_lambda_du+d_lambda_dv+d_Zg_du+d_Zg_dv,5,10114.224091037671,102297529.1806632,15489348.999042513,7402233.4339325335,6802,True,pca_loading,1,q1,0.5099346317223818
development_formal,point_pooled,q1+J,q1+d_lambda_du+d_lambda_dv+d_Zg_du+d_Zg_dv,5,10114.224091037671,102297529.1806632,15489348.999042513,7402233.4339325335,6802,True,pca_loading,1,d_lambda_du,-0.30588632086329526
development_formal,point_pooled,q1+J,q1+d_lambda_du+d_lambda_dv+d_Zg_du+d_Zg_dv,5,10114.224091037671,102297529.1806632,15489348.999042513,7402233.4339325335,6802,True,pca_loading,1,d_lambda_dv,-0.529499054409202
development_formal,point_pooled,q1+J,q1+d_lambda_du+d_lambda_dv+d_Zg_du+d_Zg_dv,5,10114.224091037671,102297529.1806632,15489348.999042513,7402233.4339325335,6802,True,pca_loading,1,d_Zg_du,0.2897029276715375
development_formal,point_pooled,q1+J,q1+d_lambda_du+d_lambda_dv+d_Zg_du+d_Zg_dv,5,10114.224091037671,102297529.1806632,15489348.999042513,7402233.4339325335,6802,True,pca_loading,1,d_Zg_dv,0.5311338768683255
development_formal,point_pooled,q1+J,q1+d_lambda_du+d_lambda_dv+d_Zg_du+d_Zg_dv,5,10114.224091037671,102297529.1806632,15489348.999042513,7402233.4339325335,6802,True,pca_loading,2,q1,0.2848341803214019
development_formal,point_pooled,q1+J,q1+d_lambda_du+d_lambda_dv+d_Zg_du+d_Zg_dv,5,10114.224091037671,102297529.1806632,15489348.999042513,7402233.4339325335,6802,True,pca_loading,2,d_lambda_du,0.6332097193848248
development_formal,point_pooled,q1+J,q1+d_lambda_du+d_lambda_dv+d_Zg_du+d_Zg_dv,5,10114.224091037671,102297529.1806632,15489348.999042513,7402233.4339325335,6802,True,pca_loading,2,d_lambda_dv,-0.22609138665857198
development_formal,point_pooled,q1+J,q1+d_lambda_du+d_lambda_dv+d_Zg_du+d_Zg_dv,5,10114.224091037671,102297529.1806632,15489348.999042513,7402233.4339325335,6802,True,pca_loading,2,d_Zg_du,-0.6472303856794257
development_formal,point_pooled,q1+J,q1+d_lambda_du+d_lambda_dv+d_Zg_du+d_Zg_dv,5,10114.224091037671,102297529.1806632,15489348.999042513,7402233.4339325335,6802,True,pca_loading,2,d_Zg_dv,0.2188388761835791
development_formal,point_pooled,q1+J,q1+d_lambda_du+d_lambda_dv+d_Zg_du+d_Zg_dv,5,10114.224091037671,102297529.1806632,15489348.999042513,7402233.4339325335,6802,True,pca_loading,3,q1,-0.8112382561975833
development_formal,point_pooled,q1+J,q1+d_lambda_du+d_lambda_dv+d_Zg_du+d_Zg_dv,5,10114.224091037671,102297529.1806632,15489348.999042513,7402233.4339325335,6802,True,pca_loading,3,d_lambda_du,0.053626247407997374
development_formal,point_pooled,q1+J,q1+d_lambda_du+d_lambda_dv+d_Zg_du+d_Zg_dv,5,10114.224091037671,102297529.1806632,15489348.999042513,7402233.4339325335,6802,True,pca_loading,3,d_lambda_dv,-0.4112687003555188
development_formal,point_pooled,q1+J,q1+d_lambda_du+d_lambda_dv+d_Zg_du+d_Zg_dv,5,10114.224091037671,102297529.1806632,15489348.999042513,7402233.4339325335,6802,True,pca_loading,3,d_Zg_du,-0.02171772792568634
development_formal,point_pooled,q1+J,q1+d_lambda_du+d_lambda_dv+d_Zg_du+d_Zg_dv,5,10114.224091037671,102297529.1806632,15489348.999042513,7402233.4339325335,6802,True,pca_loading,3,d_Zg_dv,0.4115860950907698
development_formal,point_pooled,q1+J,q1+d_lambda_du+d_lambda_dv+d_Zg_du+d_Zg_dv,5,10114.224091037671,102297529.1806632,15489348.999042513,7402233.4339325335,6802,True,pca_loading,4,q1,0.02677780936346979
development_formal,point_pooled,q1+J,q1+d_lambda_du+d_lambda_dv+d_Zg_du+d_Zg_dv,5,10114.224091037671,102297529.1806632,15489348.999042513,7402233.4339325335,6802,True,pca_loading,4,d_lambda_du,0.6998347172751389
development_formal,point_pooled,q1+J,q1+d_lambda_du+d_lambda_dv+d_Zg_du+d_Zg_dv,5,10114.224091037671,102297529.1806632,15489348.999042513,7402233.4339325335,6802,True,pca_loading,4,d_lambda_dv,0.1174502310781751
development_formal,point_pooled,q1+J,q1+d_lambda_du+d_lambda_dv+d_Zg_du+d_Zg_dv,5,10114.224091037671,102297529.1806632,15489348.999042513,7402233.4339325335,6802,True,pca_loading,4,d_Zg_du,0.6945183071932867
development_formal,point_pooled,q1+J,q1+d_lambda_du+d_lambda_dv+d_Zg_du+d_Zg_dv,5,10114.224091037671,102297529.1806632,15489348.999042513,7402233.4339325335,6802,True,pca_loading,4,d_Zg_dv,0.11560312113076876
development_formal,point_pooled,q1+J,q1+d_lambda_du+d_lambda_dv+d_Zg_du+d_Zg_dv,5,10114.224091037671,102297529.1806632,15489348.999042513,7402233.4339325335,6802,True,pca_loading,5,q1,-0.003406126537791218
development_formal,point_pooled,q1+J,q1+d_lambda_du+d_lambda_dv+d_Zg_du+d_Zg_dv,5,10114.224091037671,102297529.1806632,15489348.999042513,7402233.4339325335,6802,True,pca_loading,5,d_lambda_du,-0.11328991160148133
development_formal,point_pooled,q1+J,q1+d_lambda_du+d_lambda_dv+d_Zg_du+d_Zg_dv,5,10114.224091037671,102297529.1806632,15489348.999042513,7402233.4339325335,6802,True,pca_loading,5,d_lambda_dv,0.6968335063601141
development_formal,point_pooled,q1+J,q1+d_lambda_du+d_lambda_dv+d_Zg_du+d_Zg_dv,5,10114.224091037671,102297529.1806632,15489348.999042513,7402233.4339325335,6802,True,pca_loading,5,d_Zg_du,-0.11974014706404429
development_formal,point_pooled,q1+J,q1+d_lambda_du+d_lambda_dv+d_Zg_du+d_Zg_dv,5,10114.224091037671,102297529.1806632,15489348.999042513,7402233.4339325335,6802,True,pca_loading,5,d_Zg_dv,0.6980251828023738
development_formal,point_pooled,q1+J,q1+d_lambda_du+d_lambda_dv+d_Zg_du+d_Zg_dv,5,10114.224091037671,102297529.1806632,15489348.999042513,7402233.4339325335,6802,True,vif,,q1,4240.390316069357
development_formal,point_pooled,q1+J,q1+d_lambda_du+d_lambda_dv+d_Zg_du+d_Zg_dv,5,10114.224091037671,102297529.1806632,15489348.999042513,7402233.4339325335,6802,True,vif,,d_lambda_du,3035374.154224017
development_formal,point_pooled,q1+J,q1+d_lambda_du+d_lambda_dv+d_Zg_du+d_Zg_dv,5,10114.224091037671,102297529.1806632,15489348.999042513,7402233.4339325335,6802,True,vif,,d_lambda_dv,15439062.684987387
development_formal,point_pooled,q1+J,q1+d_lambda_du+d_lambda_dv+d_Zg_du+d_Zg_dv,5,10114.224091037671,102297529.1806632,15489348.999042513,7402233.4339325335,6802,True,vif,,d_Zg_du,3043140.9410926816
development_formal,point_pooled,q1+J,q1+d_lambda_du+d_lambda_dv+d_Zg_du+d_Zg_dv,5,10114.224091037671,102297529.1806632,15489348.999042513,7402233.4339325335,6802,True,vif,,d_Zg_dv,15489348.999042513
development_formal,point_pooled,q1+J,q1+d_lambda_du+d_lambda_dv+d_Zg_du+d_Zg_dv,5,10114.224091037671,102297529.1806632,15489348.999042513,7402233.4339325335,6802,True,rank,,__model__,5
development_formal,point_pooled,q1+J,q1+d_lambda_du+d_lambda_dv+d_Zg_du+d_Zg_dv,5,10114.224091037671,102297529.1806632,15489348.999042513,7402233.4339325335,6802,True,condition_number_svd,,__model__,10114.224091037671
development_formal,point_pooled,q1+J,q1+d_lambda_du+d_lambda_dv+d_Zg_du+d_Zg_dv,5,10114.224091037671,102297529.1806632,15489348.999042513,7402233.4339325335,6802,True,condition_number_corr,,__model__,102297529.1806632
development_formal,point_pooled,q1+J,q1+d_lambda_du+d_lambda_dv+d_Zg_du+d_Zg_dv,5,10114.224091037671,102297529.1806632,15489348.999042513,7402233.4339325335,6802,True,max_vif,,__model__,15489348.999042513
development_formal,point_pooled,q1+J,q1+d_lambda_du+d_lambda_dv+d_Zg_du+d_Zg_dv,5,10114.224091037671,102297529.1806632,15489348.999042513,7402233.4339325335,6802,True,mean_vif,,__model__,7402233.4339325335
development_formal,point_pooled,q1+q2+J,q1+q2+d_lambda_du+d_lambda_dv+d_Zg_du+d_Zg_dv,6,11091.068411787213,123011798.71091741,16380935.371348549,6489436.113482315,6802,True,singular_value,1,PC1,158.57173109974318
development_formal,point_pooled,q1+q2+J,q1+q2+d_lambda_du+d_lambda_dv+d_Zg_du+d_Zg_dv,6,11091.068411787213,123011798.71091741,16380935.371348549,6489436.113482315,6802,True,explained_variance_ratio,1,PC1,0.6161176591191131
development_formal,point_pooled,q1+q2+J,q1+q2+d_lambda_du+d_lambda_dv+d_Zg_du+d_Zg_dv,6,11091.068411787213,123011798.71091741,16380935.371348549,6489436.113482315,6802,True,singular_value,2,PC2,124.41040895771879
development_formal,point_pooled,q1+q2+J,q1+q2+d_lambda_du+d_lambda_dv+d_Zg_du+d_Zg_dv,6,11091.068411787213,123011798.71091741,16380935.371348549,6489436.113482315,6802,True,explained_variance_ratio,2,PC2,0.37924997199418864
development_formal,point_pooled,q1+q2+J,q1+q2+d_lambda_du+d_lambda_dv+d_Zg_du+d_Zg_dv,6,11091.068411787213,123011798.71091741,16380935.371348549,6489436.113482315,6802,True,singular_value,3,PC3,13.744886315750966
development_formal,point_pooled,q1+q2+J,q1+q2+d_lambda_du+d_lambda_dv+d_Zg_du+d_Zg_dv,6,11091.068411787213,123011798.71091741,16380935.371348549,6489436.113482315,6802,True,explained_variance_ratio,3,PC3,0.00462907722809267
development_formal,point_pooled,q1+q2+J,q1+q2+d_lambda_du+d_lambda_dv+d_Zg_du+d_Zg_dv,6,11091.068411787213,123011798.71091741,16380935.371348549,6489436.113482315,6802,True,singular_value,4,PC4,0.36458488938648725
development_formal,point_pooled,q1+q2+J,q1+q2+d_lambda_du+d_lambda_dv+d_Zg_du+d_Zg_dv,6,11091.068411787213,123011798.71091741,16380935.371348549,6489436.113482315,6802,True,explained_variance_ratio,4,PC4,3.256937703836055e-06
development_formal,point_pooled,q1+q2+J,q1+q2+d_lambda_du+d_lambda_dv+d_Zg_du+d_Zg_dv,6,11091.068411787213,123011798.71091741,16380935.371348549,6489436.113482315,6802,True,singular_value,5,PC5,0.034822668087005994
development_formal,point_pooled,q1+q2+J,q1+q2+d_lambda_du+d_lambda_dv+d_Zg_du+d_Zg_dv,6,11091.068411787213,123011798.71091741,16380935.371348549,6489436.113482315,6802,True,explained_variance_ratio,5,PC5,2.9712295714441467e-08
development_formal,point_pooled,q1+q2+J,q1+q2+d_lambda_du+d_lambda_dv+d_Zg_du+d_Zg_dv,6,11091.068411787213,123011798.71091741,16380935.371348549,6489436.113482315,6802,True,singular_value,6,PC6,0.014297245784835164
development_formal,point_pooled,q1+q2+J,q1+q2+d_lambda_du+d_lambda_dv+d_Zg_du+d_Zg_dv,6,11091.068411787213,123011798.71091741,16380935.371348549,6489436.113482315,6802,True,explained_variance_ratio,6,PC6,5.0086062195429466e-09
development_formal,point_pooled,q1+q2+J,q1+q2+d_lambda_du+d_lambda_dv+d_Zg_du+d_Zg_dv,6,11091.068411787213,123011798.71091741,16380935.371348549,6489436.113482315,6802,True,pca_loading,1,q1,0.381374006568407
development_formal,point_pooled,q1+q2+J,q1+q2+d_lambda_du+d_lambda_dv+d_Zg_du+d_Zg_dv,6,11091.068411787213,123011798.71091741,16380935.371348549,6489436.113482315,6802,True,pca_loading,1,q2,-0.41569135146819947
development_formal,point_pooled,q1+q2+J,q1+q2+d_lambda_du+d_lambda_dv+d_Zg_du+d_Zg_dv,6,11091.068411787213,123011798.71091741,16380935.371348549,6489436.113482315,6802,True,pca_loading,1,d_lambda_du,-0.4174492816274785
development_formal,point_pooled,q1+q2+J,q1+q2+d_lambda_du+d_lambda_dv+d_Zg_du+d_Zg_dv,6,11091.068411787213,123011798.71091741,16380935.371348549,6489436.113482315,6802,True,pca_loading,1,d_lambda_dv,-0.41209213590734467
development_formal,point_pooled,q1+q2+J,q1+q2+d_lambda_du+d_lambda_dv+d_Zg_du+d_Zg_dv,6,11091.068411787213,123011798.71091741,16380935.371348549,6489436.113482315,6802,True,pca_loading,1,d_Zg_du,0.40651408816837414
development_formal,point_pooled,q1+q2+J,q1+q2+d_lambda_du+d_lambda_dv+d_Zg_du+d_Zg_dv,6,11091.068411787213,123011798.71091741,16380935.371348549,6489436.113482315,6802,True,pca_loading,1,d_Zg_dv,0.41523129980910917
development_formal,point_pooled,q1+q2+J,q1+q2+d_lambda_du+d_lambda_dv+d_Zg_du+d_Zg_dv,6,11091.068411787213,123011798.71091741,16380935.371348549,6489436.113482315,6802,True,pca_loading,2,q1,0.4417509958911993
development_formal,point_pooled,q1+q2+J,q1+q2+d_lambda_du+d_lambda_dv+d_Zg_du+d_Zg_dv,6,11091.068411787213,123011798.71091741,16380935.371348549,6489436.113482315,6802,True,pca_loading,2,q2,0.39838205791269327
development_formal,point_pooled,q1+q2+J,q1+q2+d_lambda_du+d_lambda_dv+d_Zg_du+d_Zg_dv,6,11091.068411787213,123011798.71091741,16380935.371348549,6489436.113482315,6802,True,pca_loading,2,d_lambda_du,0.3954076981048504
development_formal,point_pooled,q1+q2+J,q1+q2+d_lambda_du+d_lambda_dv+d_Zg_du+d_Zg_dv,6,11091.068411787213,123011798.71091741,16380935.371348549,6489436.113482315,6802,True,pca_loading,2,d_lambda_dv,-0.4018885488279828
development_formal,point_pooled,q1+q2+J,q1+q2+d_lambda_du+d_lambda_dv+d_Zg_du+d_Zg_dv,6,11091.068411787213,123011798.71091741,16380935.371348549,6489436.113482315,6802,True,pca_loading,2,d_Zg_du,-0.4135171956497402
development_formal,point_pooled,q1+q2+J,q1+q2+d_lambda_du+d_lambda_dv+d_Zg_du+d_Zg_dv,6,11091.068411787213,123011798.71091741,16380935.371348549,6489436.113482315,6802,True,pca_loading,2,d_Zg_dv,0.39659761606030497
development_formal,point_pooled,q1+q2+J,q1+q2+d_lambda_du+d_lambda_dv+d_Zg_du+d_Zg_dv,6,11091.068411787213,123011798.71091741,16380935.371348549,6489436.113482315,6802,True,pca_loading,3,q1,0.8112340958957339
development_formal,point_pooled,q1+q2+J,q1+q2+d_lambda_du+d_lambda_dv+d_Zg_du+d_Zg_dv,6,11091.068411787213,123011798.71091741,16380935.371348549,6489436.113482315,6802,True,pca_loading,3,q2,-0.045758590633177776
development_formal,point_pooled,q1+q2+J,q1+q2+d_lambda_du+d_lambda_dv+d_Zg_du+d_Zg_dv,6,11091.068411787213,123011798.71091741,16380935.371348549,6489436.113482315,6802,True,pca_loading,3,d_lambda_du,-0.030546626293948748
development_formal,point_pooled,q1+q2+J,q1+q2+d_lambda_du+d_lambda_dv+d_Zg_du+d_Zg_dv,6,11091.068411787213,123011798.71091741,16380935.371348549,6489436.113482315,6802,True,pca_loading,3,d_lambda_dv,0.41134804814218573
development_formal,point_pooled,q1+q2+J,q1+q2+d_lambda_du+d_lambda_dv+d_Zg_du+d_Zg_dv,6,11091.068411787213,123011798.71091741,16380935.371348549,6489436.113482315,6802,True,pca_loading,3,d_Zg_du,-0.0014981748505049144
development_formal,point_pooled,q1+q2+J,q1+q2+d_lambda_du+d_lambda_dv+d_Zg_du+d_Zg_dv,6,11091.068411787213,123011798.71091741,16380935.371348549,6489436.113482315,6802,True,pca_loading,3,d_Zg_dv,-0.4119014875225467
development_formal,point_pooled,q1+q2+J,q1+q2+d_lambda_du+d_lambda_dv+d_Zg_du+d_Zg_dv,6,11091.068411787213,123011798.71091741,16380935.371348549,6489436.113482315,6802,True,pca_loading,4,q1,-0.02357106544168551
development_formal,point_pooled,q1+q2+J,q1+q2+d_lambda_du+d_lambda_dv+d_Zg_du+d_Zg_dv,6,11091.068411787213,123011798.71091741,16380935.371348549,6489436.113482315,6802,True,pca_loading,4,q2,-0.8161312396507294
development_formal,point_pooled,q1+q2+J,q1+q2+d_lambda_du+d_lambda_dv+d_Zg_du+d_Zg_dv,6,11091.068411787213,123011798.71091741,16380935.371348549,6489436.113482315,6802,True,pca_loading,4,d_lambda_du,0.4204642477739739
development_formal,point_pooled,q1+q2+J,q1+q2+d_lambda_du+d_lambda_dv+d_Zg_du+d_Zg_dv,6,11091.068411787213,123011798.71091741,16380935.371348549,6489436.113482315,6802,True,pca_loading,4,d_lambda_dv,-0.0008893277907741082
development_formal,point_pooled,q1+q2+J,q1+q2+d_lambda_du+d_lambda_dv+d_Zg_du+d_Zg_dv,6,11091.068411787213,123011798.71091741,16380935.371348549,6489436.113482315,6802,True,pca_loading,4,d_Zg_du,-0.3954718437597906
development_formal,point_pooled,q1+q2+J,q1+q2+d_lambda_du+d_lambda_dv+d_Zg_du+d_Zg_dv,6,11091.068411787213,123011798.71091741,16380935.371348549,6489436.113482315,6802,True,pca_loading,4,d_Zg_dv,0.013610685996189864
development_formal,point_pooled,q1+q2+J,q1+q2+d_lambda_du+d_lambda_dv+d_Zg_du+d_Zg_dv,6,11091.068411787213,123011798.71091741,16380935.371348549,6489436.113482315,6802,True,pca_loading,5,q1,0.027331231522874633
development_formal,point_pooled,q1+q2+J,q1+q2+d_lambda_du+d_lambda_dv+d_Zg_du+d_Zg_dv,6,11091.068411787213,123011798.71091741,16380935.371348549,6489436.113482315,6802,True,pca_loading,5,q2,0.01650904076422695
development_formal,point_pooled,q1+q2+J,q1+q2+d_lambda_du+d_lambda_dv+d_Zg_du+d_Zg_dv,6,11091.068411787213,123011798.71091741,16380935.371348549,6489436.113482315,6802,True,pca_loading,5,d_lambda_du,0.693910941875017
development_formal,point_pooled,q1+q2+J,q1+q2+d_lambda_du+d_lambda_dv+d_Zg_du+d_Zg_dv,6,11091.068411787213,123011798.71091741,16380935.371348549,6489436.113482315,6802,True,pca_loading,5,d_lambda_dv,0.10130633287436329
development_formal,point_pooled,q1+q2+J,q1+q2+d_lambda_du+d_lambda_dv+d_Zg_du+d_Zg_dv,6,11091.068411787213,123011798.71091741,16380935.371348549,6489436.113482315,6802,True,pca_loading,5,d_Zg_du,0.7052492681194302
development_formal,point_pooled,q1+q2+J,q1+q2+d_lambda_du+d_lambda_dv+d_Zg_du+d_Zg_dv,6,11091.068411787213,123011798.71091741,16380935.371348549,6489436.113482315,6802,True,pca_loading,5,d_Zg_dv,0.09913907826468918
development_formal,point_pooled,q1+q2+J,q1+q2+d_lambda_du+d_lambda_dv+d_Zg_du+d_Zg_dv,6,11091.068411787213,123011798.71091741,16380935.371348549,6489436.113482315,6802,True,pca_loading,6,q1,-0.002564187339646924
development_formal,point_pooled,q1+q2+J,q1+q2+d_lambda_du+d_lambda_dv+d_Zg_du+d_Zg_dv,6,11091.068411787213,123011798.71091741,16380935.371348549,6489436.113482315,6802,True,pca_loading,6,q2,0.007472541084793469
development_formal,point_pooled,q1+q2+J,q1+q2+d_lambda_du+d_lambda_dv+d_Zg_du+d_Zg_dv,6,11091.068411787213,123011798.71091741,16380935.371348549,6489436.113482315,6802,True,pca_loading,6,d_lambda_du,-0.1007629607553145
development_formal,point_pooled,q1+q2+J,q1+q2+d_lambda_du+d_lambda_dv+d_Zg_du+d_Zg_dv,6,11091.068411787213,123011798.71091741,16380935.371348549,6489436.113482315,6802,True,pca_loading,6,d_lambda_dv,0.6994245385668882
development_formal,point_pooled,q1+q2+J,q1+q2+d_lambda_du+d_lambda_dv+d_Zg_du+d_Zg_dv,6,11091.068411787213,123011798.71091741,16380935.371348549,6489436.113482315,6802,True,pca_loading,6,d_Zg_du,-0.09986526475690832
development_formal,point_pooled,q1+q2+J,q1+q2+d_lambda_du+d_lambda_dv+d_Zg_du+d_Zg_dv,6,11091.068411787213,123011798.71091741,16380935.371348549,6489436.113482315,6802,True,pca_loading,6,d_Zg_dv,0.7004403297629109
development_formal,point_pooled,q1+q2+J,q1+q2+d_lambda_du+d_lambda_dv+d_Zg_du+d_Zg_dv,6,11091.068411787213,123011798.71091741,16380935.371348549,6489436.113482315,6802,True,vif,,q1,4461.206131659136
development_formal,point_pooled,q1+q2+J,q1+q2+d_lambda_du+d_lambda_dv+d_Zg_du+d_Zg_dv,6,11091.068411787213,123011798.71091741,16380935.371348549,6489436.113482315,6802,True,vif,,q2,37471.79517741105
development_formal,point_pooled,q1+q2+J,q1+q2+d_lambda_du+d_lambda_dv+d_Zg_du+d_Zg_dv,6,11091.068411787213,123011798.71091741,16380935.371348549,6489436.113482315,6802,True,vif,,d_lambda_du,3047876.1732150107
development_formal,point_pooled,q1+q2+J,q1+q2+d_lambda_du+d_lambda_dv+d_Zg_du+d_Zg_dv,6,11091.068411787213,123011798.71091741,16380935.371348549,6489436.113482315,6802,True,vif,,d_lambda_dv,16336045.155517118
development_formal,point_pooled,q1+q2+J,q1+q2+d_lambda_du+d_lambda_dv+d_Zg_du+d_Zg_dv,6,11091.068411787213,123011798.71091741,16380935.371348549,6489436.113482315,6802,True,vif,,d_Zg_du,3129826.979504141
development_formal,point_pooled,q1+q2+J,q1+q2+d_lambda_du+d_lambda_dv+d_Zg_du+d_Zg_dv,6,11091.068411787213,123011798.71091741,16380935.371348549,6489436.113482315,6802,True,vif,,d_Zg_dv,16380935.371348549
development_formal,point_pooled,q1+q2+J,q1+q2+d_lambda_du+d_lambda_dv+d_Zg_du+d_Zg_dv,6,11091.068411787213,123011798.71091741,16380935.371348549,6489436.113482315,6802,True,rank,,__model__,6
development_formal,point_pooled,q1+q2+J,q1+q2+d_lambda_du+d_lambda_dv+d_Zg_du+d_Zg_dv,6,11091.068411787213,123011798.71091741,16380935.371348549,6489436.113482315,6802,True,condition_number_svd,,__model__,11091.068411787213
development_formal,point_pooled,q1+q2+J,q1+q2+d_lambda_du+d_lambda_dv+d_Zg_du+d_Zg_dv,6,11091.068411787213,123011798.71091741,16380935.371348549,6489436.113482315,6802,True,condition_number_corr,,__model__,123011798.71091741
development_formal,point_pooled,q1+q2+J,q1+q2+d_lambda_du+d_lambda_dv+d_Zg_du+d_Zg_dv,6,11091.068411787213,123011798.71091741,16380935.371348549,6489436.113482315,6802,True,max_vif,,__model__,16380935.371348549
development_formal,point_pooled,q1+q2+J,q1+q2+d_lambda_du+d_lambda_dv+d_Zg_du+d_Zg_dv,6,11091.068411787213,123011798.71091741,16380935.371348549,6489436.113482315,6802,True,mean_vif,,__model__,6489436.113482315
development_formal,point_pooled,height+q1+q2,height+q1+q2,3,352.9087646893471,124544.59620236569,30730.405034712443,20322.26597843546,6802,True,singular_value,1,PC1,117.87983797111993
development_formal,point_pooled,height+q1+q2,height+q1+q2,3,352.9087646893471,124544.59620236569,30730.405034712443,20322.26597843546,6802,True,explained_variance_ratio,1,PC1,0.6809593354943138
development_formal,point_pooled,height+q1+q2,height+q1+q2,3,352.9087646893471,124544.59620236569,30730.405034712443,20322.26597843546,6802,True,singular_value,2,PC2,80.68601011434478
development_formal,point_pooled,height+q1+q2,height+q1+q2,3,352.9087646893471,124544.59620236569,30730.405034712443,20322.26597843546,6802,True,explained_variance_ratio,2,PC2,0.3190351969112959
development_formal,point_pooled,height+q1+q2,height+q1+q2,3,352.9087646893471,124544.59620236569,30730.405034712443,20322.26597843546,6802,True,singular_value,3,PC3,0.3340235487630502
development_formal,point_pooled,height+q1+q2,height+q1+q2,3,352.9087646893471,124544.59620236569,30730.405034712443,20322.26597843546,6802,True,explained_variance_ratio,3,PC3,5.467594390289993e-06
development_formal,point_pooled,height+q1+q2,height+q1+q2,3,352.9087646893471,124544.59620236569,30730.405034712443,20322.26597843546,6802,True,pca_loading,1,height,0.6889325679809688
development_formal,point_pooled,height+q1+q2,height+q1+q2,3,352.9087646893471,124544.59620236569,30730.405034712443,20322.26597843546,6802,True,pca_loading,1,q1,0.2038283011008839
development_formal,point_pooled,height+q1+q2,height+q1+q2,3,352.9087646893471,124544.59620236569,30730.405034712443,20322.26597843546,6802,True,pca_loading,1,q2,-0.695575977478719
development_formal,point_pooled,height+q1+q2,height+q1+q2,3,352.9087646893471,124544.59620236569,30730.405034712443,20322.26597843546,6802,True,pca_loading,2,height,0.17817511775363648
development_formal,point_pooled,height+q1+q2,height+q1+q2,3,352.9087646893471,124544.59620236569,30730.405034712443,20322.26597843546,6802,True,pca_loading,2,q1,-0.9778239340639373
development_formal,point_pooled,height+q1+q2,height+q1+q2,3,352.9087646893471,124544.59620236569,30730.405034712443,20322.26597843546,6802,True,pca_loading,2,q2,-0.11006353340322594
development_formal,point_pooled,height+q1+q2,height+q1+q2,3,352.9087646893471,124544.59620236569,30730.405034712443,20322.26597843546,6802,True,pca_loading,3,height,-0.7025849017653493
development_formal,point_pooled,height+q1+q2,height+q1+q2,3,352.9087646893471,124544.59620236569,30730.405034712443,20322.26597843546,6802,True,pca_loading,3,q1,-0.04810797898532759
development_formal,point_pooled,height+q1+q2,height+q1+q2,3,352.9087646893471,124544.59620236569,30730.405034712443,20322.26597843546,6802,True,pca_loading,3,q2,-0.7099718854780954
development_formal,point_pooled,height+q1+q2,height+q1+q2,3,352.9087646893471,124544.59620236569,30730.405034712443,20322.26597843546,6802,True,vif,,height,30094.27692979776
development_formal,point_pooled,height+q1+q2,height+q1+q2,3,352.9087646893471,124544.59620236569,30730.405034712443,20322.26597843546,6802,True,vif,,q1,142.11597079617192
development_formal,point_pooled,height+q1+q2,height+q1+q2,3,352.9087646893471,124544.59620236569,30730.405034712443,20322.26597843546,6802,True,vif,,q2,30730.405034712443
development_formal,point_pooled,height+q1+q2,height+q1+q2,3,352.9087646893471,124544.59620236569,30730.405034712443,20322.26597843546,6802,True,rank,,__model__,3
development_formal,point_pooled,height+q1+q2,height+q1+q2,3,352.9087646893471,124544.59620236569,30730.405034712443,20322.26597843546,6802,True,condition_number_svd,,__model__,352.9087646893471
development_formal,point_pooled,height+q1+q2,height+q1+q2,3,352.9087646893471,124544.59620236569,30730.405034712443,20322.26597843546,6802,True,condition_number_corr,,__model__,124544.59620236569
development_formal,point_pooled,height+q1+q2,height+q1+q2,3,352.9087646893471,124544.59620236569,30730.405034712443,20322.26597843546,6802,True,max_vif,,__model__,30730.405034712443
development_formal,point_pooled,height+q1+q2,height+q1+q2,3,352.9087646893471,124544.59620236569,30730.405034712443,20322.26597843546,6802,True,mean_vif,,__model__,20322.26597843546
development_formal,condition_balanced,q1,q1,1,1.0,1.0,1.0,1.0,29,True,singular_value,1,PC1,5.385164807134504
development_formal,condition_balanced,q1,q1,1,1.0,1.0,1.0,1.0,29,True,explained_variance_ratio,1,PC1,1.0
development_formal,condition_balanced,q1,q1,1,1.0,1.0,1.0,1.0,29,True,pca_loading,1,q1,1.0
development_formal,condition_balanced,q1,q1,1,1.0,1.0,1.0,1.0,29,True,vif,,q1,1.0
development_formal,condition_balanced,q1,q1,1,1.0,1.0,1.0,1.0,29,True,rank,,__model__,1
development_formal,condition_balanced,q1,q1,1,1.0,1.0,1.0,1.0,29,True,condition_number_svd,,__model__,1.0
development_formal,condition_balanced,q1,q1,1,1.0,1.0,1.0,1.0,29,True,condition_number_corr,,__model__,1.0
development_formal,condition_balanced,q1,q1,1,1.0,1.0,1.0,1.0,29,True,max_vif,,__model__,1.0
development_formal,condition_balanced,q1,q1,1,1.0,1.0,1.0,1.0,29,True,mean_vif,,__model__,1.0
development_formal,condition_balanced,q1+q2,q1+q2,2,1.170154112621413,1.369260647284806,1.0248954473904544,1.0248954473904544,29,True,singular_value,1,PC1,5.789627728633483
development_formal,condition_balanced,q1+q2,q1+q2,2,1.170154112621413,1.369260647284806,1.0248954473904544,1.0248954473904544,29,True,explained_variance_ratio,1,PC1,0.5779274006234777
development_formal,condition_balanced,q1+q2,q1+q2,2,1.170154112621413,1.369260647284806,1.0248954473904544,1.0248954473904544,29,True,singular_value,2,PC2,4.947748049753371
development_formal,condition_balanced,q1+q2,q1+q2,2,1.170154112621413,1.369260647284806,1.0248954473904544,1.0248954473904544,29,True,explained_variance_ratio,2,PC2,0.4220725993765223
development_formal,condition_balanced,q1+q2,q1+q2,2,1.170154112621413,1.369260647284806,1.0248954473904544,1.0248954473904544,29,True,pca_loading,1,q1,0.7071067811865478
development_formal,condition_balanced,q1+q2,q1+q2,2,1.170154112621413,1.369260647284806,1.0248954473904544,1.0248954473904544,29,True,pca_loading,1,q2,-0.7071067811865474
development_formal,condition_balanced,q1+q2,q1+q2,2,1.170154112621413,1.369260647284806,1.0248954473904544,1.0248954473904544,29,True,pca_loading,2,q1,-0.7071067811865474
development_formal,condition_balanced,q1+q2,q1+q2,2,1.170154112621413,1.369260647284806,1.0248954473904544,1.0248954473904544,29,True,pca_loading,2,q2,-0.7071067811865478
development_formal,condition_balanced,q1+q2,q1+q2,2,1.170154112621413,1.369260647284806,1.0248954473904544,1.0248954473904544,29,True,vif,,q1,1.0248954473904544
development_formal,condition_balanced,q1+q2,q1+q2,2,1.170154112621413,1.369260647284806,1.0248954473904544,1.0248954473904544,29,True,vif,,q2,1.0248954473904544
development_formal,condition_balanced,q1+q2,q1+q2,2,1.170154112621413,1.369260647284806,1.0248954473904544,1.0248954473904544,29,True,rank,,__model__,2
development_formal,condition_balanced,q1+q2,q1+q2,2,1.170154112621413,1.369260647284806,1.0248954473904544,1.0248954473904544,29,True,condition_number_svd,,__model__,1.170154112621413
development_formal,condition_balanced,q1+q2,q1+q2,2,1.170154112621413,1.369260647284806,1.0248954473904544,1.0248954473904544,29,True,condition_number_corr,,__model__,1.369260647284806
development_formal,condition_balanced,q1+q2,q1+q2,2,1.170154112621413,1.369260647284806,1.0248954473904544,1.0248954473904544,29,True,max_vif,,__model__,1.0248954473904544
development_formal,condition_balanced,q1+q2,q1+q2,2,1.170154112621413,1.369260647284806,1.0248954473904544,1.0248954473904544,29,True,mean_vif,,__model__,1.0248954473904544
development_formal,condition_balanced,q1+J,q1+d_lambda_du+d_lambda_dv+d_Zg_du+d_Zg_dv,5,10110.60657179131,102224365.32988529,15765110.211856922,7525989.883017324,29,True,singular_value,1,PC1,9.600513704543621
development_formal,condition_balanced,q1+J,q1+d_lambda_du+d_lambda_dv+d_Zg_du+d_Zg_dv,5,10110.60657179131,102224365.32988529,15765110.211856922,7525989.883017324,29,True,explained_variance_ratio,1,PC1,0.6356542302836542
development_formal,condition_balanced,q1+J,q1+d_lambda_du+d_lambda_dv+d_Zg_du+d_Zg_dv,5,10110.60657179131,102224365.32988529,15765110.211856922,7525989.883017324,29,True,singular_value,2,PC2,7.212722990685234
development_formal,condition_balanced,q1+J,q1+d_lambda_du+d_lambda_dv+d_Zg_du+d_Zg_dv,5,10110.60657179131,102224365.32988529,15765110.211856922,7525989.883017324,29,True,explained_variance_ratio,2,PC2,0.35878188234730574
development_formal,condition_balanced,q1+J,q1+d_lambda_du+d_lambda_dv+d_Zg_du+d_Zg_dv,5,10110.60657179131,102224365.32988529,15765110.211856922,7525989.883017324,29,True,singular_value,3,PC3,0.8981967834115547
development_formal,condition_balanced,q1+J,q1+d_lambda_du+d_lambda_dv+d_Zg_du+d_Zg_dv,5,10110.60657179131,102224365.32988529,15765110.211856922,7525989.883017324,29,True,explained_variance_ratio,3,PC3,0.005563844563661126
development_formal,condition_balanced,q1+J,q1+d_lambda_du+d_lambda_dv+d_Zg_du+d_Zg_dv,5,10110.60657179131,102224365.32988529,15765110.211856922,7525989.883017324,29,True,singular_value,4,PC4,0.0023032883306142787
development_formal,condition_balanced,q1+J,q1+d_lambda_du+d_lambda_dv+d_Zg_du+d_Zg_dv,5,10110.60657179131,102224365.32988529,15765110.211856922,7525989.883017324,29,True,explained_variance_ratio,4,PC4,3.6587152647889034e-08
development_formal,condition_balanced,q1+J,q1+d_lambda_du+d_lambda_dv+d_Zg_du+d_Zg_dv,5,10110.60657179131,102224365.32988529,15765110.211856922,7525989.883017324,29,True,singular_value,5,PC5,0.0009495487373951576
development_formal,condition_balanced,q1+J,q1+d_lambda_du+d_lambda_dv+d_Zg_du+d_Zg_dv,5,10110.60657179131,102224365.32988529,15765110.211856922,7525989.883017324,29,True,explained_variance_ratio,5,PC5,6.2182262392326735e-09
development_formal,condition_balanced,q1+J,q1+d_lambda_du+d_lambda_dv+d_Zg_du+d_Zg_dv,5,10110.60657179131,102224365.32988529,15765110.211856922,7525989.883017324,29,True,pca_loading,1,q1,0.5182966044790079
development_formal,condition_balanced,q1+J,q1+d_lambda_du+d_lambda_dv+d_Zg_du+d_Zg_dv,5,10110.60657179131,102224365.32988529,15765110.211856922,7525989.883017324,29,True,pca_loading,1,d_lambda_du,-0.28437396988873775
development_formal,condition_balanced,q1+J,q1+d_lambda_du+d_lambda_dv+d_Zg_du+d_Zg_dv,5,10110.60657179131,102224365.32988529,15765110.211856922,7525989.883017324,29,True,pca_loading,1,d_lambda_dv,-0.537357286372294
development_formal,condition_balanced,q1+J,q1+d_lambda_du+d_lambda_dv+d_Zg_du+d_Zg_dv,5,10110.60657179131,102224365.32988529,15765110.211856922,7525989.883017324,29,True,pca_loading,1,d_Zg_du,0.2671515304703016
development_formal,condition_balanced,q1+J,q1+d_lambda_du+d_lambda_dv+d_Zg_du+d_Zg_dv,5,10110.60657179131,102224365.32988529,15765110.211856922,7525989.883017324,29,True,pca_loading,1,d_Zg_dv,0.5388666640136781
development_formal,condition_balanced,q1+J,q1+d_lambda_du+d_lambda_dv+d_Zg_du+d_Zg_dv,5,10110.60657179131,102224365.32988529,15765110.211856922,7525989.883017324,29,True,pca_loading,2,q1,0.2669879753942334
development_formal,condition_balanced,q1+J,q1+d_lambda_du+d_lambda_dv+d_Zg_du+d_Zg_dv,5,10110.60657179131,102224365.32988529,15765110.211856922,7525989.883017324,29,True,pca_loading,2,d_lambda_du,0.6435228046067215
development_formal,condition_balanced,q1+J,q1+d_lambda_du+d_lambda_dv+d_Zg_du+d_Zg_dv,5,10110.60657179131,102224365.32988529,15765110.211856922,7525989.883017324,29,True,pca_loading,2,d_lambda_dv,-0.20795582370411925
development_formal,condition_balanced,q1+J,q1+d_lambda_du+d_lambda_dv+d_Zg_du+d_Zg_dv,5,10110.60657179131,102224365.32988529,15765110.211856922,7525989.883017324,29,True,pca_loading,2,d_Zg_du,-0.656496990225873
development_formal,condition_balanced,q1+J,q1+d_lambda_du+d_lambda_dv+d_Zg_du+d_Zg_dv,5,10110.60657179131,102224365.32988529,15765110.211856922,7525989.883017324,29,True,pca_loading,2,d_Zg_dv,0.2009027081895569
development_formal,condition_balanced,q1+J,q1+d_lambda_du+d_lambda_dv+d_Zg_du+d_Zg_dv,5,10110.60657179131,102224365.32988529,15765110.211856922,7525989.883017324,29,True,pca_loading,3,q1,0.8119942123832888
development_formal,condition_balanced,q1+J,q1+d_lambda_du+d_lambda_dv+d_Zg_du+d_Zg_dv,5,10110.60657179131,102224365.32988529,15765110.211856922,7525989.883017324,29,True,pca_loading,3,d_lambda_du,-0.05398620145870536
development_formal,condition_balanced,q1+J,q1+d_lambda_du+d_lambda_dv+d_Zg_du+d_Zg_dv,5,10110.60657179131,102224365.32988529,15765110.211856922,7525989.883017324,29,True,pca_loading,3,d_lambda_dv,0.41043703666504
development_formal,condition_balanced,q1+J,q1+d_lambda_du+d_lambda_dv+d_Zg_du+d_Zg_dv,5,10110.60657179131,102224365.32988529,15765110.211856922,7525989.883017324,29,True,pca_loading,3,d_Zg_du,0.021554326869469592
development_formal,condition_balanced,q1+J,q1+d_lambda_du+d_lambda_dv+d_Zg_du+d_Zg_dv,5,10110.60657179131,102224365.32988529,15765110.211856922,7525989.883017324,29,True,pca_loading,3,d_Zg_dv,-0.4108865281740537
development_formal,condition_balanced,q1+J,q1+d_lambda_du+d_lambda_dv+d_Zg_du+d_Zg_dv,5,10110.60657179131,102224365.32988529,15765110.211856922,7525989.883017324,29,True,pca_loading,4,q1,-0.027210373987366067
development_formal,condition_balanced,q1+J,q1+d_lambda_du+d_lambda_dv+d_Zg_du+d_Zg_dv,5,10110.60657179131,102224365.32988529,15765110.211856922,7525989.883017324,29,True,pca_loading,4,d_lambda_du,-0.7001549830702241
development_formal,condition_balanced,q1+J,q1+d_lambda_du+d_lambda_dv+d_Zg_du+d_Zg_dv,5,10110.60657179131,102224365.32988529,15765110.211856922,7525989.883017324,29,True,pca_loading,4,d_lambda_dv,-0.11313122951040205
development_formal,condition_balanced,q1+J,q1+d_lambda_du+d_lambda_dv+d_Zg_du+d_Zg_dv,5,10110.60657179131,102224365.32988529,15765110.211856922,7525989.883017324,29,True,pca_loading,4,d_Zg_du,-0.6956013507603664
development_formal,condition_balanced,q1+J,q1+d_lambda_du+d_lambda_dv+d_Zg_du+d_Zg_dv,5,10110.60657179131,102224365.32988529,15765110.211856922,7525989.883017324,29,True,pca_loading,4,d_Zg_dv,-0.11127749529541076
development_formal,condition_balanced,q1+J,q1+d_lambda_du+d_lambda_dv+d_Zg_du+d_Zg_dv,5,10110.60657179131,102224365.32988529,15765110.211856922,7525989.883017324,29,True,pca_loading,5,q1,0.0033234596326010553
development_formal,condition_balanced,q1+J,q1+d_lambda_du+d_lambda_dv+d_Zg_du+d_Zg_dv,5,10110.60657179131,102224365.32988529,15765110.211856922,7525989.883017324,29,True,pca_loading,5,d_lambda_du,0.10898777424469396
development_formal,condition_balanced,q1+J,q1+d_lambda_du+d_lambda_dv+d_Zg_du+d_Zg_dv,5,10110.60657179131,102224365.32988529,15765110.211856922,7525989.883017324,29,True,pca_loading,5,d_lambda_dv,-0.697670614268102
development_formal,condition_balanced,q1+J,q1+d_lambda_du+d_lambda_dv+d_Zg_du+d_Zg_dv,5,10110.60657179131,102224365.32988529,15765110.211856922,7525989.883017324,29,True,pca_loading,5,d_Zg_du,0.11539468534253629
development_formal,condition_balanced,q1+J,q1+d_lambda_du+d_lambda_dv+d_Zg_du+d_Zg_dv,5,10110.60657179131,102224365.32988529,15765110.211856922,7525989.883017324,29,True,pca_loading,5,d_Zg_dv,-0.6986060408146524
development_formal,condition_balanced,q1+J,q1+d_lambda_du+d_lambda_dv+d_Zg_du+d_Zg_dv,5,10110.60657179131,102224365.32988529,15765110.211856922,7525989.883017324,29,True,vif,,q1,4426.4299615413565
development_formal,condition_balanced,q1+J,q1+d_lambda_du+d_lambda_dv+d_Zg_du+d_Zg_dv,5,10110.60657179131,102224365.32988529,15765110.211856922,7525989.883017324,29,True,vif,,d_lambda_du,3061771.400758391
development_formal,condition_balanced,q1+J,q1+d_lambda_du+d_lambda_dv+d_Zg_du+d_Zg_dv,5,10110.60657179131,102224365.32988529,15765110.211856922,7525989.883017324,29,True,vif,,d_lambda_dv,15725374.968073964
development_formal,condition_balanced,q1+J,q1+d_lambda_du+d_lambda_dv+d_Zg_du+d_Zg_dv,5,10110.60657179131,102224365.32988529,15765110.211856922,7525989.883017324,29,True,vif,,d_Zg_du,3073266.4044357985
development_formal,condition_balanced,q1+J,q1+d_lambda_du+d_lambda_dv+d_Zg_du+d_Zg_dv,5,10110.60657179131,102224365.32988529,15765110.211856922,7525989.883017324,29,True,vif,,d_Zg_dv,15765110.211856922
development_formal,condition_balanced,q1+J,q1+d_lambda_du+d_lambda_dv+d_Zg_du+d_Zg_dv,5,10110.60657179131,102224365.32988529,15765110.211856922,7525989.883017324,29,True,rank,,__model__,5
development_formal,condition_balanced,q1+J,q1+d_lambda_du+d_lambda_dv+d_Zg_du+d_Zg_dv,5,10110.60657179131,102224365.32988529,15765110.211856922,7525989.883017324,29,True,condition_number_svd,,__model__,10110.60657179131
development_formal,condition_balanced,q1+J,q1+d_lambda_du+d_lambda_dv+d_Zg_du+d_Zg_dv,5,10110.60657179131,102224365.32988529,15765110.211856922,7525989.883017324,29,True,condition_number_corr,,__model__,102224365.32988529
development_formal,condition_balanced,q1+J,q1+d_lambda_du+d_lambda_dv+d_Zg_du+d_Zg_dv,5,10110.60657179131,102224365.32988529,15765110.211856922,7525989.883017324,29,True,max_vif,,__model__,15765110.211856922
development_formal,condition_balanced,q1+J,q1+d_lambda_du+d_lambda_dv+d_Zg_du+d_Zg_dv,5,10110.60657179131,102224365.32988529,15765110.211856922,7525989.883017324,29,True,mean_vif,,__model__,7525989.883017324
development_formal,condition_balanced,q1+q2+J,q1+q2+d_lambda_du+d_lambda_dv+d_Zg_du+d_Zg_dv,6,11057.20537424034,122261790.66690013,16686962.738378892,6594651.229433483,29,True,singular_value,1,PC1,10.227342334902215
development_formal,condition_balanced,q1+q2+J,q1+q2+d_lambda_du+d_lambda_dv+d_Zg_du+d_Zg_dv,6,11057.20537424034,122261790.66690013,16686962.738378892,6594651.229433483,29,True,explained_variance_ratio,1,PC1,0.6011409841108227
development_formal,condition_balanced,q1+q2+J,q1+q2+d_lambda_du+d_lambda_dv+d_Zg_du+d_Zg_dv,6,11057.20537424034,122261790.66690013,16686962.738378892,6594651.229433483,29,True,singular_value,2,PC2,8.281996233490668
development_formal,condition_balanced,q1+q2+J,q1+q2+d_lambda_du+d_lambda_dv+d_Zg_du+d_Zg_dv,6,11057.20537424034,122261790.66690013,16686962.738378892,6594651.229433483,29,True,explained_variance_ratio,2,PC2,0.394203802365251
development_formal,condition_balanced,q1+q2+J,q1+q2+d_lambda_du+d_lambda_dv+d_Zg_du+d_Zg_dv,6,11057.20537424034,122261790.66690013,16686962.738378892,6594651.229433483,29,True,singular_value,3,PC3,0.8996744934991313
development_formal,condition_balanced,q1+q2+J,q1+q2+d_lambda_du+d_lambda_dv+d_Zg_du+d_Zg_dv,6,11057.20537424034,122261790.66690013,16686962.738378892,6594651.229433483,29,True,explained_variance_ratio,3,PC3,0.004651805714097236
development_formal,condition_balanced,q1+q2+J,q1+q2+d_lambda_du+d_lambda_dv+d_Zg_du+d_Zg_dv,6,11057.20537424034,122261790.66690013,16686962.738378892,6594651.229433483,29,True,singular_value,4,PC4,0.024226936351682184
development_formal,condition_balanced,q1+q2+J,q1+q2+d_lambda_du+d_lambda_dv+d_Zg_du+d_Zg_dv,6,11057.20537424034,122261790.66690013,16686962.738378892,6594651.229433483,29,True,explained_variance_ratio,4,PC4,3.3732439367152883e-06
development_formal,condition_balanced,q1+q2+J,q1+q2+d_lambda_du+d_lambda_dv+d_Zg_du+d_Zg_dv,6,11057.20537424034,122261790.66690013,16686962.738378892,6594651.229433483,29,True,singular_value,5,PC5,0.0022713291435339272
development_formal,condition_balanced,q1+q2+J,q1+q2+d_lambda_du+d_lambda_dv+d_Zg_du+d_Zg_dv,6,11057.20537424034,122261790.66690013,16686962.738378892,6594651.229433483,29,True,explained_variance_ratio,5,PC5,2.9649057921072228e-08
development_formal,condition_balanced,q1+q2+J,q1+q2+d_lambda_du+d_lambda_dv+d_Zg_du+d_Zg_dv,6,11057.20537424034,122261790.66690013,16686962.738378892,6594651.229433483,29,True,singular_value,6,PC6,0.0009249482114828549
development_formal,condition_balanced,q1+q2+J,q1+q2+d_lambda_du+d_lambda_dv+d_Zg_du+d_Zg_dv,6,11057.20537424034,122261790.66690013,16686962.738378892,6594651.229433483,29,True,explained_variance_ratio,6,PC6,4.916834447846739e-09
development_formal,condition_balanced,q1+q2+J,q1+q2+d_lambda_du+d_lambda_dv+d_Zg_du+d_Zg_dv,6,11057.20537424034,122261790.66690013,16686962.738378892,6594651.229433483,29,True,pca_loading,1,q1,0.3796663008802052
development_formal,condition_balanced,q1+q2+J,q1+q2+d_lambda_du+d_lambda_dv+d_Zg_du+d_Zg_dv,6,11057.20537424034,122261790.66690013,16686962.738378892,6594651.229433483,29,True,pca_loading,1,q2,-0.41653613160164293
development_formal,condition_balanced,q1+q2+J,q1+q2+d_lambda_du+d_lambda_dv+d_Zg_du+d_Zg_dv,6,11057.20537424034,122261790.66690013,16686962.738378892,6594651.229433483,29,True,pca_loading,1,d_lambda_du,-0.4185003134743497
development_formal,condition_balanced,q1+q2+J,q1+q2+d_lambda_du+d_lambda_dv+d_Zg_du+d_Zg_dv,6,11057.20537424034,122261790.66690013,16686962.738378892,6594651.229433483,29,True,pca_loading,1,d_lambda_dv,-0.41166961932523033
development_formal,condition_balanced,q1+q2+J,q1+q2+d_lambda_du+d_lambda_dv+d_Zg_du+d_Zg_dv,6,11057.20537424034,122261790.66690013,16686962.738378892,6594651.229433483,29,True,pca_loading,1,d_Zg_du,0.40697518189824833
development_formal,condition_balanced,q1+q2+J,q1+q2+d_lambda_du+d_lambda_dv+d_Zg_du+d_Zg_dv,6,11057.20537424034,122261790.66690013,16686962.738378892,6594651.229433483,29,True,pca_loading,1,d_Zg_dv,0.41485896942413936
development_formal,condition_balanced,q1+q2+J,q1+q2+d_lambda_du+d_lambda_dv+d_Zg_du+d_Zg_dv,6,11057.20537424034,122261790.66690013,16686962.738378892,6594651.229433483,29,True,pca_loading,2,q1,0.441811179905223
development_formal,condition_balanced,q1+q2+J,q1+q2+d_lambda_du+d_lambda_dv+d_Zg_du+d_Zg_dv,6,11057.20537424034,122261790.66690013,16686962.738378892,6594651.229433483,29,True,pca_loading,2,q2,0.39771762530913973
development_formal,condition_balanced,q1+q2+J,q1+q2+d_lambda_du+d_lambda_dv+d_Zg_du+d_Zg_dv,6,11057.20537424034,122261790.66690013,16686962.738378892,6594651.229433483,29,True,pca_loading,2,d_lambda_du,0.3945848333714607
development_formal,condition_balanced,q1+q2+J,q1+q2+d_lambda_du+d_lambda_dv+d_Zg_du+d_Zg_dv,6,11057.20537424034,122261790.66690013,16686962.738378892,6594651.229433483,29,True,pca_loading,2,d_lambda_dv,-0.40294963548157575
development_formal,condition_balanced,q1+q2+J,q1+q2+d_lambda_du+d_lambda_dv+d_Zg_du+d_Zg_dv,6,11057.20537424034,122261790.66690013,16686962.738378892,6594651.229433483,29,True,pca_loading,2,d_Zg_du,-0.4125725446875444
development_formal,condition_balanced,q1+q2+J,q1+q2+d_lambda_du+d_lambda_dv+d_Zg_du+d_Zg_dv,6,11057.20537424034,122261790.66690013,16686962.738378892,6594651.229433483,29,True,pca_loading,2,d_Zg_dv,0.3979219367385256
development_formal,condition_balanced,q1+q2+J,q1+q2+d_lambda_du+d_lambda_dv+d_Zg_du+d_Zg_dv,6,11057.20537424034,122261790.66690013,16686962.738378892,6594651.229433483,29,True,pca_loading,3,q1,-0.8119614981854891
development_formal,condition_balanced,q1+q2+J,q1+q2+d_lambda_du+d_lambda_dv+d_Zg_du+d_Zg_dv,6,11057.20537424034,122261790.66690013,16686962.738378892,6594651.229433483,29,True,pca_loading,3,q2,0.046739710047654315
development_formal,condition_balanced,q1+q2+J,q1+q2+d_lambda_du+d_lambda_dv+d_Zg_du+d_Zg_dv,6,11057.20537424034,122261790.66690013,16686962.738378892,6594651.229433483,29,True,pca_loading,3,d_lambda_du,0.03039202553138496
development_formal,condition_balanced,q1+q2+J,q1+q2+d_lambda_du+d_lambda_dv+d_Zg_du+d_Zg_dv,6,11057.20537424034,122261790.66690013,16686962.738378892,6594651.229433483,29,True,pca_loading,3,d_lambda_dv,-0.4105138503351574
development_formal,condition_balanced,q1+q2+J,q1+q2+d_lambda_du+d_lambda_dv+d_Zg_du+d_Zg_dv,6,11057.20537424034,122261790.66690013,16686962.738378892,6594651.229433483,29,True,pca_loading,3,d_Zg_du,0.002154710310572537
development_formal,condition_balanced,q1+q2+J,q1+q2+d_lambda_du+d_lambda_dv+d_Zg_du+d_Zg_dv,6,11057.20537424034,122261790.66690013,16686962.738378892,6594651.229433483,29,True,pca_loading,3,d_Zg_dv,0.4111982315862004
development_formal,condition_balanced,q1+q2+J,q1+q2+d_lambda_du+d_lambda_dv+d_Zg_du+d_Zg_dv,6,11057.20537424034,122261790.66690013,16686962.738378892,6594651.229433483,29,True,pca_loading,4,q1,0.024560938942885312
development_formal,condition_balanced,q1+q2+J,q1+q2+d_lambda_du+d_lambda_dv+d_Zg_du+d_Zg_dv,6,11057.20537424034,122261790.66690013,16686962.738378892,6594651.229433483,29,True,pca_loading,4,q2,0.8160355040676234
development_formal,condition_balanced,q1+q2+J,q1+q2+d_lambda_du+d_lambda_dv+d_Zg_du+d_Zg_dv,6,11057.20537424034,122261790.66690013,16686962.738378892,6594651.229433483,29,True,pca_loading,4,d_lambda_du,-0.41774313644973515
development_formal,condition_balanced,q1+q2+J,q1+q2+d_lambda_du+d_lambda_dv+d_Zg_du+d_Zg_dv,6,11057.20537424034,122261790.66690013,16686962.738378892,6594651.229433483,29,True,pca_loading,4,d_lambda_dv,0.001879389960676714
development_formal,condition_balanced,q1+q2+J,q1+q2+d_lambda_du+d_lambda_dv+d_Zg_du+d_Zg_dv,6,11057.20537424034,122261790.66690013,16686962.738378892,6594651.229433483,29,True,pca_loading,4,d_Zg_du,0.3984785617567674
development_formal,condition_balanced,q1+q2+J,q1+q2+d_lambda_du+d_lambda_dv+d_Zg_du+d_Zg_dv,6,11057.20537424034,122261790.66690013,16686962.738378892,6594651.229433483,29,True,pca_loading,4,d_Zg_dv,-0.013593823675315253
development_formal,condition_balanced,q1+q2+J,q1+q2+d_lambda_du+d_lambda_dv+d_Zg_du+d_Zg_dv,6,11057.20537424034,122261790.66690013,16686962.738378892,6594651.229433483,29,True,pca_loading,5,q1,0.027658215442000724
development_formal,condition_balanced,q1+q2+J,q1+q2+d_lambda_du+d_lambda_dv+d_Zg_du+d_Zg_dv,6,11057.20537424034,122261790.66690013,16686962.738378892,6594651.229433483,29,True,pca_loading,5,q2,0.012868749973549334
development_formal,condition_balanced,q1+q2+J,q1+q2+d_lambda_du+d_lambda_dv+d_Zg_du+d_Zg_dv,6,11057.20537424034,122261790.66690013,16686962.738378892,6594651.229433483,29,True,pca_loading,5,d_lambda_du,0.6955789919655561
development_formal,condition_balanced,q1+q2+J,q1+q2+d_lambda_du+d_lambda_dv+d_Zg_du+d_Zg_dv,6,11057.20537424034,122261790.66690013,16686962.738378892,6594651.229433483,29,True,pca_loading,5,d_lambda_dv,0.1000431894185241
development_formal,condition_balanced,q1+q2+J,q1+q2+d_lambda_du+d_lambda_dv+d_Zg_du+d_Zg_dv,6,11057.20537424034,122261790.66690013,16686962.738378892,6594651.229433483,29,True,pca_loading,5,d_Zg_du,0.7040175076540092
development_formal,condition_balanced,q1+q2+J,q1+q2+d_lambda_du+d_lambda_dv+d_Zg_du+d_Zg_dv,6,11057.20537424034,122261790.66690013,16686962.738378892,6594651.229433483,29,True,pca_loading,5,d_Zg_dv,0.09792851217326536
development_formal,condition_balanced,q1+q2+J,q1+q2+d_lambda_du+d_lambda_dv+d_Zg_du+d_Zg_dv,6,11057.20537424034,122261790.66690013,16686962.738378892,6594651.229433483,29,True,pca_loading,6,q1,-0.0025865320179303953
development_formal,condition_balanced,q1+q2+J,q1+q2+d_lambda_du+d_lambda_dv+d_Zg_du+d_Zg_dv,6,11057.20537424034,122261790.66690013,16686962.738378892,6594651.229433483,29,True,pca_loading,6,q2,0.007361553414652396
development_formal,condition_balanced,q1+q2+J,q1+q2+d_lambda_du+d_lambda_dv+d_Zg_du+d_Zg_dv,6,11057.20537424034,122261790.66690013,16686962.738378892,6594651.229433483,29,True,pca_loading,6,d_lambda_du,-0.09948446896126863
development_formal,condition_balanced,q1+q2+J,q1+q2+d_lambda_du+d_lambda_dv+d_Zg_du+d_Zg_dv,6,11057.20537424034,122261790.66690013,16686962.738378892,6594651.229433483,29,True,pca_loading,6,d_lambda_dv,0.699732750853663
development_formal,condition_balanced,q1+q2+J,q1+q2+d_lambda_du+d_lambda_dv+d_Zg_du+d_Zg_dv,6,11057.20537424034,122261790.66690013,16686962.738378892,6594651.229433483,29,True,pca_loading,6,d_Zg_du,-0.09861358247880957
development_formal,condition_balanced,q1+q2+J,q1+q2+d_lambda_du+d_lambda_dv+d_Zg_du+d_Zg_dv,6,11057.20537424034,122261790.66690013,16686962.738378892,6594651.229433483,29,True,pca_loading,6,d_Zg_dv,0.7004936805941925
development_formal,condition_balanced,q1+q2+J,q1+q2+d_lambda_du+d_lambda_dv+d_Zg_du+d_Zg_dv,6,11057.20537424034,122261790.66690013,16686962.738378892,6594651.229433483,29,True,vif,,q1,4580.500851847668
development_formal,condition_balanced,q1+q2+J,q1+q2+d_lambda_du+d_lambda_dv+d_Zg_du+d_Zg_dv,6,11057.20537424034,122261790.66690013,16686962.738378892,6594651.229433483,29,True,vif,,q2,35669.83806305952
development_formal,condition_balanced,q1+q2+J,q1+q2+d_lambda_du+d_lambda_dv+d_Zg_du+d_Zg_dv,6,11057.20537424034,122261790.66690013,16686962.738378892,6594651.229433483,29,True,vif,,d_lambda_du,3063869.007549202
development_formal,condition_balanced,q1+q2+J,q1+q2+d_lambda_du+d_lambda_dv+d_Zg_du+d_Zg_dv,6,11057.20537424034,122261790.66690013,16686962.738378892,6594651.229433483,29,True,vif,,d_lambda_dv,16653190.560440464
development_formal,condition_balanced,q1+q2+J,q1+q2+d_lambda_du+d_lambda_dv+d_Zg_du+d_Zg_dv,6,11057.20537424034,122261790.66690013,16686962.738378892,6594651.229433483,29,True,vif,,d_Zg_du,3123634.7313174326
development_formal,condition_balanced,q1+q2+J,q1+q2+d_lambda_du+d_lambda_dv+d_Zg_du+d_Zg_dv,6,11057.20537424034,122261790.66690013,16686962.738378892,6594651.229433483,29,True,vif,,d_Zg_dv,16686962.738378892
development_formal,condition_balanced,q1+q2+J,q1+q2+d_lambda_du+d_lambda_dv+d_Zg_du+d_Zg_dv,6,11057.20537424034,122261790.66690013,16686962.738378892,6594651.229433483,29,True,rank,,__model__,6
development_formal,condition_balanced,q1+q2+J,q1+q2+d_lambda_du+d_lambda_dv+d_Zg_du+d_Zg_dv,6,11057.20537424034,122261790.66690013,16686962.738378892,6594651.229433483,29,True,condition_number_svd,,__model__,11057.20537424034
development_formal,condition_balanced,q1+q2+J,q1+q2+d_lambda_du+d_lambda_dv+d_Zg_du+d_Zg_dv,6,11057.20537424034,122261790.66690013,16686962.738378892,6594651.229433483,29,True,condition_number_corr,,__model__,122261790.66690013
development_formal,condition_balanced,q1+q2+J,q1+q2+d_lambda_du+d_lambda_dv+d_Zg_du+d_Zg_dv,6,11057.20537424034,122261790.66690013,16686962.738378892,6594651.229433483,29,True,max_vif,,__model__,16686962.738378892
development_formal,condition_balanced,q1+q2+J,q1+q2+d_lambda_du+d_lambda_dv+d_Zg_du+d_Zg_dv,6,11057.20537424034,122261790.66690013,16686962.738378892,6594651.229433483,29,True,mean_vif,,__model__,6594651.229433483
development_formal,condition_balanced,height+q1+q2,height+q1+q2,3,357.2710767266127,127642.62226466637,31684.604342271225,20996.71751995397,29,True,singular_value,1,PC1,7.665946251059353
development_formal,condition_balanced,height+q1+q2,height+q1+q2,3,357.2710767266127,127642.62226466637,31684.604342271225,20996.71751995397,29,True,explained_variance_ratio,1,PC1,0.675479677288861
development_formal,condition_balanced,height+q1+q2,height+q1+q2,3,357.2710767266127,127642.62226466637,31684.604342271225,20996.71751995397,29,True,singular_value,2,PC2,5.31345534236728
development_formal,condition_balanced,height+q1+q2,height+q1+q2,3,357.2710767266127,127642.62226466637,31684.604342271225,20996.71751995397,29,True,explained_variance_ratio,2,PC2,0.3245150307509353
development_formal,condition_balanced,height+q1+q2,height+q1+q2,3,357.2710767266127,127642.62226466637,31684.604342271225,20996.71751995397,29,True,singular_value,3,PC3,0.02145694614099817
development_formal,condition_balanced,height+q1+q2,height+q1+q2,3,357.2710767266127,127642.62226466637,31684.604342271225,20996.71751995397,29,True,explained_variance_ratio,3,PC3,5.291960203421793e-06
development_formal,condition_balanced,height+q1+q2,height+q1+q2,3,357.2710767266127,127642.62226466637,31684.604342271225,20996.71751995397,29,True,pca_loading,1,height,0.6945615338356161
development_formal,condition_balanced,height+q1+q2,height+q1+q2,3,357.2710767266127,127642.62226466637,31684.604342271225,20996.71751995397,29,True,pca_loading,1,q1,0.1654013260339573
development_formal,condition_balanced,height+q1+q2,height+q1+q2,3,357.2710767266127,127642.62226466637,31684.604342271225,20996.71751995397,29,True,pca_loading,1,q2,-0.7001618934661649
development_formal,condition_balanced,height+q1+q2,height+q1+q2,3,357.2710767266127,127642.62226466637,31684.604342271225,20996.71751995397,29,True,pca_loading,2,height,0.15170680100752865
development_formal,condition_balanced,height+q1+q2,height+q1+q2,3,357.2710767266127,127642.62226466637,31684.604342271225,20996.71751995397,29,True,pca_loading,2,q1,-0.9850019129504441
development_formal,condition_balanced,height+q1+q2,height+q1+q2,3,357.2710767266127,127642.62226466637,31684.604342271225,20996.71751995397,29,True,pca_loading,2,q2,-0.08219658151059583
development_formal,condition_balanced,height+q1+q2,height+q1+q2,3,357.2710767266127,127642.62226466637,31684.604342271225,20996.71751995397,29,True,pca_loading,3,height,0.7032562280164881
development_formal,condition_balanced,height+q1+q2,height+q1+q2,3,357.2710767266127,127642.62226466637,31684.604342271225,20996.71751995397,29,True,pca_loading,3,q1,0.049128737315082494
development_formal,condition_balanced,height+q1+q2,height+q1+q2,3,357.2710767266127,127642.62226466637,31684.604342271225,20996.71751995397,29,True,pca_loading,3,q2,0.709236945544891
development_formal,condition_balanced,height+q1+q2,height+q1+q2,3,357.2710767266127,127642.62226466637,31684.604342271225,20996.71751995397,29,True,vif,,height,31152.50669379536
development_formal,condition_balanced,height+q1+q2,height+q1+q2,3,357.2710767266127,127642.62226466637,31684.604342271225,20996.71751995397,29,True,vif,,q1,153.04152379532766
development_formal,condition_balanced,height+q1+q2,height+q1+q2,3,357.2710767266127,127642.62226466637,31684.604342271225,20996.71751995397,29,True,vif,,q2,31684.604342271225
development_formal,condition_balanced,height+q1+q2,height+q1+q2,3,357.2710767266127,127642.62226466637,31684.604342271225,20996.71751995397,29,True,rank,,__model__,3
development_formal,condition_balanced,height+q1+q2,height+q1+q2,3,357.2710767266127,127642.62226466637,31684.604342271225,20996.71751995397,29,True,condition_number_svd,,__model__,357.2710767266127
development_formal,condition_balanced,height+q1+q2,height+q1+q2,3,357.2710767266127,127642.62226466637,31684.604342271225,20996.71751995397,29,True,condition_number_corr,,__model__,127642.62226466637
development_formal,condition_balanced,height+q1+q2,height+q1+q2,3,357.2710767266127,127642.62226466637,31684.604342271225,20996.71751995397,29,True,max_vif,,__model__,31684.604342271225
development_formal,condition_balanced,height+q1+q2,height+q1+q2,3,357.2710767266127,127642.62226466637,31684.604342271225,20996.71751995397,29,True,mean_vif,,__model__,20996.71751995397
