profile_type,pose_id,bin_index,s_left_mm,s_right_mm,s_center_mm,frame_count_total,frame_count_valid,coverage_fraction,profile_available,point_count_total,point_count_by_frame,frame_balancing_method,raw_pose_profile_mm,pose_weight,pose_count_available,pose_weights_used,effective_pose_weight_sum,four_pose_common_support
pose,ground1,0,-147.0472008100069,-141.22374204528344,-144.13547142764517,20,20,1.0,True,1220,"[61, 61, 61, 61, 61, 61, 61, 61, 61, 61, 61, 61, 61, 61, 61, 61, 61, 61, 61, 61]","per-frame point median, then median across frames",0.01105739412617634,0.25,4,"{""002"": 0.25, ""003"": 0.25, ""004"": 0.25, ""ground1"": 0.25}",1.0,True
pose,ground1,1,-141.22374204528344,-135.40028328056002,-138.31201266292175,20,20,1.0,True,1185,"[59, 59, 59, 59, 59, 59, 60, 60, 59, 59, 60, 59, 59, 59, 60, 59, 60, 59, 59, 59]","per-frame point median, then median across frames",-0.026066032422183225,0.25,4,"{""002"": 0.25, ""003"": 0.25, ""004"": 0.25, ""ground1"": 0.25}",1.0,True
pose,ground1,2,-135.40028328056002,-129.57682451583656,-132.4885538981983,20,20,1.0,True,1195,"[60, 60, 60, 60, 60, 60, 59, 59, 60, 60, 59, 60, 60, 60, 59, 60, 59, 60, 60, 60]","per-frame point median, then median across frames",-0.01067011125969581,0.25,4,"{""002"": 0.25, ""003"": 0.25, ""004"": 0.25, ""ground1"": 0.25}",1.0,True
pose,ground1,3,-129.57682451583656,-123.75336575111311,-126.66509513347484,20,20,1.0,True,1220,"[61, 61, 61, 61, 61, 61, 61, 61, 61, 61, 61, 61, 61, 61, 61, 61, 61, 61, 61, 61]","per-frame point median, then median across frames",-0.020923109491114887,0.25,4,"{""002"": 0.25, ""003"": 0.25, ""004"": 0.25, ""ground1"": 0.25}",1.0,True
pose,ground1,4,-123.75336575111311,-117.92990698638967,-120.84163636875138,20,20,1.0,True,1180,"[59, 59, 59, 59, 59, 59, 59, 59, 59, 59, 59, 59, 59, 59, 59, 59, 59, 59, 59, 59]","per-frame point median, then median across frames",-0.000656917620232773,0.25,4,"{""002"": 0.25, ""003"": 0.25, ""004"": 0.25, ""ground1"": 0.25}",1.0,True
pose,ground1,5,-117.92990698638967,-112.10644822166623,-115.01817760402795,20,20,1.0,True,1200,"[60, 60, 60, 60, 60, 60, 60, 60, 60, 60, 60, 60, 60, 60, 60, 60, 60, 60, 60, 60]","per-frame point median, then median across frames",0.021182597162934004,0.25,4,"{""002"": 0.25, ""003"": 0.25, ""004"": 0.25, ""ground1"": 0.25}",1.0,True
pose,ground1,6,-112.10644822166623,-106.28298945694277,-109.1947188393045,20,20,1.0,True,1208,"[60, 60, 60, 61, 61, 61, 60, 61, 60, 61, 61, 60, 60, 60, 60, 60, 61, 61, 60, 60]","per-frame point median, then median across frames",0.02496978978146503,0.25,4,"{""002"": 0.25, ""003"": 0.25, ""004"": 0.25, ""ground1"": 0.25}",1.0,True
pose,ground1,7,-106.28298945694277,-100.45953069221932,-103.37126007458104,20,20,1.0,True,917,"[46, 47, 47, 45, 45, 45, 46, 45, 47, 45, 45, 46, 46, 47, 46, 46, 45, 45, 47, 46]","per-frame point median, then median across frames",0.035483885692264044,0.25,4,"{""002"": 0.25, ""003"": 0.25, ""004"": 0.25, ""ground1"": 0.25}",1.0,True
pose,ground1,8,-100.45953069221932,-94.63607192749588,-97.54780130985759,20,20,1.0,True,1200,"[60, 60, 60, 60, 60, 60, 60, 60, 60, 60, 60, 60, 60, 60, 60, 60, 60, 60, 60, 60]","per-frame point median, then median across frames",0.038127816617614496,0.25,4,"{""002"": 0.25, ""003"": 0.25, ""004"": 0.25, ""ground1"": 0.25}",1.0,True
pose,ground1,9,-94.63607192749588,-88.81261316277244,-91.72434254513416,20,20,1.0,True,1200,"[60, 60, 60, 60, 60, 60, 60, 60, 60, 60, 60, 60, 60, 60, 60, 60, 60, 60, 60, 60]","per-frame point median, then median across frames",0.04706325380344484,0.25,4,"{""002"": 0.25, ""003"": 0.25, ""004"": 0.25, ""ground1"": 0.25}",1.0,True
pose,ground1,10,-88.81261316277244,-82.98915439804898,-85.90088378041071,20,20,1.0,True,1200,"[60, 60, 60, 60, 60, 60, 60, 60, 60, 60, 60, 60, 60, 60, 60, 60, 60, 60, 60, 60]","per-frame point median, then median across frames",0.01331312404424339,0.25,4,"{""002"": 0.25, ""003"": 0.25, ""004"": 0.25, ""ground1"": 0.25}",1.0,True
pose,ground1,11,-82.98915439804898,-77.16569563332554,-80.07742501568725,20,20,1.0,True,1078,"[54, 53, 54, 54, 54, 54, 54, 54, 54, 54, 53, 54, 54, 54, 54, 54, 54, 54, 54, 54]","per-frame point median, then median across frames",0.0026126639455614125,0.25,4,"{""002"": 0.25, ""003"": 0.25, ""004"": 0.25, ""ground1"": 0.25}",1.0,True
pose,ground1,12,-77.16569563332554,-71.34223686860209,-74.25396625096381,20,20,1.0,True,1118,"[56, 56, 56, 56, 56, 56, 56, 56, 56, 56, 56, 56, 56, 55, 55, 56, 56, 56, 56, 56]","per-frame point median, then median across frames",-0.008101994013413192,0.25,4,"{""002"": 0.25, ""003"": 0.25, ""004"": 0.25, ""ground1"": 0.25}",1.0,True
pose,ground1,13,-71.34223686860209,-65.51877810387865,-68.43050748624037,20,20,1.0,True,1200,"[60, 60, 60, 60, 60, 60, 60, 60, 60, 60, 60, 60, 60, 60, 60, 60, 60, 60, 60, 60]","per-frame point median, then median across frames",-0.021007918095608674,0.25,4,"{""002"": 0.25, ""003"": 0.25, ""004"": 0.25, ""ground1"": 0.25}",1.0,True
pose,ground1,14,-65.51877810387865,-59.69531933915519,-62.60704872151692,20,20,1.0,True,1200,"[60, 60, 60, 60, 60, 60, 60, 60, 60, 60, 60, 60, 60, 60, 60, 60, 60, 60, 60, 60]","per-frame point median, then median across frames",-0.02778586537231378,0.25,4,"{""002"": 0.25, ""003"": 0.25, ""004"": 0.25, ""ground1"": 0.25}",1.0,True
pose,ground1,15,-59.69531933915519,-53.87186057443175,-56.78358995679347,20,20,1.0,True,1200,"[60, 60, 60, 60, 60, 60, 60, 60, 60, 60, 60, 60, 60, 60, 60, 60, 60, 60, 60, 60]","per-frame point median, then median across frames",-0.01735538018067372,0.25,4,"{""002"": 0.25, ""003"": 0.25, ""004"": 0.25, ""ground1"": 0.25}",1.0,True
pose,ground1,16,-53.87186057443175,-48.04840180970831,-50.96013119207003,20,20,1.0,True,1040,"[52, 52, 52, 52, 52, 52, 52, 52, 52, 52, 52, 52, 52, 52, 52, 52, 52, 52, 52, 52]","per-frame point median, then median across frames",-0.017963399286791335,0.25,4,"{""002"": 0.25, ""003"": 0.25, ""004"": 0.25, ""ground1"": 0.25}",1.0,True
pose,ground1,17,-48.04840180970831,-42.224943044984855,-45.13667242734658,20,20,1.0,True,1200,"[60, 60, 60, 60, 60, 60, 60, 60, 60, 60, 60, 60, 60, 60, 60, 60, 60, 60, 60, 60]","per-frame point median, then median across frames",-0.02518888446001446,0.25,4,"{""002"": 0.25, ""003"": 0.25, ""004"": 0.25, ""ground1"": 0.25}",1.0,True
pose,ground1,18,-42.224943044984855,-36.401484280261414,-39.313213662623134,20,20,1.0,True,1200,"[60, 60, 60, 60, 60, 60, 60, 60, 60, 60, 60, 60, 60, 60, 60, 60, 60, 60, 60, 60]","per-frame point median, then median across frames",-0.009945082749402898,0.25,4,"{""002"": 0.25, ""003"": 0.25, ""004"": 0.25, ""ground1"": 0.25}",1.0,True
pose,ground1,19,-36.401484280261414,-30.57802551553796,-33.48975489789969,20,20,1.0,True,1200,"[60, 60, 60, 60, 60, 60, 60, 60, 60, 60, 60, 60, 60, 60, 60, 60, 60, 60, 60, 60]","per-frame point median, then median across frames",-0.0009361337043909354,0.25,4,"{""002"": 0.25, ""003"": 0.25, ""004"": 0.25, ""ground1"": 0.25}",1.0,True
pose,ground1,20,-30.57802551553796,-24.75456675081452,-27.66629613317624,20,20,1.0,True,1200,"[60, 60, 60, 60, 60, 60, 60, 60, 60, 60, 60, 60, 60, 60, 60, 60, 60, 60, 60, 60]","per-frame point median, then median across frames",-0.021769689210530255,0.25,4,"{""002"": 0.25, ""003"": 0.25, ""004"": 0.25, ""ground1"": 0.25}",1.0,True
pose,ground1,21,-24.75456675081452,-18.931107986091064,-21.84283736845279,20,20,1.0,True,1100,"[55, 55, 55, 55, 55, 55, 55, 55, 55, 55, 55, 55, 55, 55, 55, 55, 55, 55, 55, 55]","per-frame point median, then median across frames",-0.050775427988143024,0.25,4,"{""002"": 0.25, ""003"": 0.25, ""004"": 0.25, ""ground1"": 0.25}",1.0,True
pose,ground1,22,-18.931107986091064,-13.107649221367609,-16.019378603729336,20,20,1.0,True,1200,"[60, 60, 60, 60, 60, 60, 60, 60, 60, 60, 60, 60, 60, 60, 60, 60, 60, 60, 60, 60]","per-frame point median, then median across frames",-0.04975058972085338,0.25,4,"{""002"": 0.25, ""003"": 0.25, ""004"": 0.25, ""ground1"": 0.25}",1.0,True
pose,ground1,23,-13.107649221367609,-7.284190456644183,-10.195919839005896,20,20,1.0,True,1200,"[60, 60, 60, 60, 60, 60, 60, 60, 60, 60, 60, 60, 60, 60, 60, 60, 60, 60, 60, 60]","per-frame point median, then median across frames",-0.009998605895237156,0.25,4,"{""002"": 0.25, ""003"": 0.25, ""004"": 0.25, ""ground1"": 0.25}",1.0,True
pose,ground1,24,-7.284190456644183,-1.4607316919207278,-4.372461074282455,20,20,1.0,True,1200,"[60, 60, 60, 60, 60, 60, 60, 60, 60, 60, 60, 60, 60, 60, 60, 60, 60, 60, 60, 60]","per-frame point median, then median across frames",0.01625845520899588,0.25,4,"{""002"": 0.25, ""003"": 0.25, ""004"": 0.25, ""ground1"": 0.25}",1.0,True
pose,ground1,25,-1.4607316919207278,4.362727072802727,1.4509976904409996,20,20,1.0,True,1200,"[60, 60, 60, 60, 60, 60, 60, 60, 60, 60, 60, 60, 60, 60, 60, 60, 60, 60, 60, 60]","per-frame point median, then median across frames",0.03474186501610136,0.25,4,"{""002"": 0.25, ""003"": 0.25, ""004"": 0.25, ""ground1"": 0.25}",1.0,True
pose,ground1,26,4.362727072802727,10.186185837526153,7.27445645516444,20,20,1.0,True,1133,"[57, 57, 57, 57, 57, 57, 57, 57, 56, 56, 56, 56, 57, 56, 57, 56, 56, 57, 57, 57]","per-frame point median, then median across frames",0.02101123969917821,0.25,4,"{""002"": 0.25, ""003"": 0.25, ""004"": 0.25, ""ground1"": 0.25}",1.0,True
pose,ground1,27,10.186185837526153,16.009644602249608,13.09791521988788,20,20,1.0,True,1200,"[60, 60, 60, 60, 60, 60, 60, 60, 60, 60, 60, 60, 60, 60, 60, 60, 60, 60, 60, 60]","per-frame point median, then median across frames",0.05466774157232045,0.25,4,"{""002"": 0.25, ""003"": 0.25, ""004"": 0.25, ""ground1"": 0.25}",1.0,True
pose,ground1,28,16.009644602249608,21.833103366973063,18.921373984611336,20,20,1.0,True,1200,"[60, 60, 60, 60, 60, 60, 60, 60, 60, 60, 60, 60, 60, 60, 60, 60, 60, 60, 60, 60]","per-frame point median, then median across frames",0.05713415846260336,0.25,4,"{""002"": 0.25, ""003"": 0.25, ""004"": 0.25, ""ground1"": 0.25}",1.0,True
pose,ground1,29,21.833103366973063,27.656562131696518,24.74483274933479,20,20,1.0,True,1200,"[60, 60, 60, 60, 60, 60, 60, 60, 60, 60, 60, 60, 60, 60, 60, 60, 60, 60, 60, 60]","per-frame point median, then median across frames",0.04496186373624417,0.25,4,"{""002"": 0.25, ""003"": 0.25, ""004"": 0.25, ""ground1"": 0.25}",1.0,True
pose,ground1,30,27.656562131696518,33.480020896419944,30.56829151405823,20,20,1.0,True,1200,"[60, 60, 60, 60, 60, 60, 60, 60, 60, 60, 60, 60, 60, 60, 60, 60, 60, 60, 60, 60]","per-frame point median, then median across frames",0.016641435726428174,0.25,4,"{""002"": 0.25, ""003"": 0.25, ""004"": 0.25, ""ground1"": 0.25}",1.0,True
pose,ground1,31,33.480020896419944,39.3034796611434,36.39175027878167,20,20,1.0,True,1140,"[57, 57, 57, 57, 57, 57, 57, 57, 57, 57, 57, 57, 57, 57, 57, 57, 57, 57, 57, 57]","per-frame point median, then median across frames",-0.012305975903441142,0.25,4,"{""002"": 0.25, ""003"": 0.25, ""004"": 0.25, ""ground1"": 0.25}",1.0,True
pose,ground1,32,39.3034796611434,45.126938425866854,42.215209043505126,20,20,1.0,True,1200,"[60, 60, 60, 60, 60, 60, 60, 60, 60, 60, 60, 60, 60, 60, 60, 60, 60, 60, 60, 60]","per-frame point median, then median across frames",-0.04217140981662825,0.25,4,"{""002"": 0.25, ""003"": 0.25, ""004"": 0.25, ""ground1"": 0.25}",1.0,True
pose,ground1,33,45.126938425866854,50.95039719059028,48.03866780822857,20,20,1.0,True,1200,"[60, 60, 60, 60, 60, 60, 60, 60, 60, 60, 60, 60, 60, 60, 60, 60, 60, 60, 60, 60]","per-frame point median, then median across frames",-0.08591410529029328,0.25,4,"{""002"": 0.25, ""003"": 0.25, ""004"": 0.25, ""ground1"": 0.25}",1.0,True
pose,ground1,34,50.95039719059028,56.773855955313735,53.86212657295201,20,20,1.0,True,1200,"[60, 60, 60, 60, 60, 60, 60, 60, 60, 60, 60, 60, 60, 60, 60, 60, 60, 60, 60, 60]","per-frame point median, then median across frames",-0.09957721004541131,0.25,4,"{""002"": 0.25, ""003"": 0.25, ""004"": 0.25, ""ground1"": 0.25}",1.0,True
pose,ground1,35,56.773855955313735,62.59731472003719,59.68558533767546,20,20,1.0,True,1180,"[59, 59, 59, 59, 59, 59, 59, 59, 59, 59, 59, 59, 59, 59, 59, 59, 59, 59, 59, 59]","per-frame point median, then median across frames",-0.14491630768922137,0.25,4,"{""002"": 0.25, ""003"": 0.25, ""004"": 0.25, ""ground1"": 0.25}",1.0,True
pose,ground1,36,62.59731472003719,68.42077348476064,65.50904410239892,20,20,1.0,True,1099,"[55, 55, 54, 55, 55, 55, 55, 55, 55, 55, 55, 55, 55, 55, 55, 55, 55, 55, 55, 55]","per-frame point median, then median across frames",-0.1442626037479317,0.25,4,"{""002"": 0.25, ""003"": 0.25, ""004"": 0.25, ""ground1"": 0.25}",1.0,True
pose,ground1,37,68.42077348476064,74.24423224948407,71.33250286712236,20,20,1.0,True,1200,"[60, 60, 60, 60, 60, 60, 60, 60, 60, 60, 60, 60, 60, 60, 60, 60, 60, 60, 60, 60]","per-frame point median, then median across frames",-0.17545189324714539,0.25,4,"{""002"": 0.25, ""003"": 0.25, ""004"": 0.25, ""ground1"": 0.25}",1.0,True
pose,ground1,38,74.24423224948407,80.06769101420753,77.1559616318458,20,20,1.0,True,1200,"[60, 60, 60, 60, 60, 60, 60, 60, 60, 60, 60, 60, 60, 60, 60, 60, 60, 60, 60, 60]","per-frame point median, then median across frames",-0.12357510125440854,0.25,4,"{""002"": 0.25, ""003"": 0.25, ""004"": 0.25, ""ground1"": 0.25}",1.0,True
pose,ground1,39,80.06769101420753,85.89114977893098,82.97942039656925,20,20,1.0,True,1200,"[60, 60, 60, 60, 60, 60, 60, 60, 60, 60, 60, 60, 60, 60, 60, 60, 60, 60, 60, 60]","per-frame point median, then median across frames",-0.09231521353578942,0.25,4,"{""002"": 0.25, ""003"": 0.25, ""004"": 0.25, ""ground1"": 0.25}",1.0,True
pose,ground1,40,85.89114977893098,91.7146085436544,88.8028791612927,20,20,1.0,True,1200,"[60, 60, 60, 60, 60, 60, 60, 60, 60, 60, 60, 60, 60, 60, 60, 60, 60, 60, 60, 60]","per-frame point median, then median across frames",-0.05641400387369348,0.25,4,"{""002"": 0.25, ""003"": 0.25, ""004"": 0.25, ""ground1"": 0.25}",1.0,True
pose,ground1,41,91.7146085436544,97.53806730837786,94.62633792601613,20,20,1.0,True,1056,"[53, 53, 53, 53, 52, 53, 53, 53, 53, 53, 53, 53, 52, 53, 53, 53, 53, 53, 52, 52]","per-frame point median, then median across frames",-0.06281803793640756,0.25,4,"{""002"": 0.25, ""003"": 0.25, ""004"": 0.25, ""ground1"": 0.25}",1.0,True
pose,ground1,42,97.53806730837786,103.36152607310132,100.44979669073959,20,20,1.0,True,1184,"[59, 59, 59, 59, 60, 59, 59, 59, 59, 59, 59, 59, 60, 59, 59, 59, 59, 59, 60, 60]","per-frame point median, then median across frames",-0.026453300564013415,0.25,4,"{""002"": 0.25, ""003"": 0.25, ""004"": 0.25, ""ground1"": 0.25}",1.0,True
pose,ground1,43,103.36152607310132,109.18498483782477,106.27325545546304,20,20,1.0,True,1200,"[60, 60, 60, 60, 60, 60, 60, 60, 60, 60, 60, 60, 60, 60, 60, 60, 60, 60, 60, 60]","per-frame point median, then median across frames",0.010861511340771957,0.25,4,"{""002"": 0.25, ""003"": 0.25, ""004"": 0.25, ""ground1"": 0.25}",1.0,True
pose,ground1,44,109.18498483782477,115.00844360254823,112.0967142201865,20,20,1.0,True,1200,"[60, 60, 60, 60, 60, 60, 60, 60, 60, 60, 60, 60, 60, 60, 60, 60, 60, 60, 60, 60]","per-frame point median, then median across frames",0.029400369795218612,0.25,4,"{""002"": 0.25, ""003"": 0.25, ""004"": 0.25, ""ground1"": 0.25}",1.0,True
pose,ground1,45,115.00844360254823,120.83190236727168,117.92017298490995,20,20,1.0,True,1200,"[60, 60, 60, 60, 60, 60, 60, 60, 60, 60, 60, 60, 60, 60, 60, 60, 60, 60, 60, 60]","per-frame point median, then median across frames",0.03195059955121721,0.25,4,"{""002"": 0.25, ""003"": 0.25, ""004"": 0.25, ""ground1"": 0.25}",1.0,True
pose,ground1,46,120.83190236727168,126.65536113199508,123.74363174963338,20,20,1.0,True,1180,"[59, 59, 59, 59, 59, 59, 59, 59, 59, 59, 59, 59, 59, 59, 59, 59, 59, 59, 59, 59]","per-frame point median, then median across frames",0.045166638157425734,0.25,4,"{""002"": 0.25, ""003"": 0.25, ""004"": 0.25, ""ground1"": 0.25}",1.0,True
pose,ground1,47,126.65536113199508,132.47881989671853,129.5670905143568,20,20,1.0,True,1200,"[60, 60, 60, 60, 60, 60, 60, 60, 60, 60, 60, 60, 60, 60, 60, 60, 60, 60, 60, 60]","per-frame point median, then median across frames",0.03538108505111079,0.25,4,"{""002"": 0.25, ""003"": 0.25, ""004"": 0.25, ""ground1"": 0.25}",1.0,True
pose,ground1,48,132.47881989671853,138.302278661442,135.39054927908026,20,20,1.0,True,1200,"[60, 60, 60, 60, 60, 60, 60, 60, 60, 60, 60, 60, 60, 60, 60, 60, 60, 60, 60, 60]","per-frame point median, then median across frames",0.01923072049181427,0.25,3,"{""002"": 0.25, ""003"": 0.25, ""004"": 0.25, ""ground1"": 0.25}",1.0,False
pose,ground1,49,138.302278661442,144.12573742616544,141.21400804380372,20,20,1.0,True,1180,"[59, 59, 59, 59, 59, 59, 59, 59, 59, 59, 59, 59, 59, 59, 59, 59, 59, 59, 59, 59]","per-frame point median, then median across frames",0.0186606644958983,0.25,1,"{""002"": 0.25, ""003"": 0.25, ""004"": 0.25, ""ground1"": 0.25}",1.0,False
pose,002,0,-147.0472008100069,-141.22374204528344,-144.13547142764517,5,5,1.0,True,120,"[24, 24, 24, 24, 24]","per-frame point median, then median across frames",0.00837054201466124,0.25,4,"{""002"": 0.25, ""003"": 0.25, ""004"": 0.25, ""ground1"": 0.25}",1.0,True
pose,002,1,-141.22374204528344,-135.40028328056002,-138.31201266292175,5,5,1.0,True,290,"[58, 58, 58, 58, 58]","per-frame point median, then median across frames",-0.018382916964845744,0.25,4,"{""002"": 0.25, ""003"": 0.25, ""004"": 0.25, ""ground1"": 0.25}",1.0,True
pose,002,2,-135.40028328056002,-129.57682451583656,-132.4885538981983,5,5,1.0,True,300,"[60, 60, 60, 60, 60]","per-frame point median, then median across frames",-0.03951236932986647,0.25,4,"{""002"": 0.25, ""003"": 0.25, ""004"": 0.25, ""ground1"": 0.25}",1.0,True
pose,002,3,-129.57682451583656,-123.75336575111311,-126.66509513347484,5,5,1.0,True,300,"[60, 60, 60, 60, 60]","per-frame point median, then median across frames",-0.04105349993846229,0.25,4,"{""002"": 0.25, ""003"": 0.25, ""004"": 0.25, ""ground1"": 0.25}",1.0,True
pose,002,4,-123.75336575111311,-117.92990698638967,-120.84163636875138,5,5,1.0,True,300,"[60, 60, 60, 60, 60]","per-frame point median, then median across frames",-0.015303452810185095,0.25,4,"{""002"": 0.25, ""003"": 0.25, ""004"": 0.25, ""ground1"": 0.25}",1.0,True
pose,002,5,-117.92990698638967,-112.10644822166623,-115.01817760402795,5,5,1.0,True,155,"[31, 31, 31, 31, 31]","per-frame point median, then median across frames",0.021035020074487487,0.25,4,"{""002"": 0.25, ""003"": 0.25, ""004"": 0.25, ""ground1"": 0.25}",1.0,True
pose,002,6,-112.10644822166623,-106.28298945694277,-109.1947188393045,5,5,1.0,True,300,"[60, 60, 60, 60, 60]","per-frame point median, then median across frames",0.02732158588000165,0.25,4,"{""002"": 0.25, ""003"": 0.25, ""004"": 0.25, ""ground1"": 0.25}",1.0,True
pose,002,7,-106.28298945694277,-100.45953069221932,-103.37126007458104,5,5,1.0,True,300,"[60, 60, 60, 60, 60]","per-frame point median, then median across frames",0.047414425293984236,0.25,4,"{""002"": 0.25, ""003"": 0.25, ""004"": 0.25, ""ground1"": 0.25}",1.0,True
pose,002,8,-100.45953069221932,-94.63607192749588,-97.54780130985759,5,5,1.0,True,300,"[60, 60, 60, 60, 60]","per-frame point median, then median across frames",0.0407835505113055,0.25,4,"{""002"": 0.25, ""003"": 0.25, ""004"": 0.25, ""ground1"": 0.25}",1.0,True
pose,002,9,-94.63607192749588,-88.81261316277244,-91.72434254513416,5,5,1.0,True,305,"[61, 61, 61, 61, 61]","per-frame point median, then median across frames",0.03474501216251222,0.25,4,"{""002"": 0.25, ""003"": 0.25, ""004"": 0.25, ""ground1"": 0.25}",1.0,True
pose,002,10,-88.81261316277244,-82.98915439804898,-85.90088378041071,5,5,1.0,True,195,"[39, 39, 39, 39, 39]","per-frame point median, then median across frames",0.02368262500613999,0.25,4,"{""002"": 0.25, ""003"": 0.25, ""004"": 0.25, ""ground1"": 0.25}",1.0,True
pose,002,11,-82.98915439804898,-77.16569563332554,-80.07742501568725,5,5,1.0,True,300,"[60, 60, 60, 60, 60]","per-frame point median, then median across frames",0.016200785641303006,0.25,4,"{""002"": 0.25, ""003"": 0.25, ""004"": 0.25, ""ground1"": 0.25}",1.0,True
pose,002,12,-77.16569563332554,-71.34223686860209,-74.25396625096381,5,5,1.0,True,300,"[60, 60, 60, 60, 60]","per-frame point median, then median across frames",0.0033090165282029654,0.25,4,"{""002"": 0.25, ""003"": 0.25, ""004"": 0.25, ""ground1"": 0.25}",1.0,True
pose,002,13,-71.34223686860209,-65.51877810387865,-68.43050748624037,5,5,1.0,True,300,"[60, 60, 60, 60, 60]","per-frame point median, then median across frames",-2.9397961354850344e-05,0.25,4,"{""002"": 0.25, ""003"": 0.25, ""004"": 0.25, ""ground1"": 0.25}",1.0,True
pose,002,14,-65.51877810387865,-59.69531933915519,-62.60704872151692,5,5,1.0,True,300,"[60, 60, 60, 60, 60]","per-frame point median, then median across frames",-0.008644798633132895,0.25,4,"{""002"": 0.25, ""003"": 0.25, ""004"": 0.25, ""ground1"": 0.25}",1.0,True
pose,002,15,-59.69531933915519,-53.87186057443175,-56.78358995679347,5,5,1.0,True,225,"[45, 45, 45, 45, 45]","per-frame point median, then median across frames",0.011515024225320906,0.25,4,"{""002"": 0.25, ""003"": 0.25, ""004"": 0.25, ""ground1"": 0.25}",1.0,True
pose,002,16,-53.87186057443175,-48.04840180970831,-50.96013119207003,5,5,1.0,True,300,"[60, 60, 60, 60, 60]","per-frame point median, then median across frames",-0.012159056177679844,0.25,4,"{""002"": 0.25, ""003"": 0.25, ""004"": 0.25, ""ground1"": 0.25}",1.0,True
pose,002,17,-48.04840180970831,-42.224943044984855,-45.13667242734658,5,5,1.0,True,300,"[60, 60, 60, 60, 60]","per-frame point median, then median across frames",-0.008359511342697759,0.25,4,"{""002"": 0.25, ""003"": 0.25, ""004"": 0.25, ""ground1"": 0.25}",1.0,True
pose,002,18,-42.224943044984855,-36.401484280261414,-39.313213662623134,5,5,1.0,True,300,"[60, 60, 60, 60, 60]","per-frame point median, then median across frames",0.0038396134413081033,0.25,4,"{""002"": 0.25, ""003"": 0.25, ""004"": 0.25, ""ground1"": 0.25}",1.0,True
pose,002,19,-36.401484280261414,-30.57802551553796,-33.48975489789969,5,5,1.0,True,300,"[60, 60, 60, 60, 60]","per-frame point median, then median across frames",-0.012191082920938876,0.25,4,"{""002"": 0.25, ""003"": 0.25, ""004"": 0.25, ""ground1"": 0.25}",1.0,True
pose,002,20,-30.57802551553796,-24.75456675081452,-27.66629613317624,5,5,1.0,True,250,"[50, 50, 50, 50, 50]","per-frame point median, then median across frames",-0.02018427596300323,0.25,4,"{""002"": 0.25, ""003"": 0.25, ""004"": 0.25, ""ground1"": 0.25}",1.0,True
pose,002,21,-24.75456675081452,-18.931107986091064,-21.84283736845279,5,5,1.0,True,305,"[61, 61, 61, 61, 61]","per-frame point median, then median across frames",-0.05294016333859075,0.25,4,"{""002"": 0.25, ""003"": 0.25, ""004"": 0.25, ""ground1"": 0.25}",1.0,True
pose,002,22,-18.931107986091064,-13.107649221367609,-16.019378603729336,5,5,1.0,True,300,"[60, 60, 60, 60, 60]","per-frame point median, then median across frames",-0.04387726227984325,0.25,4,"{""002"": 0.25, ""003"": 0.25, ""004"": 0.25, ""ground1"": 0.25}",1.0,True
pose,002,23,-13.107649221367609,-7.284190456644183,-10.195919839005896,5,5,1.0,True,300,"[60, 60, 60, 60, 60]","per-frame point median, then median across frames",-0.01501319337573162,0.25,4,"{""002"": 0.25, ""003"": 0.25, ""004"": 0.25, ""ground1"": 0.25}",1.0,True
pose,002,24,-7.284190456644183,-1.4607316919207278,-4.372461074282455,5,5,1.0,True,290,"[58, 58, 58, 58, 58]","per-frame point median, then median across frames",-0.0012256361656293596,0.25,4,"{""002"": 0.25, ""003"": 0.25, ""004"": 0.25, ""ground1"": 0.25}",1.0,True
pose,002,25,-1.4607316919207278,4.362727072802727,1.4509976904409996,5,5,1.0,True,285,"[57, 57, 57, 57, 57]","per-frame point median, then median across frames",0.037938830642504674,0.25,4,"{""002"": 0.25, ""003"": 0.25, ""004"": 0.25, ""ground1"": 0.25}",1.0,True
pose,002,26,4.362727072802727,10.186185837526153,7.27445645516444,5,5,1.0,True,300,"[60, 60, 60, 60, 60]","per-frame point median, then median across frames",0.04158855413394941,0.25,4,"{""002"": 0.25, ""003"": 0.25, ""004"": 0.25, ""ground1"": 0.25}",1.0,True
pose,002,27,10.186185837526153,16.009644602249608,13.09791521988788,5,5,1.0,True,300,"[60, 60, 60, 60, 60]","per-frame point median, then median across frames",0.04903694713152453,0.25,4,"{""002"": 0.25, ""003"": 0.25, ""004"": 0.25, ""ground1"": 0.25}",1.0,True
pose,002,28,16.009644602249608,21.833103366973063,18.921373984611336,5,5,1.0,True,300,"[60, 60, 60, 60, 60]","per-frame point median, then median across frames",0.046200679905627214,0.25,4,"{""002"": 0.25, ""003"": 0.25, ""004"": 0.25, ""ground1"": 0.25}",1.0,True
pose,002,29,21.833103366973063,27.656562131696518,24.74483274933479,5,5,1.0,True,290,"[58, 58, 58, 58, 58]","per-frame point median, then median across frames",0.05499762156447505,0.25,4,"{""002"": 0.25, ""003"": 0.25, ""004"": 0.25, ""ground1"": 0.25}",1.0,True
pose,002,30,27.656562131696518,33.480020896419944,30.56829151405823,5,5,1.0,True,300,"[60, 60, 60, 60, 60]","per-frame point median, then median across frames",0.018857833045577227,0.25,4,"{""002"": 0.25, ""003"": 0.25, ""004"": 0.25, ""ground1"": 0.25}",1.0,True
pose,002,31,33.480020896419944,39.3034796611434,36.39175027878167,5,5,1.0,True,300,"[60, 60, 60, 60, 60]","per-frame point median, then median across frames",-0.011131690952643748,0.25,4,"{""002"": 0.25, ""003"": 0.25, ""004"": 0.25, ""ground1"": 0.25}",1.0,True
pose,002,32,39.3034796611434,45.126938425866854,42.215209043505126,5,5,1.0,True,300,"[60, 60, 60, 60, 60]","per-frame point median, then median across frames",-0.023440988132659372,0.25,4,"{""002"": 0.25, ""003"": 0.25, ""004"": 0.25, ""ground1"": 0.25}",1.0,True
pose,002,33,45.126938425866854,50.95039719059028,48.03866780822857,5,5,1.0,True,300,"[60, 60, 60, 60, 60]","per-frame point median, then median across frames",-0.050703900592474566,0.25,4,"{""002"": 0.25, ""003"": 0.25, ""004"": 0.25, ""ground1"": 0.25}",1.0,True
pose,002,34,50.95039719059028,56.773855955313735,53.86212657295201,5,5,1.0,True,295,"[59, 59, 59, 59, 59]","per-frame point median, then median across frames",-0.06526459947751892,0.25,4,"{""002"": 0.25, ""003"": 0.25, ""004"": 0.25, ""ground1"": 0.25}",1.0,True
pose,002,35,56.773855955313735,62.59731472003719,59.68558533767546,5,5,1.0,True,300,"[60, 60, 60, 60, 60]","per-frame point median, then median across frames",-0.09916047915187744,0.25,4,"{""002"": 0.25, ""003"": 0.25, ""004"": 0.25, ""ground1"": 0.25}",1.0,True
pose,002,36,62.59731472003719,68.42077348476064,65.50904410239892,5,5,1.0,True,300,"[60, 60, 60, 60, 60]","per-frame point median, then median across frames",-0.11181760805580024,0.25,4,"{""002"": 0.25, ""003"": 0.25, ""004"": 0.25, ""ground1"": 0.25}",1.0,True
pose,002,37,68.42077348476064,74.24423224948407,71.33250286712236,5,5,1.0,True,300,"[60, 60, 60, 60, 60]","per-frame point median, then median across frames",-0.1081304469509161,0.25,4,"{""002"": 0.25, ""003"": 0.25, ""004"": 0.25, ""ground1"": 0.25}",1.0,True
pose,002,38,74.24423224948407,80.06769101420753,77.1559616318458,5,5,1.0,True,300,"[60, 60, 60, 60, 60]","per-frame point median, then median across frames",-0.08397547571954579,0.25,4,"{""002"": 0.25, ""003"": 0.25, ""004"": 0.25, ""ground1"": 0.25}",1.0,True
pose,002,39,80.06769101420753,85.89114977893098,82.97942039656925,5,5,1.0,True,300,"[60, 60, 60, 60, 60]","per-frame point median, then median across frames",-0.052434675283198603,0.25,4,"{""002"": 0.25, ""003"": 0.25, ""004"": 0.25, ""ground1"": 0.25}",1.0,True
pose,002,40,85.89114977893098,91.7146085436544,88.8028791612927,5,5,1.0,True,300,"[60, 60, 60, 60, 60]","per-frame point median, then median across frames",-0.02257669823910169,0.25,4,"{""002"": 0.25, ""003"": 0.25, ""004"": 0.25, ""ground1"": 0.25}",1.0,True
pose,002,41,91.7146085436544,97.53806730837786,94.62633792601613,5,5,1.0,True,295,"[59, 59, 59, 59, 59]","per-frame point median, then median across frames",-0.021437577973665523,0.25,4,"{""002"": 0.25, ""003"": 0.25, ""004"": 0.25, ""ground1"": 0.25}",1.0,True
pose,002,42,97.53806730837786,103.36152607310132,100.44979669073959,5,5,1.0,True,300,"[60, 60, 60, 60, 60]","per-frame point median, then median across frames",0.016788117388034707,0.25,4,"{""002"": 0.25, ""003"": 0.25, ""004"": 0.25, ""ground1"": 0.25}",1.0,True
pose,002,43,103.36152607310132,109.18498483782477,106.27325545546304,5,5,1.0,True,300,"[60, 60, 60, 60, 60]","per-frame point median, then median across frames",0.04058450108685159,0.25,4,"{""002"": 0.25, ""003"": 0.25, ""004"": 0.25, ""ground1"": 0.25}",1.0,True
pose,002,44,109.18498483782477,115.00844360254823,112.0967142201865,5,5,1.0,True,290,"[58, 58, 58, 58, 58]","per-frame point median, then median across frames",0.02946281125007591,0.25,4,"{""002"": 0.25, ""003"": 0.25, ""004"": 0.25, ""ground1"": 0.25}",1.0,True
pose,002,45,115.00844360254823,120.83190236727168,117.92017298490995,5,5,1.0,True,295,"[59, 59, 59, 59, 59]","per-frame point median, then median across frames",0.03860872414583269,0.25,4,"{""002"": 0.25, ""003"": 0.25, ""004"": 0.25, ""ground1"": 0.25}",1.0,True
pose,002,46,120.83190236727168,126.65536113199508,123.74363174963338,5,5,1.0,True,300,"[60, 60, 60, 60, 60]","per-frame point median, then median across frames",0.014506351921124247,0.25,4,"{""002"": 0.25, ""003"": 0.25, ""004"": 0.25, ""ground1"": 0.25}",1.0,True
pose,002,47,126.65536113199508,132.47881989671853,129.5670905143568,5,5,1.0,True,295,"[59, 59, 59, 59, 59]","per-frame point median, then median across frames",0.013333214941961019,0.25,4,"{""002"": 0.25, ""003"": 0.25, ""004"": 0.25, ""ground1"": 0.25}",1.0,True
pose,002,48,132.47881989671853,138.302278661442,135.39054927908026,5,5,1.0,True,60,"[12, 12, 12, 12, 12]","per-frame point median, then median across frames",-0.000741742584588978,0.25,3,"{""002"": 0.25, ""003"": 0.25, ""004"": 0.25, ""ground1"": 0.25}",1.0,False
pose,002,49,138.302278661442,144.12573742616544,141.21400804380372,5,0,0.0,False,0,"[0, 0, 0, 0, 0]","per-frame point median, then median across frames",,0.25,1,"{""002"": 0.25, ""003"": 0.25, ""004"": 0.25, ""ground1"": 0.25}",1.0,False
pose,003,0,-147.0472008100069,-141.22374204528344,-144.13547142764517,5,5,1.0,True,300,"[60, 60, 60, 60, 60]","per-frame point median, then median across frames",0.01505031113011003,0.25,4,"{""002"": 0.25, ""003"": 0.25, ""004"": 0.25, ""ground1"": 0.25}",1.0,True
pose,003,1,-141.22374204528344,-135.40028328056002,-138.31201266292175,5,5,1.0,True,300,"[60, 60, 60, 60, 60]","per-frame point median, then median across frames",-0.011313106105669352,0.25,4,"{""002"": 0.25, ""003"": 0.25, ""004"": 0.25, ""ground1"": 0.25}",1.0,True
pose,003,2,-135.40028328056002,-129.57682451583656,-132.4885538981983,5,5,1.0,True,300,"[60, 60, 60, 60, 60]","per-frame point median, then median across frames",-0.01096656657880616,0.25,4,"{""002"": 0.25, ""003"": 0.25, ""004"": 0.25, ""ground1"": 0.25}",1.0,True
pose,003,3,-129.57682451583656,-123.75336575111311,-126.66509513347484,5,5,1.0,True,300,"[60, 60, 60, 60, 60]","per-frame point median, then median across frames",-0.012135810812172285,0.25,4,"{""002"": 0.25, ""003"": 0.25, ""004"": 0.25, ""ground1"": 0.25}",1.0,True
pose,003,4,-123.75336575111311,-117.92990698638967,-120.84163636875138,5,5,1.0,True,285,"[57, 57, 57, 57, 57]","per-frame point median, then median across frames",-0.018571086957275357,0.25,4,"{""002"": 0.25, ""003"": 0.25, ""004"": 0.25, ""ground1"": 0.25}",1.0,True
pose,003,5,-117.92990698638967,-112.10644822166623,-115.01817760402795,5,5,1.0,True,300,"[60, 60, 60, 60, 60]","per-frame point median, then median across frames",-0.00686092650510646,0.25,4,"{""002"": 0.25, ""003"": 0.25, ""004"": 0.25, ""ground1"": 0.25}",1.0,True
pose,003,6,-112.10644822166623,-106.28298945694277,-109.1947188393045,5,5,1.0,True,300,"[60, 60, 60, 60, 60]","per-frame point median, then median across frames",0.004827094358213567,0.25,4,"{""002"": 0.25, ""003"": 0.25, ""004"": 0.25, ""ground1"": 0.25}",1.0,True
pose,003,7,-106.28298945694277,-100.45953069221932,-103.37126007458104,5,5,1.0,True,305,"[61, 61, 61, 61, 61]","per-frame point median, then median across frames",0.015583700883635226,0.25,4,"{""002"": 0.25, ""003"": 0.25, ""004"": 0.25, ""ground1"": 0.25}",1.0,True
pose,003,8,-100.45953069221932,-94.63607192749588,-97.54780130985759,5,5,1.0,True,300,"[60, 60, 60, 60, 60]","per-frame point median, then median across frames",0.023546882003736946,0.25,4,"{""002"": 0.25, ""003"": 0.25, ""004"": 0.25, ""ground1"": 0.25}",1.0,True
pose,003,9,-94.63607192749588,-88.81261316277244,-91.72434254513416,5,5,1.0,True,290,"[58, 58, 58, 58, 58]","per-frame point median, then median across frames",0.025849221588760782,0.25,4,"{""002"": 0.25, ""003"": 0.25, ""004"": 0.25, ""ground1"": 0.25}",1.0,True
pose,003,10,-88.81261316277244,-82.98915439804898,-85.90088378041071,5,5,1.0,True,300,"[60, 60, 60, 60, 60]","per-frame point median, then median across frames",0.003368258453412709,0.25,4,"{""002"": 0.25, ""003"": 0.25, ""004"": 0.25, ""ground1"": 0.25}",1.0,True
pose,003,11,-82.98915439804898,-77.16569563332554,-80.07742501568725,5,5,1.0,True,300,"[60, 60, 60, 60, 60]","per-frame point median, then median across frames",-0.0033085700267572876,0.25,4,"{""002"": 0.25, ""003"": 0.25, ""004"": 0.25, ""ground1"": 0.25}",1.0,True
pose,003,12,-77.16569563332554,-71.34223686860209,-74.25396625096381,5,5,1.0,True,300,"[60, 60, 60, 60, 60]","per-frame point median, then median across frames",-0.002317878277059135,0.25,4,"{""002"": 0.25, ""003"": 0.25, ""004"": 0.25, ""ground1"": 0.25}",1.0,True
pose,003,13,-71.34223686860209,-65.51877810387865,-68.43050748624037,5,5,1.0,True,300,"[60, 60, 60, 60, 60]","per-frame point median, then median across frames",-0.017248146077626564,0.25,4,"{""002"": 0.25, ""003"": 0.25, ""004"": 0.25, ""ground1"": 0.25}",1.0,True
pose,003,14,-65.51877810387865,-59.69531933915519,-62.60704872151692,5,5,1.0,True,290,"[58, 58, 58, 58, 58]","per-frame point median, then median across frames",-0.002374200079860528,0.25,4,"{""002"": 0.25, ""003"": 0.25, ""004"": 0.25, ""ground1"": 0.25}",1.0,True
pose,003,15,-59.69531933915519,-53.87186057443175,-56.78358995679347,5,5,1.0,True,300,"[60, 60, 60, 60, 60]","per-frame point median, then median across frames",-0.0023997941992266424,0.25,4,"{""002"": 0.25, ""003"": 0.25, ""004"": 0.25, ""ground1"": 0.25}",1.0,True
pose,003,16,-53.87186057443175,-48.04840180970831,-50.96013119207003,5,5,1.0,True,300,"[60, 60, 60, 60, 60]","per-frame point median, then median across frames",0.012762691571761714,0.25,4,"{""002"": 0.25, ""003"": 0.25, ""004"": 0.25, ""ground1"": 0.25}",1.0,True
pose,003,17,-48.04840180970831,-42.224943044984855,-45.13667242734658,5,5,1.0,True,300,"[60, 60, 60, 60, 60]","per-frame point median, then median across frames",-0.01089693106009424,0.25,4,"{""002"": 0.25, ""003"": 0.25, ""004"": 0.25, ""ground1"": 0.25}",1.0,True
pose,003,18,-42.224943044984855,-36.401484280261414,-39.313213662623134,5,5,1.0,True,300,"[60, 60, 60, 60, 60]","per-frame point median, then median across frames",0.014378223023539076,0.25,4,"{""002"": 0.25, ""003"": 0.25, ""004"": 0.25, ""ground1"": 0.25}",1.0,True
pose,003,19,-36.401484280261414,-30.57802551553796,-33.48975489789969,5,5,1.0,True,281,"[56, 56, 56, 57, 56]","per-frame point median, then median across frames",0.006412345391726103,0.25,4,"{""002"": 0.25, ""003"": 0.25, ""004"": 0.25, ""ground1"": 0.25}",1.0,True
pose,003,20,-30.57802551553796,-24.75456675081452,-27.66629613317624,5,5,1.0,True,300,"[60, 60, 60, 60, 60]","per-frame point median, then median across frames",-0.00965803863320586,0.25,4,"{""002"": 0.25, ""003"": 0.25, ""004"": 0.25, ""ground1"": 0.25}",1.0,True
pose,003,21,-24.75456675081452,-18.931107986091064,-21.84283736845279,5,5,1.0,True,305,"[61, 61, 61, 61, 61]","per-frame point median, then median across frames",-0.05068804154596085,0.25,4,"{""002"": 0.25, ""003"": 0.25, ""004"": 0.25, ""ground1"": 0.25}",1.0,True
pose,003,22,-18.931107986091064,-13.107649221367609,-16.019378603729336,5,5,1.0,True,300,"[60, 60, 60, 60, 60]","per-frame point median, then median across frames",-0.03786294060108053,0.25,4,"{""002"": 0.25, ""003"": 0.25, ""004"": 0.25, ""ground1"": 0.25}",1.0,True
pose,003,23,-13.107649221367609,-7.284190456644183,-10.195919839005896,5,5,1.0,True,300,"[60, 60, 60, 60, 60]","per-frame point median, then median across frames",-0.0178536503327449,0.25,4,"{""002"": 0.25, ""003"": 0.25, ""004"": 0.25, ""ground1"": 0.25}",1.0,True
pose,003,24,-7.284190456644183,-1.4607316919207278,-4.372461074282455,5,5,1.0,True,275,"[55, 55, 55, 55, 55]","per-frame point median, then median across frames",0.034762800419297184,0.25,4,"{""002"": 0.25, ""003"": 0.25, ""004"": 0.25, ""ground1"": 0.25}",1.0,True
pose,003,25,-1.4607316919207278,4.362727072802727,1.4509976904409996,5,5,1.0,True,300,"[60, 60, 60, 60, 60]","per-frame point median, then median across frames",0.04446049370445812,0.25,4,"{""002"": 0.25, ""003"": 0.25, ""004"": 0.25, ""ground1"": 0.25}",1.0,True
pose,003,26,4.362727072802727,10.186185837526153,7.27445645516444,5,5,1.0,True,300,"[60, 60, 60, 60, 60]","per-frame point median, then median across frames",0.027144836606580982,0.25,4,"{""002"": 0.25, ""003"": 0.25, ""004"": 0.25, ""ground1"": 0.25}",1.0,True
pose,003,27,10.186185837526153,16.009644602249608,13.09791521988788,5,5,1.0,True,300,"[60, 60, 60, 60, 60]","per-frame point median, then median across frames",0.051562171793614206,0.25,4,"{""002"": 0.25, ""003"": 0.25, ""004"": 0.25, ""ground1"": 0.25}",1.0,True
pose,003,28,16.009644602249608,21.833103366973063,18.921373984611336,5,5,1.0,True,264,"[53, 53, 53, 53, 52]","per-frame point median, then median across frames",0.03866619460325316,0.25,4,"{""002"": 0.25, ""003"": 0.25, ""004"": 0.25, ""ground1"": 0.25}",1.0,True
pose,003,29,21.833103366973063,27.656562131696518,24.74483274933479,5,5,1.0,True,300,"[60, 60, 60, 60, 60]","per-frame point median, then median across frames",0.03191663904469152,0.25,4,"{""002"": 0.25, ""003"": 0.25, ""004"": 0.25, ""ground1"": 0.25}",1.0,True
pose,003,30,27.656562131696518,33.480020896419944,30.56829151405823,5,5,1.0,True,300,"[60, 60, 60, 60, 60]","per-frame point median, then median across frames",0.031261095268270894,0.25,4,"{""002"": 0.25, ""003"": 0.25, ""004"": 0.25, ""ground1"": 0.25}",1.0,True
pose,003,31,33.480020896419944,39.3034796611434,36.39175027878167,5,5,1.0,True,300,"[60, 60, 60, 60, 60]","per-frame point median, then median across frames",-0.023422445814995727,0.25,4,"{""002"": 0.25, ""003"": 0.25, ""004"": 0.25, ""ground1"": 0.25}",1.0,True
pose,003,32,39.3034796611434,45.126938425866854,42.215209043505126,5,5,1.0,True,300,"[60, 60, 60, 60, 60]","per-frame point median, then median across frames",-0.029277084756930215,0.25,4,"{""002"": 0.25, ""003"": 0.25, ""004"": 0.25, ""ground1"": 0.25}",1.0,True
pose,003,33,45.126938425866854,50.95039719059028,48.03866780822857,5,5,1.0,True,235,"[47, 47, 47, 47, 47]","per-frame point median, then median across frames",-0.08066304312716702,0.25,4,"{""002"": 0.25, ""003"": 0.25, ""004"": 0.25, ""ground1"": 0.25}",1.0,True
pose,003,34,50.95039719059028,56.773855955313735,53.86212657295201,5,5,1.0,True,300,"[60, 60, 60, 60, 60]","per-frame point median, then median across frames",-0.07974235140635999,0.25,4,"{""002"": 0.25, ""003"": 0.25, ""004"": 0.25, ""ground1"": 0.25}",1.0,True
pose,003,35,56.773855955313735,62.59731472003719,59.68558533767546,5,5,1.0,True,295,"[59, 59, 59, 59, 59]","per-frame point median, then median across frames",-0.11990006681207706,0.25,4,"{""002"": 0.25, ""003"": 0.25, ""004"": 0.25, ""ground1"": 0.25}",1.0,True
pose,003,36,62.59731472003719,68.42077348476064,65.50904410239892,5,5,1.0,True,300,"[60, 60, 60, 60, 60]","per-frame point median, then median across frames",-0.10767064456719941,0.25,4,"{""002"": 0.25, ""003"": 0.25, ""004"": 0.25, ""ground1"": 0.25}",1.0,True
pose,003,37,68.42077348476064,74.24423224948407,71.33250286712236,5,5,1.0,True,300,"[60, 60, 60, 60, 60]","per-frame point median, then median across frames",-0.11666954385965532,0.25,4,"{""002"": 0.25, ""003"": 0.25, ""004"": 0.25, ""ground1"": 0.25}",1.0,True
pose,003,38,74.24423224948407,80.06769101420753,77.1559616318458,5,5,1.0,True,220,"[44, 44, 44, 44, 44]","per-frame point median, then median across frames",-0.09481963623259973,0.25,4,"{""002"": 0.25, ""003"": 0.25, ""004"": 0.25, ""ground1"": 0.25}",1.0,True
pose,003,39,80.06769101420753,85.89114977893098,82.97942039656925,5,5,1.0,True,300,"[60, 60, 60, 60, 60]","per-frame point median, then median across frames",-0.06390438789289844,0.25,4,"{""002"": 0.25, ""003"": 0.25, ""004"": 0.25, ""ground1"": 0.25}",1.0,True
pose,003,40,85.89114977893098,91.7146085436544,88.8028791612927,5,5,1.0,True,300,"[60, 60, 60, 60, 60]","per-frame point median, then median across frames",-0.04172925653924694,0.25,4,"{""002"": 0.25, ""003"": 0.25, ""004"": 0.25, ""ground1"": 0.25}",1.0,True
pose,003,41,91.7146085436544,97.53806730837786,94.62633792601613,5,5,1.0,True,295,"[59, 59, 59, 59, 59]","per-frame point median, then median across frames",-0.039708187172326576,0.25,4,"{""002"": 0.25, ""003"": 0.25, ""004"": 0.25, ""ground1"": 0.25}",1.0,True
pose,003,42,97.53806730837786,103.36152607310132,100.44979669073959,5,5,1.0,True,300,"[60, 60, 60, 60, 60]","per-frame point median, then median across frames",-0.010766033024641394,0.25,4,"{""002"": 0.25, ""003"": 0.25, ""004"": 0.25, ""ground1"": 0.25}",1.0,True
pose,003,43,103.36152607310132,109.18498483782477,106.27325545546304,5,5,1.0,True,204,"[41, 41, 41, 41, 40]","per-frame point median, then median across frames",0.03276562789201423,0.25,4,"{""002"": 0.25, ""003"": 0.25, ""004"": 0.25, ""ground1"": 0.25}",1.0,True
pose,003,44,109.18498483782477,115.00844360254823,112.0967142201865,5,5,1.0,True,300,"[60, 60, 60, 60, 60]","per-frame point median, then median across frames",0.04300394334666881,0.25,4,"{""002"": 0.25, ""003"": 0.25, ""004"": 0.25, ""ground1"": 0.25}",1.0,True
pose,003,45,115.00844360254823,120.83190236727168,117.92017298490995,5,5,1.0,True,295,"[59, 59, 59, 59, 59]","per-frame point median, then median across frames",0.038261664685290075,0.25,4,"{""002"": 0.25, ""003"": 0.25, ""004"": 0.25, ""ground1"": 0.25}",1.0,True
pose,003,46,120.83190236727168,126.65536113199508,123.74363174963338,5,5,1.0,True,300,"[60, 60, 60, 60, 60]","per-frame point median, then median across frames",0.03500270854191614,0.25,4,"{""002"": 0.25, ""003"": 0.25, ""004"": 0.25, ""ground1"": 0.25}",1.0,True
pose,003,47,126.65536113199508,132.47881989671853,129.5670905143568,5,5,1.0,True,55,"[11, 11, 11, 11, 11]","per-frame point median, then median across frames",0.0428570522380252,0.25,4,"{""002"": 0.25, ""003"": 0.25, ""004"": 0.25, ""ground1"": 0.25}",1.0,True
pose,003,48,132.47881989671853,138.302278661442,135.39054927908026,5,0,0.0,False,0,"[0, 0, 0, 0, 0]","per-frame point median, then median across frames",,0.25,3,"{""002"": 0.25, ""003"": 0.25, ""004"": 0.25, ""ground1"": 0.25}",1.0,False
pose,003,49,138.302278661442,144.12573742616544,141.21400804380372,5,0,0.0,False,0,"[0, 0, 0, 0, 0]","per-frame point median, then median across frames",,0.25,1,"{""002"": 0.25, ""003"": 0.25, ""004"": 0.25, ""ground1"": 0.25}",1.0,False
pose,004,0,-147.0472008100069,-141.22374204528344,-144.13547142764517,5,5,1.0,True,300,"[60, 60, 60, 60, 60]","per-frame point median, then median across frames",0.020806091686280434,0.25,4,"{""002"": 0.25, ""003"": 0.25, ""004"": 0.25, ""ground1"": 0.25}",1.0,True
pose,004,1,-141.22374204528344,-135.40028328056002,-138.31201266292175,5,5,1.0,True,115,"[23, 23, 23, 23, 23]","per-frame point median, then median across frames",-0.01271547303333194,0.25,4,"{""002"": 0.25, ""003"": 0.25, ""004"": 0.25, ""ground1"": 0.25}",1.0,True
pose,004,2,-135.40028328056002,-129.57682451583656,-132.4885538981983,5,5,1.0,True,300,"[60, 60, 60, 60, 60]","per-frame point median, then median across frames",-0.019638036170673084,0.25,4,"{""002"": 0.25, ""003"": 0.25, ""004"": 0.25, ""ground1"": 0.25}",1.0,True
pose,004,3,-129.57682451583656,-123.75336575111311,-126.66509513347484,5,5,1.0,True,300,"[60, 60, 60, 60, 60]","per-frame point median, then median across frames",-0.008923869737316029,0.25,4,"{""002"": 0.25, ""003"": 0.25, ""004"": 0.25, ""ground1"": 0.25}",1.0,True
pose,004,4,-123.75336575111311,-117.92990698638967,-120.84163636875138,5,5,1.0,True,300,"[60, 60, 60, 60, 60]","per-frame point median, then median across frames",0.009132996630051668,0.25,4,"{""002"": 0.25, ""003"": 0.25, ""004"": 0.25, ""ground1"": 0.25}",1.0,True
pose,004,5,-117.92990698638967,-112.10644822166623,-115.01817760402795,5,5,1.0,True,300,"[60, 60, 60, 60, 60]","per-frame point median, then median across frames",0.021390606996470773,0.25,4,"{""002"": 0.25, ""003"": 0.25, ""004"": 0.25, ""ground1"": 0.25}",1.0,True
pose,004,6,-112.10644822166623,-106.28298945694277,-109.1947188393045,5,5,1.0,True,120,"[24, 24, 24, 24, 24]","per-frame point median, then median across frames",0.040751870151438295,0.25,4,"{""002"": 0.25, ""003"": 0.25, ""004"": 0.25, ""ground1"": 0.25}",1.0,True
pose,004,7,-106.28298945694277,-100.45953069221932,-103.37126007458104,5,5,1.0,True,300,"[60, 60, 60, 60, 60]","per-frame point median, then median across frames",0.046675855389160234,0.25,4,"{""002"": 0.25, ""003"": 0.25, ""004"": 0.25, ""ground1"": 0.25}",1.0,True
pose,004,8,-100.45953069221932,-94.63607192749588,-97.54780130985759,5,5,1.0,True,305,"[61, 61, 61, 61, 61]","per-frame point median, then median across frames",0.0365772082513416,0.25,4,"{""002"": 0.25, ""003"": 0.25, ""004"": 0.25, ""ground1"": 0.25}",1.0,True
pose,004,9,-94.63607192749588,-88.81261316277244,-91.72434254513416,5,5,1.0,True,300,"[60, 60, 60, 60, 60]","per-frame point median, then median across frames",0.047129981950971976,0.25,4,"{""002"": 0.25, ""003"": 0.25, ""004"": 0.25, ""ground1"": 0.25}",1.0,True
pose,004,10,-88.81261316277244,-82.98915439804898,-85.90088378041071,5,5,1.0,True,300,"[60, 60, 60, 60, 60]","per-frame point median, then median across frames",0.01576425993608485,0.25,4,"{""002"": 0.25, ""003"": 0.25, ""004"": 0.25, ""ground1"": 0.25}",1.0,True
pose,004,11,-82.98915439804898,-77.16569563332554,-80.07742501568725,5,5,1.0,True,140,"[28, 28, 28, 28, 28]","per-frame point median, then median across frames",-0.015991642106034237,0.25,4,"{""002"": 0.25, ""003"": 0.25, ""004"": 0.25, ""ground1"": 0.25}",1.0,True
pose,004,12,-77.16569563332554,-71.34223686860209,-74.25396625096381,5,5,1.0,True,300,"[60, 60, 60, 60, 60]","per-frame point median, then median across frames",-0.004958553552642388,0.25,4,"{""002"": 0.25, ""003"": 0.25, ""004"": 0.25, ""ground1"": 0.25}",1.0,True
pose,004,13,-71.34223686860209,-65.51877810387865,-68.43050748624037,5,5,1.0,True,300,"[60, 60, 60, 60, 60]","per-frame point median, then median across frames",-0.026130325847761583,0.25,4,"{""002"": 0.25, ""003"": 0.25, ""004"": 0.25, ""ground1"": 0.25}",1.0,True
pose,004,14,-65.51877810387865,-59.69531933915519,-62.60704872151692,5,5,1.0,True,300,"[60, 60, 60, 60, 60]","per-frame point median, then median across frames",-0.02859283741632457,0.25,4,"{""002"": 0.25, ""003"": 0.25, ""004"": 0.25, ""ground1"": 0.25}",1.0,True
pose,004,15,-59.69531933915519,-53.87186057443175,-56.78358995679347,5,5,1.0,True,269,"[54, 53, 54, 54, 54]","per-frame point median, then median across frames",-0.026161986419912246,0.25,4,"{""002"": 0.25, ""003"": 0.25, ""004"": 0.25, ""ground1"": 0.25}",1.0,True
pose,004,16,-53.87186057443175,-48.04840180970831,-50.96013119207003,5,5,1.0,True,188,"[38, 37, 38, 38, 37]","per-frame point median, then median across frames",-0.029423906871191265,0.25,4,"{""002"": 0.25, ""003"": 0.25, ""004"": 0.25, ""ground1"": 0.25}",1.0,True
pose,004,17,-48.04840180970831,-42.224943044984855,-45.13667242734658,5,5,1.0,True,300,"[60, 60, 60, 60, 60]","per-frame point median, then median across frames",-0.01812769863558783,0.25,4,"{""002"": 0.25, ""003"": 0.25, ""004"": 0.25, ""ground1"": 0.25}",1.0,True
pose,004,18,-42.224943044984855,-36.401484280261414,-39.313213662623134,5,5,1.0,True,300,"[60, 60, 60, 60, 60]","per-frame point median, then median across frames",-0.011816319770680206,0.25,4,"{""002"": 0.25, ""003"": 0.25, ""004"": 0.25, ""ground1"": 0.25}",1.0,True
pose,004,19,-36.401484280261414,-30.57802551553796,-33.48975489789969,5,5,1.0,True,300,"[60, 60, 60, 60, 60]","per-frame point median, then median across frames",-0.021606135625724172,0.25,4,"{""002"": 0.25, ""003"": 0.25, ""004"": 0.25, ""ground1"": 0.25}",1.0,True
pose,004,20,-30.57802551553796,-24.75456675081452,-27.66629613317624,5,5,1.0,True,235,"[47, 47, 47, 47, 47]","per-frame point median, then median across frames",-0.037475113969912155,0.25,4,"{""002"": 0.25, ""003"": 0.25, ""004"": 0.25, ""ground1"": 0.25}",1.0,True
pose,004,21,-24.75456675081452,-18.931107986091064,-21.84283736845279,5,5,1.0,True,247,"[50, 49, 49, 49, 50]","per-frame point median, then median across frames",-0.0687821611959224,0.25,4,"{""002"": 0.25, ""003"": 0.25, ""004"": 0.25, ""ground1"": 0.25}",1.0,True
pose,004,22,-18.931107986091064,-13.107649221367609,-16.019378603729336,5,5,1.0,True,300,"[60, 60, 60, 60, 60]","per-frame point median, then median across frames",-0.052556335858041536,0.25,4,"{""002"": 0.25, ""003"": 0.25, ""004"": 0.25, ""ground1"": 0.25}",1.0,True
pose,004,23,-13.107649221367609,-7.284190456644183,-10.195919839005896,5,5,1.0,True,300,"[60, 60, 60, 60, 60]","per-frame point median, then median across frames",-0.030103844037936082,0.25,4,"{""002"": 0.25, ""003"": 0.25, ""004"": 0.25, ""ground1"": 0.25}",1.0,True
pose,004,24,-7.284190456644183,-1.4607316919207278,-4.372461074282455,5,5,1.0,True,300,"[60, 60, 60, 60, 60]","per-frame point median, then median across frames",0.004732802050147083,0.25,4,"{""002"": 0.25, ""003"": 0.25, ""004"": 0.25, ""ground1"": 0.25}",1.0,True
pose,004,25,-1.4607316919207278,4.362727072802727,1.4509976904409996,5,5,1.0,True,210,"[41, 43, 42, 42, 42]","per-frame point median, then median across frames",0.025301134827744532,0.25,4,"{""002"": 0.25, ""003"": 0.25, ""004"": 0.25, ""ground1"": 0.25}",1.0,True
pose,004,26,4.362727072802727,10.186185837526153,7.27445645516444,5,5,1.0,True,300,"[60, 60, 60, 60, 60]","per-frame point median, then median across frames",0.026512660998243367,0.25,4,"{""002"": 0.25, ""003"": 0.25, ""004"": 0.25, ""ground1"": 0.25}",1.0,True
pose,004,27,10.186185837526153,16.009644602249608,13.09791521988788,5,5,1.0,True,300,"[60, 60, 60, 60, 60]","per-frame point median, then median across frames",0.05043180770281386,0.25,4,"{""002"": 0.25, ""003"": 0.25, ""004"": 0.25, ""ground1"": 0.25}",1.0,True
pose,004,28,16.009644602249608,21.833103366973063,18.921373984611336,5,5,1.0,True,300,"[60, 60, 60, 60, 60]","per-frame point median, then median across frames",0.06199925521300898,0.25,4,"{""002"": 0.25, ""003"": 0.25, ""004"": 0.25, ""ground1"": 0.25}",1.0,True
pose,004,29,21.833103366973063,27.656562131696518,24.74483274933479,5,5,1.0,True,300,"[60, 60, 60, 60, 60]","per-frame point median, then median across frames",0.06350024233289309,0.25,4,"{""002"": 0.25, ""003"": 0.25, ""004"": 0.25, ""ground1"": 0.25}",1.0,True
pose,004,30,27.656562131696518,33.480020896419944,30.56829151405823,5,5,1.0,True,230,"[46, 46, 46, 46, 46]","per-frame point median, then median across frames",0.030304604539177108,0.25,4,"{""002"": 0.25, ""003"": 0.25, ""004"": 0.25, ""ground1"": 0.25}",1.0,True
pose,004,31,33.480020896419944,39.3034796611434,36.39175027878167,5,5,1.0,True,300,"[60, 60, 60, 60, 60]","per-frame point median, then median across frames",-0.009453938705975544,0.25,4,"{""002"": 0.25, ""003"": 0.25, ""004"": 0.25, ""ground1"": 0.25}",1.0,True
pose,004,32,39.3034796611434,45.126938425866854,42.215209043505126,5,5,1.0,True,300,"[60, 60, 60, 60, 60]","per-frame point median, then median across frames",-0.015391107493220098,0.25,4,"{""002"": 0.25, ""003"": 0.25, ""004"": 0.25, ""ground1"": 0.25}",1.0,True
pose,004,33,45.126938425866854,50.95039719059028,48.03866780822857,5,5,1.0,True,300,"[60, 60, 60, 60, 60]","per-frame point median, then median across frames",-0.04341463997802314,0.25,4,"{""002"": 0.25, ""003"": 0.25, ""004"": 0.25, ""ground1"": 0.25}",1.0,True
pose,004,34,50.95039719059028,56.773855955313735,53.86212657295201,5,5,1.0,True,295,"[59, 59, 59, 59, 59]","per-frame point median, then median across frames",-0.0671286857849509,0.25,4,"{""002"": 0.25, ""003"": 0.25, ""004"": 0.25, ""ground1"": 0.25}",1.0,True
pose,004,35,56.773855955313735,62.59731472003719,59.68558533767546,5,5,1.0,True,267,"[53, 53, 54, 54, 53]","per-frame point median, then median across frames",-0.10165788091859794,0.25,4,"{""002"": 0.25, ""003"": 0.25, ""004"": 0.25, ""ground1"": 0.25}",1.0,True
pose,004,36,62.59731472003719,68.42077348476064,65.50904410239892,5,5,1.0,True,300,"[60, 60, 60, 60, 60]","per-frame point median, then median across frames",-0.10553000059044917,0.25,4,"{""002"": 0.25, ""003"": 0.25, ""004"": 0.25, ""ground1"": 0.25}",1.0,True
pose,004,37,68.42077348476064,74.24423224948407,71.33250286712236,5,5,1.0,True,300,"[60, 60, 60, 60, 60]","per-frame point median, then median across frames",-0.11241188864159513,0.25,4,"{""002"": 0.25, ""003"": 0.25, ""004"": 0.25, ""ground1"": 0.25}",1.0,True
pose,004,38,74.24423224948407,80.06769101420753,77.1559616318458,5,5,1.0,True,300,"[60, 60, 60, 60, 60]","per-frame point median, then median across frames",-0.077927598735707,0.25,4,"{""002"": 0.25, ""003"": 0.25, ""004"": 0.25, ""ground1"": 0.25}",1.0,True
pose,004,39,80.06769101420753,85.89114977893098,82.97942039656925,5,5,1.0,True,300,"[60, 60, 60, 60, 60]","per-frame point median, then median across frames",-0.04210275563999291,0.25,4,"{""002"": 0.25, ""003"": 0.25, ""004"": 0.25, ""ground1"": 0.25}",1.0,True
pose,004,40,85.89114977893098,91.7146085436544,88.8028791612927,5,5,1.0,True,300,"[60, 60, 60, 60, 60]","per-frame point median, then median across frames",-0.029166215747741184,0.25,4,"{""002"": 0.25, ""003"": 0.25, ""004"": 0.25, ""ground1"": 0.25}",1.0,True
pose,004,41,91.7146085436544,97.53806730837786,94.62633792601613,5,5,1.0,True,295,"[59, 59, 59, 59, 59]","per-frame point median, then median across frames",-0.017293223759870885,0.25,4,"{""002"": 0.25, ""003"": 0.25, ""004"": 0.25, ""ground1"": 0.25}",1.0,True
pose,004,42,97.53806730837786,103.36152607310132,100.44979669073959,5,5,1.0,True,300,"[60, 60, 60, 60, 60]","per-frame point median, then median across frames",0.006548586662877338,0.25,4,"{""002"": 0.25, ""003"": 0.25, ""004"": 0.25, ""ground1"": 0.25}",1.0,True
pose,004,43,103.36152607310132,109.18498483782477,106.27325545546304,5,5,1.0,True,300,"[60, 60, 60, 60, 60]","per-frame point median, then median across frames",0.04410291281204479,0.25,4,"{""002"": 0.25, ""003"": 0.25, ""004"": 0.25, ""ground1"": 0.25}",1.0,True
pose,004,44,109.18498483782477,115.00844360254823,112.0967142201865,5,5,1.0,True,300,"[60, 60, 60, 60, 60]","per-frame point median, then median across frames",0.05275904554469239,0.25,4,"{""002"": 0.25, ""003"": 0.25, ""004"": 0.25, ""ground1"": 0.25}",1.0,True
pose,004,45,115.00844360254823,120.83190236727168,117.92017298490995,5,5,1.0,True,275,"[55, 55, 55, 55, 55]","per-frame point median, then median across frames",0.0429643435692932,0.25,4,"{""002"": 0.25, ""003"": 0.25, ""004"": 0.25, ""ground1"": 0.25}",1.0,True
pose,004,46,120.83190236727168,126.65536113199508,123.74363174963338,5,5,1.0,True,300,"[60, 60, 60, 60, 60]","per-frame point median, then median across frames",0.05330888495545211,0.25,4,"{""002"": 0.25, ""003"": 0.25, ""004"": 0.25, ""ground1"": 0.25}",1.0,True
pose,004,47,126.65536113199508,132.47881989671853,129.5670905143568,5,5,1.0,True,300,"[60, 60, 60, 60, 60]","per-frame point median, then median across frames",0.03251533562815381,0.25,4,"{""002"": 0.25, ""003"": 0.25, ""004"": 0.25, ""ground1"": 0.25}",1.0,True
pose,004,48,132.47881989671853,138.302278661442,135.39054927908026,5,5,1.0,True,250,"[50, 50, 50, 50, 50]","per-frame point median, then median across frames",0.016494379991475808,0.25,3,"{""002"": 0.25, ""003"": 0.25, ""004"": 0.25, ""ground1"": 0.25}",1.0,False
pose,004,49,138.302278661442,144.12573742616544,141.21400804380372,5,0,0.0,False,0,"[0, 0, 0, 0, 0]","per-frame point median, then median across frames",,0.25,1,"{""002"": 0.25, ""003"": 0.25, ""004"": 0.25, ""ground1"": 0.25}",1.0,False
four_pose_consensus,ground1|002|003|004,0,-147.0472008100069,-141.22374204528344,-144.13547142764517,,,1.0,True,,,pose profile first; four pose weights 1/4,0.01382108473930701,,4,"{""002"": 0.25, ""003"": 0.25, ""004"": 0.25, ""ground1"": 0.25}",1.0,True
four_pose_consensus,ground1|002|003|004,1,-141.22374204528344,-135.40028328056002,-138.31201266292175,,,1.0,True,,,pose profile first; four pose weights 1/4,-0.017119382131507564,,4,"{""002"": 0.25, ""003"": 0.25, ""004"": 0.25, ""ground1"": 0.25}",1.0,True
four_pose_consensus,ground1|002|003|004,2,-135.40028328056002,-129.57682451583656,-132.4885538981983,,,1.0,True,,,pose profile first; four pose weights 1/4,-0.02019677083476038,,4,"{""002"": 0.25, ""003"": 0.25, ""004"": 0.25, ""ground1"": 0.25}",1.0,True
four_pose_consensus,ground1|002|003|004,3,-129.57682451583656,-123.75336575111311,-126.66509513347484,,,1.0,True,,,pose profile first; four pose weights 1/4,-0.020759072494766374,,4,"{""002"": 0.25, ""003"": 0.25, ""004"": 0.25, ""ground1"": 0.25}",1.0,True
four_pose_consensus,ground1|002|003|004,4,-123.75336575111311,-117.92990698638967,-120.84163636875138,,,1.0,True,,,pose profile first; four pose weights 1/4,-0.00634961518941039,,4,"{""002"": 0.25, ""003"": 0.25, ""004"": 0.25, ""ground1"": 0.25}",1.0,True
four_pose_consensus,ground1|002|003|004,5,-117.92990698638967,-112.10644822166623,-115.01817760402795,,,1.0,True,,,pose profile first; four pose weights 1/4,0.014186824432196451,,4,"{""002"": 0.25, ""003"": 0.25, ""004"": 0.25, ""ground1"": 0.25}",1.0,True
four_pose_consensus,ground1|002|003|004,6,-112.10644822166623,-106.28298945694277,-109.1947188393045,,,1.0,True,,,pose profile first; four pose weights 1/4,0.024467585042779634,,4,"{""002"": 0.25, ""003"": 0.25, ""004"": 0.25, ""ground1"": 0.25}",1.0,True
four_pose_consensus,ground1|002|003|004,7,-106.28298945694277,-100.45953069221932,-103.37126007458104,,,1.0,True,,,pose profile first; four pose weights 1/4,0.03628946681476093,,4,"{""002"": 0.25, ""003"": 0.25, ""004"": 0.25, ""ground1"": 0.25}",1.0,True
four_pose_consensus,ground1|002|003|004,8,-100.45953069221932,-94.63607192749588,-97.54780130985759,,,1.0,True,,,pose profile first; four pose weights 1/4,0.03475886434599963,,4,"{""002"": 0.25, ""003"": 0.25, ""004"": 0.25, ""ground1"": 0.25}",1.0,True
four_pose_consensus,ground1|002|003|004,9,-94.63607192749588,-88.81261316277244,-91.72434254513416,,,1.0,True,,,pose profile first; four pose weights 1/4,0.03869686737642245,,4,"{""002"": 0.25, ""003"": 0.25, ""004"": 0.25, ""ground1"": 0.25}",1.0,True
four_pose_consensus,ground1|002|003|004,10,-88.81261316277244,-82.98915439804898,-85.90088378041071,,,1.0,True,,,pose profile first; four pose weights 1/4,0.014032066859970235,,4,"{""002"": 0.25, ""003"": 0.25, ""004"": 0.25, ""ground1"": 0.25}",1.0,True
four_pose_consensus,ground1|002|003|004,11,-82.98915439804898,-77.16569563332554,-80.07742501568725,,,1.0,True,,,pose profile first; four pose weights 1/4,-0.00012169063648177682,,4,"{""002"": 0.25, ""003"": 0.25, ""004"": 0.25, ""ground1"": 0.25}",1.0,True
four_pose_consensus,ground1|002|003|004,12,-77.16569563332554,-71.34223686860209,-74.25396625096381,,,1.0,True,,,pose profile first; four pose weights 1/4,-0.0030173523287279373,,4,"{""002"": 0.25, ""003"": 0.25, ""004"": 0.25, ""ground1"": 0.25}",1.0,True
four_pose_consensus,ground1|002|003|004,13,-71.34223686860209,-65.51877810387865,-68.43050748624037,,,1.0,True,,,pose profile first; four pose weights 1/4,-0.01610394699558792,,4,"{""002"": 0.25, ""003"": 0.25, ""004"": 0.25, ""ground1"": 0.25}",1.0,True
four_pose_consensus,ground1|002|003|004,14,-65.51877810387865,-59.69531933915519,-62.60704872151692,,,1.0,True,,,pose profile first; four pose weights 1/4,-0.016849425375407942,,4,"{""002"": 0.25, ""003"": 0.25, ""004"": 0.25, ""ground1"": 0.25}",1.0,True
four_pose_consensus,ground1|002|003|004,15,-59.69531933915519,-53.87186057443175,-56.78358995679347,,,1.0,True,,,pose profile first; four pose weights 1/4,-0.008600534143622926,,4,"{""002"": 0.25, ""003"": 0.25, ""004"": 0.25, ""ground1"": 0.25}",1.0,True
four_pose_consensus,ground1|002|003|004,16,-53.87186057443175,-48.04840180970831,-50.96013119207003,,,1.0,True,,,pose profile first; four pose weights 1/4,-0.011695917690975183,,4,"{""002"": 0.25, ""003"": 0.25, ""004"": 0.25, ""ground1"": 0.25}",1.0,True
four_pose_consensus,ground1|002|003|004,17,-48.04840180970831,-42.224943044984855,-45.13667242734658,,,1.0,True,,,pose profile first; four pose weights 1/4,-0.015643256374598572,,4,"{""002"": 0.25, ""003"": 0.25, ""004"": 0.25, ""ground1"": 0.25}",1.0,True
four_pose_consensus,ground1|002|003|004,18,-42.224943044984855,-36.401484280261414,-39.313213662623134,,,1.0,True,,,pose profile first; four pose weights 1/4,-0.0008858915138089812,,4,"{""002"": 0.25, ""003"": 0.25, ""004"": 0.25, ""ground1"": 0.25}",1.0,True
four_pose_consensus,ground1|002|003|004,19,-36.401484280261414,-30.57802551553796,-33.48975489789969,,,1.0,True,,,pose profile first; four pose weights 1/4,-0.007080251714831971,,4,"{""002"": 0.25, ""003"": 0.25, ""004"": 0.25, ""ground1"": 0.25}",1.0,True
four_pose_consensus,ground1|002|003|004,20,-30.57802551553796,-24.75456675081452,-27.66629613317624,,,1.0,True,,,pose profile first; four pose weights 1/4,-0.022271779444162875,,4,"{""002"": 0.25, ""003"": 0.25, ""004"": 0.25, ""ground1"": 0.25}",1.0,True
four_pose_consensus,ground1|002|003|004,21,-24.75456675081452,-18.931107986091064,-21.84283736845279,,,1.0,True,,,pose profile first; four pose weights 1/4,-0.055796448517154255,,4,"{""002"": 0.25, ""003"": 0.25, ""004"": 0.25, ""ground1"": 0.25}",1.0,True
four_pose_consensus,ground1|002|003|004,22,-18.931107986091064,-13.107649221367609,-16.019378603729336,,,1.0,True,,,pose profile first; four pose weights 1/4,-0.04601178211495467,,4,"{""002"": 0.25, ""003"": 0.25, ""004"": 0.25, ""ground1"": 0.25}",1.0,True
four_pose_consensus,ground1|002|003|004,23,-13.107649221367609,-7.284190456644183,-10.195919839005896,,,1.0,True,,,pose profile first; four pose weights 1/4,-0.018242323410412438,,4,"{""002"": 0.25, ""003"": 0.25, ""004"": 0.25, ""ground1"": 0.25}",1.0,True
four_pose_consensus,ground1|002|003|004,24,-7.284190456644183,-1.4607316919207278,-4.372461074282455,,,1.0,True,,,pose profile first; four pose weights 1/4,0.013632105378202697,,4,"{""002"": 0.25, ""003"": 0.25, ""004"": 0.25, ""ground1"": 0.25}",1.0,True
four_pose_consensus,ground1|002|003|004,25,-1.4607316919207278,4.362727072802727,1.4509976904409996,,,1.0,True,,,pose profile first; four pose weights 1/4,0.03561058104770217,,4,"{""002"": 0.25, ""003"": 0.25, ""004"": 0.25, ""ground1"": 0.25}",1.0,True
four_pose_consensus,ground1|002|003|004,26,4.362727072802727,10.186185837526153,7.27445645516444,,,1.0,True,,,pose profile first; four pose weights 1/4,0.02906432285948799,,4,"{""002"": 0.25, ""003"": 0.25, ""004"": 0.25, ""ground1"": 0.25}",1.0,True
four_pose_consensus,ground1|002|003|004,27,10.186185837526153,16.009644602249608,13.09791521988788,,,1.0,True,,,pose profile first; four pose weights 1/4,0.05142466705006826,,4,"{""002"": 0.25, ""003"": 0.25, ""004"": 0.25, ""ground1"": 0.25}",1.0,True
four_pose_consensus,ground1|002|003|004,28,16.009644602249608,21.833103366973063,18.921373984611336,,,1.0,True,,,pose profile first; four pose weights 1/4,0.051000072046123175,,4,"{""002"": 0.25, ""003"": 0.25, ""004"": 0.25, ""ground1"": 0.25}",1.0,True
four_pose_consensus,ground1|002|003|004,29,21.833103366973063,27.656562131696518,24.74483274933479,,,1.0,True,,,pose profile first; four pose weights 1/4,0.048844091669575956,,4,"{""002"": 0.25, ""003"": 0.25, ""004"": 0.25, ""ground1"": 0.25}",1.0,True
four_pose_consensus,ground1|002|003|004,30,27.656562131696518,33.480020896419944,30.56829151405823,,,1.0,True,,,pose profile first; four pose weights 1/4,0.02426624214486335,,4,"{""002"": 0.25, ""003"": 0.25, ""004"": 0.25, ""ground1"": 0.25}",1.0,True
four_pose_consensus,ground1|002|003|004,31,33.480020896419944,39.3034796611434,36.39175027878167,,,1.0,True,,,pose profile first; four pose weights 1/4,-0.01407851284426404,,4,"{""002"": 0.25, ""003"": 0.25, ""004"": 0.25, ""ground1"": 0.25}",1.0,True
four_pose_consensus,ground1|002|003|004,32,39.3034796611434,45.126938425866854,42.215209043505126,,,1.0,True,,,pose profile first; four pose weights 1/4,-0.02757014754985948,,4,"{""002"": 0.25, ""003"": 0.25, ""004"": 0.25, ""ground1"": 0.25}",1.0,True
four_pose_consensus,ground1|002|003|004,33,45.126938425866854,50.95039719059028,48.03866780822857,,,1.0,True,,,pose profile first; four pose weights 1/4,-0.06517392224698951,,4,"{""002"": 0.25, ""003"": 0.25, ""004"": 0.25, ""ground1"": 0.25}",1.0,True
four_pose_consensus,ground1|002|003|004,34,50.95039719059028,56.773855955313735,53.86212657295201,,,1.0,True,,,pose profile first; four pose weights 1/4,-0.07792821167856029,,4,"{""002"": 0.25, ""003"": 0.25, ""004"": 0.25, ""ground1"": 0.25}",1.0,True
four_pose_consensus,ground1|002|003|004,35,56.773855955313735,62.59731472003719,59.68558533767546,,,1.0,True,,,pose profile first; four pose weights 1/4,-0.11640868364294345,,4,"{""002"": 0.25, ""003"": 0.25, ""004"": 0.25, ""ground1"": 0.25}",1.0,True
four_pose_consensus,ground1|002|003|004,36,62.59731472003719,68.42077348476064,65.50904410239892,,,1.0,True,,,pose profile first; four pose weights 1/4,-0.11732021424034514,,4,"{""002"": 0.25, ""003"": 0.25, ""004"": 0.25, ""ground1"": 0.25}",1.0,True
four_pose_consensus,ground1|002|003|004,37,68.42077348476064,74.24423224948407,71.33250286712236,,,1.0,True,,,pose profile first; four pose weights 1/4,-0.128165943174828,,4,"{""002"": 0.25, ""003"": 0.25, ""004"": 0.25, ""ground1"": 0.25}",1.0,True
four_pose_consensus,ground1|002|003|004,38,74.24423224948407,80.06769101420753,77.1559616318458,,,1.0,True,,,pose profile first; four pose weights 1/4,-0.09507445298556527,,4,"{""002"": 0.25, ""003"": 0.25, ""004"": 0.25, ""ground1"": 0.25}",1.0,True
four_pose_consensus,ground1|002|003|004,39,80.06769101420753,85.89114977893098,82.97942039656925,,,1.0,True,,,pose profile first; four pose weights 1/4,-0.06268925808796985,,4,"{""002"": 0.25, ""003"": 0.25, ""004"": 0.25, ""ground1"": 0.25}",1.0,True
four_pose_consensus,ground1|002|003|004,40,85.89114977893098,91.7146085436544,88.8028791612927,,,1.0,True,,,pose profile first; four pose weights 1/4,-0.037471543599945825,,4,"{""002"": 0.25, ""003"": 0.25, ""004"": 0.25, ""ground1"": 0.25}",1.0,True
four_pose_consensus,ground1|002|003|004,41,91.7146085436544,97.53806730837786,94.62633792601613,,,1.0,True,,,pose profile first; four pose weights 1/4,-0.035314256710567635,,4,"{""002"": 0.25, ""003"": 0.25, ""004"": 0.25, ""ground1"": 0.25}",1.0,True
four_pose_consensus,ground1|002|003|004,42,97.53806730837786,103.36152607310132,100.44979669073959,,,1.0,True,,,pose profile first; four pose weights 1/4,-0.003470657384435691,,4,"{""002"": 0.25, ""003"": 0.25, ""004"": 0.25, ""ground1"": 0.25}",1.0,True
four_pose_consensus,ground1|002|003|004,43,103.36152607310132,109.18498483782477,106.27325545546304,,,1.0,True,,,pose profile first; four pose weights 1/4,0.03207863828292064,,4,"{""002"": 0.25, ""003"": 0.25, ""004"": 0.25, ""ground1"": 0.25}",1.0,True
four_pose_consensus,ground1|002|003|004,44,109.18498483782477,115.00844360254823,112.0967142201865,,,1.0,True,,,pose profile first; four pose weights 1/4,0.03865654248416393,,4,"{""002"": 0.25, ""003"": 0.25, ""004"": 0.25, ""ground1"": 0.25}",1.0,True
four_pose_consensus,ground1|002|003|004,45,115.00844360254823,120.83190236727168,117.92017298490995,,,1.0,True,,,pose profile first; four pose weights 1/4,0.037946332987908296,,4,"{""002"": 0.25, ""003"": 0.25, ""004"": 0.25, ""ground1"": 0.25}",1.0,True
four_pose_consensus,ground1|002|003|004,46,120.83190236727168,126.65536113199508,123.74363174963338,,,1.0,True,,,pose profile first; four pose weights 1/4,0.03699614589397956,,4,"{""002"": 0.25, ""003"": 0.25, ""004"": 0.25, ""ground1"": 0.25}",1.0,True
four_pose_consensus,ground1|002|003|004,47,126.65536113199508,132.47881989671853,129.5670905143568,,,1.0,True,,,pose profile first; four pose weights 1/4,0.031021671964812706,,4,"{""002"": 0.25, ""003"": 0.25, ""004"": 0.25, ""ground1"": 0.25}",1.0,True
four_pose_consensus,ground1|002|003|004,48,132.47881989671853,138.302278661442,135.39054927908026,,,0.75,False,,,pose profile first; four pose weights 1/4,0.011661119299567034,,3,"{""002"": 0.25, ""004"": 0.25, ""ground1"": 0.25}",0.75,False
four_pose_consensus,ground1|002|003|004,49,138.302278661442,144.12573742616544,141.21400804380372,,,0.25,False,,,pose profile first; four pose weights 1/4,0.0186606644958983,,1,"{""ground1"": 0.25}",0.25,False
