pose_id,frame_id,source_file,source_sha256,camera_frame_number,quality_passed,quality_warnings,raw_point_count,supported_point_count,unsupported_point_count,raw_rmse_mm,raw_p95_abs_mm,raw_peak_to_peak_mm,corrected_rmse_mm,corrected_p95_abs_mm,corrected_peak_to_peak_mm,rmse_improvement_mm,p95_improvement_mm,peak_to_peak_improvement_mm,support_s_min_mm,support_s_max_mm,s_domain_min_mm,s_domain_max_mm
ground1,ground1_frame_01,laser 001.tif,6a9e4b86bbf5c9656566a6f2dd79fbddba2e496c7f9ed53b111fca26ec007084,40,False,dynamic_range_low,2941,2941,0,0.06557619639953098,0.13861106108701005,0.8529834209751751,0.06238801867201527,0.125999557919169,0.8369685865550945,0.0031881777275157078,0.012611503167841043,0.01601483442008056,-147.04667580910348,144.12331826886742,-147.0472008100069,144.12573742616544
ground1,ground1_frame_02,laser 001_02.tif,23491096d77f50e08e57b0fed6a67b4c594432cd225582724b65860461214487,41,False,dynamic_range_low,2941,2941,0,0.06568489390165336,0.1421195648864867,0.8403919395260403,0.062433159521971385,0.12835848746212125,0.8243764888224699,0.0032517343796819725,0.013761077424365442,0.016015450703570355,-147.04568335488955,144.12573742616544,-147.0472008100069,144.12573742616544
ground1,ground1_frame_03,laser 001_03.tif,7f16b3111bbbcfae07690ed339c5ed3de0cfdf0133635eb4e769133804e249fe,42,False,dynamic_range_low,2941,2941,0,0.06620465877367783,0.14166192980736067,0.8489430969636789,0.06289478351077982,0.12825783508724398,0.8333814136651454,0.0033098752628980127,0.013404094720116694,0.015561683298533469,-147.04616840848786,144.1217759871636,-147.0472008100069,144.12573742616544
ground1,ground1_frame_04,laser 001_04.tif,c17cd61b1890cfe58d6c2067694b4a17a3757bd04360842f1615a44143fd3331,43,False,dynamic_range_low,2941,2941,0,0.06597186835684501,0.13942019150320317,0.8566217893807929,0.06266982444507053,0.1277496193162966,0.8406070168505891,0.00330204391177448,0.011670572186906564,0.01601477253020378,-147.04719356258133,144.12315736505482,-147.0472008100069,144.12573742616544
ground1,ground1_frame_05,laser 001_05.tif,1273830916993719fbc570dffcb4817ab55c9751a84d90b1f673abbbf37eea95,44,False,dynamic_range_low,2941,2941,0,0.06609243267052242,0.14197399301515523,0.8554149009977139,0.06268981347444742,0.12821339494955922,0.8394001837197984,0.003402619196074999,0.013760598065596014,0.01601471727791548,-147.0460810805005,144.12290376161886,-147.0472008100069,144.12573742616544
ground1,ground1_frame_06,laser 001_06.tif,2124674e9c283fbc358112d9a90b162f21d281c14d436ad559bac2c0c5fe8077,45,False,dynamic_range_low,2941,2941,0,0.06620668903162086,0.14249432769508444,0.8395626962268524,0.06280245350413234,0.1292299867259361,0.8235473322533282,0.0034042355274885167,0.01326434096914833,0.01601536397352421,-147.04671273474105,144.1253782582447,-147.0472008100069,144.12573742616544
ground1,ground1_frame_07,laser 001_07.tif,7ba2b702da92039a829c2885fd3a7b1349b29d8741373f95303dd5da583160d5,46,False,dynamic_range_low,2941,2941,0,0.06652098692596088,0.1430660044417374,0.846298893681885,0.06315922262619394,0.1296945858622703,0.8302839950447044,0.0033617642997669367,0.013371418579467081,0.01601489863718064,-147.04719140168575,144.1235008909948,-147.0472008100069,144.12573742616544
ground1,ground1_frame_08,laser 001_08.tif,53c233cd58479ec3d8cb1070610d50b19cfe69ecca91083d6309d3f91d66c8f8,47,False,dynamic_range_low,2941,2941,0,0.06654373890949186,0.14324603027516877,0.8590957920134498,0.06319246943139882,0.12947107283247916,0.8430816755210424,0.0033512694780930413,0.013774957442689612,0.01601411649240736,-147.0463074702931,144.12036808841424,-147.0472008100069,144.12573742616544
ground1,ground1_frame_09,laser 001_09.tif,fde130894e7c39a262c01f656525026909f8ead6a8015fff241537b2aa5b696d,48,False,dynamic_range_low,2941,2941,0,0.06698751102460249,0.14447080738224063,0.8490638035807558,0.06361408683703418,0.13025507490913601,0.8330489629911377,0.003373424187568308,0.01421573247310462,0.016014840589618107,-147.04615429627464,144.12330785002766,-147.0472008100069,144.12573742616544
ground1,ground1_frame_10,laser 001_10.tif,24782cc794b5750d59da8ddcb6d2099647c787572e85b46fbe034d576ad3f5dd,49,False,dynamic_range_low,2940,2940,0,0.067194277134096,0.145072897653531,0.8611828247193216,0.06375527019323092,0.13069065067078228,0.8451682905872528,0.0034390069408650747,0.014382246982748731,0.01601453413206877,-147.04671677283622,144.1222469707897,-147.0472008100069,144.12573742616544
ground1,ground1_frame_11,laser 001_11.tif,3150a7bf36fab0eee8d4533d2ec7884197691b065b7219c8c861f5669332d7f1,50,False,dynamic_range_low,2939,2939,0,0.06673341758709063,0.14387767822250846,0.8613807929927367,0.06342864269460771,0.1299538229388513,0.8453664026916088,0.0033047748924829173,0.013923855283657166,0.016014390301127945,-147.04623355051743,144.12157399746437,-147.0472008100069,144.12573742616544
ground1,ground1_frame_12,laser 001_12.tif,3c45ce5dcf07f46ed9a957e05e83d4f444e93f2c29468edaeeaa7efb4c0a755f,51,False,dynamic_range_low,2940,2940,0,0.06660098513371158,0.14092056311759013,0.8477628284880567,0.06336212479973104,0.12795005341434804,0.8317477017069919,0.0032388603339805477,0.012970509703242095,0.01601512678106487,-147.0465320623798,144.12447003607602,-147.0472008100069,144.12573742616544
ground1,ground1_frame_13,laser 001_13.tif,d154585cf095fe0f6c9732f77f5c872f54ed67cdeec468be906aa563a1d0d897,52,False,dynamic_range_low,2941,2941,0,0.06609565276271287,0.14037469634040078,0.84801396527621,0.0629271772061536,0.12701652159272778,0.8319987004716165,0.003168475556559275,0.013358174747673007,0.016015264804593476,-147.0454567977128,144.12507283573402,-147.0472008100069,144.12573742616544
ground1,ground1_frame_14,laser 001_14.tif,56987206ab3497ac8ecc12f2758b838420510b2629df7579f8b777f435d1b645,53,False,dynamic_range_low,2940,2940,0,0.06624883294202225,0.14195180480481112,0.8410136808841473,0.06305584329198077,0.12839432561710898,0.8249982402293188,0.0031929896500414723,0.013557479187702143,0.016015440654828517,-147.04639650212437,144.12570516695564,-147.0472008100069,144.12573742616544
ground1,ground1_frame_15,laser 001_15.tif,ebebce56eddc04dc68ad86c472971ef65b58755c56e58eab41e985943481a9c4,54,False,dynamic_range_low,2940,2940,0,0.0664461166118991,0.14118012725651854,0.8781404280706675,0.06326906889652464,0.12821682805339157,0.8621269873011241,0.0031770477153744564,0.012963299203126971,0.016013440769543363,-147.04555671345778,144.11782390077104,-147.0472008100069,144.12573742616544
ground1,ground1_frame_16,laser 001_16.tif,597cbe5c6eac9f1c6e48fd40fe6aae9f46a164b4e9a1dea59276babf2d190f35,55,False,dynamic_range_low,2940,2940,0,0.06603938809883321,0.1409838890941057,0.8569851974102927,0.06281047153998681,0.12808907198776778,0.8409706257742046,0.003228916558846398,0.012894817106337914,0.016014571636088104,-147.0471640296382,144.12229334164712,-147.0472008100069,144.12573742616544
ground1,ground1_frame_17,laser 001_17.tif,a184dc3dc7d51723cc5d7bf0c6918306d5c1e8269760ab0ebed64a82eb730d62,56,False,dynamic_range_low,2940,2940,0,0.06622645467084799,0.14159978362547143,0.8586125209652223,0.06288626612342783,0.12880875665716104,0.8425982503839897,0.0033401885474201587,0.012791026968310387,0.016014270581232615,-147.0472008100069,144.12102566608047,-147.0472008100069,144.12573742616544
ground1,ground1_frame_18,laser 001_18.tif,58dd8db6121a3f07dab7f8e6696b6afd58587dbf81ab3d19a1de72c1168de744,57,False,dynamic_range_low,2941,2941,0,0.06629318708246643,0.14190626128085732,0.8693702046658396,0.06293355065853362,0.12784822607167656,0.8533562765581297,0.0033596364239328047,0.014058035209180753,0.01601392810770985,-147.04587242679995,144.11976002551143,-147.0472008100069,144.12573742616544
ground1,ground1_frame_19,laser 001_19.tif,91a69859613a9e2bfc7d9b6afe416da80e3ee2b540e225cd3ed9e736357ee969,58,False,dynamic_range_low,2942,2942,0,0.06636849463498849,0.14088032548040458,0.8534985007937379,0.06304424173075629,0.1272728643387856,0.837483528812671,0.0033242529042322028,0.013607461141618982,0.01601497198106694,-147.04674491571288,144.12394708683976,-147.0472008100069,144.12573742616544
ground1,ground1_frame_20,laser 001_20.tif,265f8c2565a87feb670cbd7538cdf7cb20584cc462573bebee9b12f2ae32fa7b,59,False,dynamic_range_low,2941,2941,0,0.06594966811386323,0.13970692598976128,0.850136057759065,0.06270018810419628,0.12708315184951294,0.834121060589384,0.003249480009666947,0.012623774140248345,0.016014997169681022,-147.04601881552182,144.123959002634,-147.0472008100069,144.12573742616544
002,pose002_frame_01,laser 002.tif,30990e584384a9fc8581561f51cfd81b3e9e25fdea3b2e1156480b33aa091034,184,False,dynamic_range_low,2768,2768,0,0.049468942332898815,0.10305858164272767,0.3345374488881293,0.04765300050725643,0.09591342105734393,0.3159702077032272,0.0018159418256423823,0.007145160585383739,0.018567241184902106,-147.02162632841313,133.56009335477654,-147.0472008100069,144.12573742616544
002,pose002_frame_02,laser 002_02.tif,2c6c2ed2b58ed630d7e6e4731704809a70346831b3629971fe8b909ea652dc1c,185,False,dynamic_range_low,2768,2768,0,0.04915875492651892,0.10233355516760384,0.3309242977728804,0.047452155748758135,0.09603674743900796,0.3123570312363341,0.0017065991777607883,0.0062968077285958796,0.01856726653654628,-147.02134814027073,133.56036570345657,-147.0472008100069,144.12573742616544
002,pose002_frame_03,laser 002_03.tif,7f7cb664e2e827f8f5047c3fb019d45a281caef6b67aba94c93d2421736582b6,186,False,dynamic_range_low,2768,2768,0,0.048953349112650785,0.10192495764969103,0.3203884882860285,0.047258233702224324,0.09525648538438598,0.30548563705445464,0.0016951154104264607,0.0066684722653050504,0.014902851231573866,-147.02218042701332,133.56071330579826,-147.0472008100069,144.12573742616544
002,pose002_frame_04,laser 002_04.tif,a733c623004b9ef33b7015304292bf5f06971c9956a8e259f75fc88def199beb,187,False,dynamic_range_low,2768,2768,0,0.04902488191497745,0.10161262366305081,0.32875016237244953,0.047250461954998796,0.09530886239747986,0.31018292125496993,0.0017744199599786514,0.006303761265570945,0.018567241117479594,-147.0222294098246,133.55985522819714,-147.0472008100069,144.12573742616544
002,pose002_frame_05,laser 002_05.tif,eb401e4ec90d95e139529eb8255b1805d1f0d47d147a95b89e4a94f56c815649,188,False,dynamic_range_low,2768,2768,0,0.04931509917287668,0.10225463181671635,0.3223981517100446,0.04744806118923843,0.09589054205136771,0.30738050373060555,0.0018670379836382492,0.006364089765348635,0.015017647979439053,-147.0201106233406,133.5599493346785,-147.0472008100069,144.12573742616544
003,pose003_frame_06,laser 003.tif,1bd2181729619d19e6b8ece86f7a2f1118ee4b6fbfcd4360f8b9b3b77a27d896,4298,False,dynamic_range_low,2759,2759,0,0.05100346673705871,0.11059563912865104,0.4449665564192144,0.04865340084494435,0.0979252611581609,0.44446613793373135,0.00235006589211436,0.012670377970490143,0.0005004184854830451,-147.02348901258304,127.66877397029951,-147.0472008100069,144.12573742616544
003,pose003_frame_07,laser 003_02.tif,f29dfcdc2aa3499c4a82d8831bde7786235103dff6c6ebcabda5e4a45a34b681,4299,False,dynamic_range_low,2759,2759,0,0.05092226120973609,0.11011216340261375,0.4572161786050651,0.04870616201343428,0.09756405482808042,0.45663470637733417,0.0022160991963018142,0.012548108574533326,0.000581472227730917,-147.02306037585265,127.66958675124091,-147.0472008100069,144.12573742616544
003,pose003_frame_08,laser 003_03.tif,95395fcf79857e738e0457e1b6ed161dfe390d7380132653ccf931fb9791422c,4300,False,dynamic_range_low,2759,2759,0,0.05106532967808476,0.11045954771431217,0.4475744251707676,0.04877547071043183,0.09830096729315613,0.44707409090278016,0.002289858967652929,0.012158580421156043,0.0005003342679874567,-147.0232992725825,127.66968175086588,-147.0472008100069,144.12573742616544
003,pose003_frame_09,laser 003_04.tif,a80320ecd11e8076a7466324eed36c186aa981453d8e6dc71484ce4e203574c3,4301,False,dynamic_range_low,2760,2760,0,0.05090681744447188,0.10963105929562102,0.45466053893917924,0.048616680637174496,0.09696884892344193,0.4541601845912431,0.002290136807297387,0.012662210372179086,0.0005003543479361605,-147.02358230320658,127.66952422400712,-147.0472008100069,144.12573742616544
003,pose003_frame_10,laser 003_05.tif,37d92e17972930547bf11562ebbc439a15c544df85dc45290edcbfcd0cc3164b,4302,False,dynamic_range_low,2757,2757,0,0.05040207639587451,0.10875524615226921,0.4384988799610426,0.04805928166547122,0.09725055165978087,0.43799848052056223,0.0023427947304032887,0.011504694492488338,0.0005003994404803591,-147.02220675329906,127.66969502765426,-147.0472008100069,144.12573742616544
004,pose004_frame_11,laser 004.tif,dfb1cb732a85e9a385871c46c8d2270cf65d219187dad060cce2c7219b3cad67,271,False,dynamic_range_low,2728,2728,0,0.05198222098789592,0.103722653496439,0.5088925998387104,0.049898852936838704,0.09472434145357556,0.5211343123726065,0.002083368051057216,0.008998312042863443,-0.012241712533896165,-147.0191436182011,137.44129683609526,-147.0472008100069,144.12573742616544
004,pose004_frame_12,laser 004_02.tif,b3a37163e895322be9b5de353d6fa167fcf43f82bdb5875df4bb23f3b52e6404,272,False,dynamic_range_low,2727,2727,0,0.05181675553373118,0.10225243452277348,0.5073460400201852,0.049827182708580164,0.09425765228814718,0.5195875533916492,0.001989572825151019,0.007994782234626296,-0.012241513371463952,-147.02035489606502,137.44150914278413,-147.0472008100069,144.12573742616544
004,pose004_frame_13,laser 004_03.tif,a0e7e831c447abec3a2a5707adacf8fe51f58ca9509c2e1c30f67663a5975575,273,False,dynamic_range_low,2729,2729,0,0.05198711145425836,0.10351891576259457,0.5000838913948978,0.05003227807325977,0.09570513317334936,0.5123253255988213,0.00195483338099859,0.007813782589245213,-0.01224143420392343,-147.0206262138646,137.44107838664615,-147.0472008100069,144.12573742616544
004,pose004_frame_14,laser 004_04.tif,f7ed7e1b7c29c2cf6b7d3df60035077534f23e85bc1e92539373d5bec96987e9,274,False,dynamic_range_low,2729,2729,0,0.05235970436543552,0.10335752209089644,0.5061297315149784,0.050449569377665364,0.09424005261368243,0.5183712326554983,0.0019101349877701582,0.009117469477214007,-0.012241501140519917,-147.01931819523705,137.44107504838618,-147.0472008100069,144.12573742616544
004,pose004_frame_15,laser 004_05.tif,4a9ddcc6e8e62f656392ef57f02e181ed0dcd7b078631aa22e793543b0d2842f,275,False,dynamic_range_low,2728,2728,0,0.05238361515621985,0.10350300068324363,0.5061214407449633,0.05041882093507283,0.09521289636112984,0.5183628697245957,0.001964794221147023,0.008290104322113787,-0.012241428979632318,-147.0193161167445,137.4414353525298,-147.0472008100069,144.12573742616544
