cv_scheme,heldout_group,aggregation,layer,condition_count,formal_point_count,invalid_point_count,worst_condition_id,worst_condition_abs_mm,support_state_counts,bias_mm,mae_mm,rmse_mm,p95_abs_mm,max_abs_mm,support_state,source
LOHO_height,height_1mm,fold,RAW,2,432,0,obs_1mm/rank4,0.05515646482318219,"{""BBOX_EXTRAPOLATION"": 0, ""HULL_EXTRAPOLATION"": 2, ""IN_DOMAIN"": 0}",-0.04501142207396114,0.04501142207396114,0.04614054626360419,0.054141960548260086,0.05515646482318219,HULL_EXTRAPOLATION,previous_frozen_artifact
LOHO_height,height_1mm,fold,RAW,3,782,0,obs_1mm/rank2,0.03935235047589003,"{""BBOX_EXTRAPOLATION"": 3, ""HULL_EXTRAPOLATION"": 0, ""IN_DOMAIN"": 0}",-0.005686694574704908,0.02054820574255511,0.024524942970269654,0.036723280542721816,0.03935235047589003,BBOX_EXTRAPOLATION,previous_frozen_artifact
LOHO_height,height_1mm,fold,H-B2,2,432,0,obs_1mm/rank4,0.023349112256173248,"{""BBOX_EXTRAPOLATION"": 0, ""HULL_EXTRAPOLATION"": 2, ""IN_DOMAIN"": 0}",-0.01268170142990549,0.01268170142990549,0.01657163856996771,0.02228237117354647,0.023349112256173248,HULL_EXTRAPOLATION,previous_frozen_artifact
LOHO_height,height_1mm,fold,H-B2,3,782,0,obs_1mm/rank3,0.04387835442016455,"{""BBOX_EXTRAPOLATION"": 3, ""HULL_EXTRAPOLATION"": 0, ""IN_DOMAIN"": 0}",0.02420702303578375,0.03048294018165934,0.034009098949556116,0.0433061780187481,0.04387835442016455,BBOX_EXTRAPOLATION,previous_frozen_artifact
LOHO_height,height_1mm,fold,L-B2,2,432,0,obs_1mm/rank4,0.05427395436845977,"{""BBOX_EXTRAPOLATION"": 0, ""HULL_EXTRAPOLATION"": 2, ""IN_DOMAIN"": 0}",-0.044102059474431216,0.044102059474431216,0.045259906049631086,0.053256764879056916,0.05427395436845977,HULL_EXTRAPOLATION,previous_frozen_artifact
LOHO_height,height_1mm,fold,L-B2,3,782,0,obs_1mm/rank2,0.03853192007860881,"{""BBOX_EXTRAPOLATION"": 3, ""HULL_EXTRAPOLATION"": 0, ""IN_DOMAIN"": 0}",-0.004844356461020476,0.020843590258052064,0.024361300534495065,0.036075363372271865,0.03853192007860881,BBOX_EXTRAPOLATION,previous_frozen_artifact
LOHO_height,height_2mm,fold,RAW,4,831,0,obs_2mm/rank3,0.05770591264596331,"{""BBOX_EXTRAPOLATION"": 0, ""HULL_EXTRAPOLATION"": 0, ""IN_DOMAIN"": 4}",-0.026795326786539682,0.029297225196013018,0.03501503022265001,0.05399246303366101,0.05770591264596331,IN_DOMAIN,previous_frozen_artifact
LOHO_height,height_2mm,fold,H-B2,4,831,0,obs_2mm/rank1,0.03397242179531948,"{""BBOX_EXTRAPOLATION"": 0, ""HULL_EXTRAPOLATION"": 0, ""IN_DOMAIN"": 4}",0.003815922548265947,0.018632649479357152,0.022271147423564397,0.03284664879958642,0.03397242179531948,IN_DOMAIN,previous_frozen_artifact
LOHO_height,height_2mm,fold,L-B2,4,831,0,obs_2mm/rank3,0.056078960340905426,"{""BBOX_EXTRAPOLATION"": 0, ""HULL_EXTRAPOLATION"": 0, ""IN_DOMAIN"": 4}",-0.025193814685354487,0.028441533233421558,0.03378238799908967,0.05237895999929629,0.056078960340905426,IN_DOMAIN,previous_frozen_artifact
LOHO_height,height_6mm,fold,RAW,4,927,0,obs_6mm/rank2,0.0349248221842145,"{""BBOX_EXTRAPOLATION"": 0, ""HULL_EXTRAPOLATION"": 0, ""IN_DOMAIN"": 4}",-0.011474710565158003,0.013925977741394535,0.018552163269958878,0.031155866849553546,0.0349248221842145,IN_DOMAIN,previous_frozen_artifact
LOHO_height,height_6mm,fold,RAW,1,238,0,obs_6mm/rank5,0.0643467836732709,"{""BBOX_EXTRAPOLATION"": 1, ""HULL_EXTRAPOLATION"": 0, ""IN_DOMAIN"": 0}",-0.0643467836732709,0.0643467836732709,0.0643467836732709,0.0643467836732709,0.0643467836732709,BBOX_EXTRAPOLATION,previous_frozen_artifact
LOHO_height,height_6mm,fold,H-B2,4,927,0,obs_6mm/rank4,0.04882418934996828,"{""BBOX_EXTRAPOLATION"": 0, ""HULL_EXTRAPOLATION"": 0, ""IN_DOMAIN"": 4}",0.030736548101229444,0.030736548101229444,0.03426080699191812,0.04668993682950087,0.04882418934996828,IN_DOMAIN,previous_frozen_artifact
LOHO_height,height_6mm,fold,H-B2,1,238,0,obs_6mm/rank5,0.019962289450185272,"{""BBOX_EXTRAPOLATION"": 1, ""HULL_EXTRAPOLATION"": 0, ""IN_DOMAIN"": 0}",-0.019962289450185272,0.019962289450185272,0.019962289450185272,0.019962289450185272,0.019962289450185272,BBOX_EXTRAPOLATION,previous_frozen_artifact
LOHO_height,height_6mm,fold,L-B2,4,927,0,obs_6mm/rank2,0.029810227349477983,"{""BBOX_EXTRAPOLATION"": 0, ""HULL_EXTRAPOLATION"": 0, ""IN_DOMAIN"": 4}",-0.006212579189617145,0.011500823874382574,0.01598270617489705,0.026925166652485906,0.029810227349477983,IN_DOMAIN,previous_frozen_artifact
LOHO_height,height_6mm,fold,L-B2,1,238,0,obs_6mm/rank5,0.05865591091445392,"{""BBOX_EXTRAPOLATION"": 1, ""HULL_EXTRAPOLATION"": 0, ""IN_DOMAIN"": 0}",-0.05865591091445392,0.05865591091445392,0.05865591091445392,0.05865591091445392,0.05865591091445392,BBOX_EXTRAPOLATION,previous_frozen_artifact
LOHO_height,height_10mm,fold,RAW,5,1043,0,obs_10mm/rank5,0.0839443228993728,"{""BBOX_EXTRAPOLATION"": 0, ""HULL_EXTRAPOLATION"": 0, ""IN_DOMAIN"": 5}",-0.0479135005940128,0.0479135005940128,0.05177724064080717,0.07674346671416879,0.0839443228993728,IN_DOMAIN,previous_frozen_artifact
LOHO_height,height_10mm,fold,H-B2,5,1043,0,obs_10mm/rank5,0.03627030339364842,"{""BBOX_EXTRAPOLATION"": 0, ""HULL_EXTRAPOLATION"": 0, ""IN_DOMAIN"": 5}",-0.001939768253816001,0.01374565395290902,0.018834338280793977,0.0325547400741904,0.03627030339364842,IN_DOMAIN,previous_frozen_artifact
LOHO_height,height_10mm,fold,L-B2,5,1043,0,obs_10mm/rank5,0.0745002051005609,"{""BBOX_EXTRAPOLATION"": 0, ""HULL_EXTRAPOLATION"": 0, ""IN_DOMAIN"": 5}",-0.039004250200159477,0.039004250200159477,0.04353850234914596,0.06733501370258943,0.0745002051005609,IN_DOMAIN,previous_frozen_artifact
LOHO_height,height_20mm,fold,RAW,5,1202,0,obs_20mm/rank5,0.13118128734168816,"{""BBOX_EXTRAPOLATION"": 0, ""HULL_EXTRAPOLATION"": 0, ""IN_DOMAIN"": 5}",-0.08810818781113242,0.08810818781113242,0.09241820879733127,0.12593908092946995,0.13118128734168816,IN_DOMAIN,previous_frozen_artifact
LOHO_height,height_20mm,fold,H-B2,5,1202,0,obs_20mm/rank5,0.06601902105798574,"{""BBOX_EXTRAPOLATION"": 0, ""HULL_EXTRAPOLATION"": 0, ""IN_DOMAIN"": 5}",-0.024634786956478603,0.02945315960105923,0.03624531153473558,0.06087890210342312,0.06601902105798574,IN_DOMAIN,previous_frozen_artifact
LOHO_height,height_20mm,fold,L-B2,5,1202,0,obs_20mm/rank5,0.10848939224284868,"{""BBOX_EXTRAPOLATION"": 0, ""HULL_EXTRAPOLATION"": 0, ""IN_DOMAIN"": 5}",-0.06636666310794856,0.06636666310794856,0.07167968567826381,0.10324606047981802,0.10848939224284868,IN_DOMAIN,previous_frozen_artifact
LOHO_height,height_30mm,fold,RAW,4,1057,0,obs_30mm/rank2,0.12331873611946821,"{""BBOX_EXTRAPOLATION"": 0, ""HULL_EXTRAPOLATION"": 0, ""IN_DOMAIN"": 4}",-0.09739430505705254,0.09739430505705254,0.09866297471805147,0.11934928355295417,0.12331873611946821,IN_DOMAIN,previous_frozen_artifact
LOHO_height,height_30mm,fold,RAW,1,290,0,obs_30mm/rank5,0.16927470859732058,"{""BBOX_EXTRAPOLATION"": 0, ""HULL_EXTRAPOLATION"": 1, ""IN_DOMAIN"": 0}",-0.16927470859732058,0.16927470859732058,0.16927470859732058,0.16927470859732058,0.16927470859732058,HULL_EXTRAPOLATION,previous_frozen_artifact
LOHO_height,height_30mm,fold,H-B2,4,1057,0,obs_30mm/rank2,0.041887827767634084,"{""BBOX_EXTRAPOLATION"": 0, ""HULL_EXTRAPOLATION"": 0, ""IN_DOMAIN"": 4}",-0.015347969629173515,0.015347969629173515,0.022543760211094176,0.0380872718660147,0.041887827767634084,IN_DOMAIN,previous_frozen_artifact
LOHO_height,height_30mm,fold,H-B2,1,290,0,obs_30mm/rank5,0.0852828865136181,"{""BBOX_EXTRAPOLATION"": 0, ""HULL_EXTRAPOLATION"": 1, ""IN_DOMAIN"": 0}",-0.0852828865136181,0.0852828865136181,0.0852828865136181,0.0852828865136181,0.0852828865136181,HULL_EXTRAPOLATION,previous_frozen_artifact
LOHO_height,height_30mm,fold,L-B2,4,1057,0,obs_30mm/rank2,0.09374823925537641,"{""BBOX_EXTRAPOLATION"": 0, ""HULL_EXTRAPOLATION"": 0, ""IN_DOMAIN"": 4}",-0.06693273707518027,0.06693273707518027,0.06898795686991745,0.08992766008793146,0.09374823925537641,IN_DOMAIN,previous_frozen_artifact
LOHO_height,height_30mm,fold,L-B2,1,290,0,obs_30mm/rank5,0.13665692068995244,"{""BBOX_EXTRAPOLATION"": 0, ""HULL_EXTRAPOLATION"": 1, ""IN_DOMAIN"": 0}",-0.13665692068995244,0.13665692068995244,0.13665692068995244,0.13665692068995244,0.13665692068995244,HULL_EXTRAPOLATION,previous_frozen_artifact
LOHO_height,height_36mm,fold,RAW,5,1461,0,obs_36mm/rank5,0.1454844161135448,"{""BBOX_EXTRAPOLATION"": 0, ""HULL_EXTRAPOLATION"": 0, ""IN_DOMAIN"": 5}",-0.10377364083414298,0.10377364083414298,0.10854775609454426,0.14050272375255016,0.1454844161135448,IN_DOMAIN,previous_frozen_artifact
LOHO_height,height_36mm,fold,H-B2,5,1461,0,obs_36mm/rank5,0.047646826680127374,"{""BBOX_EXTRAPOLATION"": 0, ""HULL_EXTRAPOLATION"": 0, ""IN_DOMAIN"": 5}",-0.007792452522011004,0.030363649324859965,0.03205273164475676,0.045357595384226956,0.047646826680127374,IN_DOMAIN,previous_frozen_artifact
LOHO_height,height_36mm,fold,L-B2,5,1461,0,obs_36mm/rank5,0.10094340045590262,"{""BBOX_EXTRAPOLATION"": 0, ""HULL_EXTRAPOLATION"": 0, ""IN_DOMAIN"": 5}",-0.061067482194702316,0.061067482194702316,0.0685533679711831,0.09666024580456525,0.10094340045590262,IN_DOMAIN,previous_frozen_artifact
LOHO_height,height_40mm,fold,RAW,5,1438,0,obs_40mm/rank5,0.13744884683507497,"{""BBOX_EXTRAPOLATION"": 0, ""HULL_EXTRAPOLATION"": 0, ""IN_DOMAIN"": 5}",-0.09308863333452544,0.09308863333452544,0.09597307095993365,0.12812181248393867,0.13744884683507497,IN_DOMAIN,previous_frozen_artifact
LOHO_height,height_40mm,fold,H-B2,5,1438,0,obs_40mm/rank4,0.03418531738063174,"{""BBOX_EXTRAPOLATION"": 0, ""HULL_EXTRAPOLATION"": 0, ""IN_DOMAIN"": 5}",0.014290827571442278,0.025457640892854228,0.026784295978206932,0.03412698083065712,0.03418531738063174,IN_DOMAIN,previous_frozen_artifact
LOHO_height,height_40mm,fold,L-B2,5,1438,0,obs_40mm/rank5,0.08102049965909973,"{""BBOX_EXTRAPOLATION"": 0, ""HULL_EXTRAPOLATION"": 0, ""IN_DOMAIN"": 5}",-0.03870707213993778,0.03870707213993778,0.0448705472125671,0.07235893183242806,0.08102049965909973,IN_DOMAIN,previous_frozen_artifact
LOHO_height,height_46mm,fold,RAW,5,1459,0,obs_46mm/rank2,0.13567246909563102,"{""BBOX_EXTRAPOLATION"": 5, ""HULL_EXTRAPOLATION"": 0, ""IN_DOMAIN"": 0}",-0.11794917672937695,0.11794917672937695,0.11861054322694017,0.13433631238613658,0.13567246909563102,BBOX_EXTRAPOLATION,previous_frozen_artifact
LOHO_height,height_46mm,fold,H-B2,5,1459,0,obs_46mm/rank2,0.020621733478822638,"{""BBOX_EXTRAPOLATION"": 5, ""HULL_EXTRAPOLATION"": 0, ""IN_DOMAIN"": 0}",-0.0013479115650911902,0.012586024473014925,0.013744591695492416,0.01934000810634664,0.020621733478822638,BBOX_EXTRAPOLATION,previous_frozen_artifact
LOHO_height,height_46mm,fold,L-B2,5,1459,0,obs_46mm/rank2,0.11504927429646987,"{""BBOX_EXTRAPOLATION"": 5, ""HULL_EXTRAPOLATION"": 0, ""IN_DOMAIN"": 0}",-0.09555012305019579,0.09555012305019579,0.09658693384905885,0.11391181283049998,0.11504927429646987,BBOX_EXTRAPOLATION,previous_frozen_artifact
LOPO_position_rank,rank_1,fold,RAW,10,2555,0,obs_46mm/rank1,0.1289916855481588,"{""BBOX_EXTRAPOLATION"": 10, ""HULL_EXTRAPOLATION"": 0, ""IN_DOMAIN"": 0}",-0.055079110935304564,0.05792599342060738,0.07136542951685261,0.11453050060570588,0.1289916855481588,BBOX_EXTRAPOLATION,previous_frozen_artifact
LOPO_position_rank,rank_1,fold,H-B2,10,2555,0,obs_1mm/rank1,0.043031297633657734,"{""BBOX_EXTRAPOLATION"": 10, ""HULL_EXTRAPOLATION"": 0, ""IN_DOMAIN"": 0}",0.021277798893470347,0.025675615018865127,0.02820023406182102,0.04196749847054526,0.043031297633657734,BBOX_EXTRAPOLATION,previous_frozen_artifact
LOPO_position_rank,rank_1,fold,L-B2,10,2555,0,obs_46mm/rank1,0.05054301965415278,"{""BBOX_EXTRAPOLATION"": 10, ""HULL_EXTRAPOLATION"": 0, ""IN_DOMAIN"": 0}",-0.014025948588574606,0.0186587156246562,0.024393365467277644,0.04854571042478295,0.05054301965415278,BBOX_EXTRAPOLATION,previous_frozen_artifact
LOPO_position_rank,rank_2,fold,RAW,9,2366,0,obs_46mm/rank2,0.13567246909563102,"{""BBOX_EXTRAPOLATION"": 0, ""HULL_EXTRAPOLATION"": 0, ""IN_DOMAIN"": 9}",-0.0887600031120702,0.0887600031120702,0.09724489916988632,0.13467919310871404,0.13567246909563102,IN_DOMAIN,previous_frozen_artifact
LOPO_position_rank,rank_2,fold,RAW,1,196,0,obs_1mm/rank2,0.03935235047589003,"{""BBOX_EXTRAPOLATION"": 0, ""HULL_EXTRAPOLATION"": 1, ""IN_DOMAIN"": 0}",-0.03935235047589003,0.03935235047589003,0.03935235047589003,0.03935235047589003,0.03935235047589003,HULL_EXTRAPOLATION,previous_frozen_artifact
LOPO_position_rank,rank_2,fold,H-B2,9,2366,0,obs_30mm/rank2,0.041663042108544907,"{""BBOX_EXTRAPOLATION"": 0, ""HULL_EXTRAPOLATION"": 0, ""IN_DOMAIN"": 9}",-0.013990797557863132,0.0160822220381312,0.02037267895628076,0.03616072064084326,0.041663042108544907,IN_DOMAIN,previous_frozen_artifact
LOPO_position_rank,rank_2,fold,H-B2,1,196,0,obs_1mm/rank2,0.014154548866292525,"{""BBOX_EXTRAPOLATION"": 0, ""HULL_EXTRAPOLATION"": 1, ""IN_DOMAIN"": 0}",-0.014154548866292525,0.014154548866292525,0.014154548866292525,0.014154548866292525,0.014154548866292525,HULL_EXTRAPOLATION,previous_frozen_artifact
LOPO_position_rank,rank_2,fold,L-B2,9,2366,0,obs_46mm/rank2,0.11967950554371347,"{""BBOX_EXTRAPOLATION"": 0, ""HULL_EXTRAPOLATION"": 0, ""IN_DOMAIN"": 9}",-0.07960090997490656,0.07960090997490656,0.08667011761078237,0.1180198887423258,0.11967950554371347,IN_DOMAIN,previous_frozen_artifact
LOPO_position_rank,rank_2,fold,L-B2,1,196,0,obs_1mm/rank2,0.03903128663590691,"{""BBOX_EXTRAPOLATION"": 0, ""HULL_EXTRAPOLATION"": 1, ""IN_DOMAIN"": 0}",-0.03903128663590691,0.03903128663590691,0.03903128663590691,0.03903128663590691,0.03903128663590691,HULL_EXTRAPOLATION,previous_frozen_artifact
LOPO_position_rank,rank_3,fold,RAW,9,2101,0,obs_30mm/rank3,0.08428851073073206,"{""BBOX_EXTRAPOLATION"": 0, ""HULL_EXTRAPOLATION"": 0, ""IN_DOMAIN"": 9}",-0.04866820746108195,0.05157079660423926,0.05774001874863193,0.08055239194801694,0.08428851073073206,IN_DOMAIN,previous_frozen_artifact
LOPO_position_rank,rank_3,fold,RAW,1,305,0,obs_46mm/rank3,0.10401412147723794,"{""BBOX_EXTRAPOLATION"": 0, ""HULL_EXTRAPOLATION"": 1, ""IN_DOMAIN"": 0}",-0.10401412147723794,0.10401412147723794,0.10401412147723794,0.10401412147723794,0.10401412147723794,HULL_EXTRAPOLATION,previous_frozen_artifact
LOPO_position_rank,rank_3,fold,H-B2,9,2101,0,obs_50mm/rank3,0.07082391813745793,"{""BBOX_EXTRAPOLATION"": 0, ""HULL_EXTRAPOLATION"": 0, ""IN_DOMAIN"": 9}",0.025161665164013598,0.0316829457097392,0.037094811124799336,0.060094915526682884,0.07082391813745793,IN_DOMAIN,previous_frozen_artifact
LOPO_position_rank,rank_3,fold,H-B2,1,305,0,obs_46mm/rank3,0.02111970141551147,"{""BBOX_EXTRAPOLATION"": 0, ""HULL_EXTRAPOLATION"": 1, ""IN_DOMAIN"": 0}",0.02111970141551147,0.02111970141551147,0.02111970141551147,0.02111970141551147,0.02111970141551147,HULL_EXTRAPOLATION,previous_frozen_artifact
LOPO_position_rank,rank_3,fold,L-B2,9,2101,0,obs_2mm/rank3,0.05582686151275017,"{""BBOX_EXTRAPOLATION"": 0, ""HULL_EXTRAPOLATION"": 0, ""IN_DOMAIN"": 9}",-0.0274878086075883,0.0306075855488021,0.03607369532684129,0.05558894127074158,0.05582686151275017,IN_DOMAIN,previous_frozen_artifact
LOPO_position_rank,rank_3,fold,L-B2,1,305,0,obs_46mm/rank3,0.05863461748835996,"{""BBOX_EXTRAPOLATION"": 0, ""HULL_EXTRAPOLATION"": 1, ""IN_DOMAIN"": 0}",-0.05863461748835996,0.05863461748835996,0.05863461748835996,0.05863461748835996,0.05863461748835996,HULL_EXTRAPOLATION,previous_frozen_artifact
LOPO_position_rank,rank_4,fold,RAW,9,2221,0,obs_36mm/rank4,0.11896859712659688,"{""BBOX_EXTRAPOLATION"": 0, ""HULL_EXTRAPOLATION"": 0, ""IN_DOMAIN"": 9}",-0.0676658747169308,0.06875532679525813,0.07816331453338739,0.11376055881228554,0.11896859712659688,IN_DOMAIN,previous_frozen_artifact
LOPO_position_rank,rank_4,fold,RAW,1,218,0,obs_50mm/rank4,0.11225258916285263,"{""BBOX_EXTRAPOLATION"": 0, ""HULL_EXTRAPOLATION"": 1, ""IN_DOMAIN"": 0}",-0.11225258916285263,0.11225258916285263,0.11225258916285263,0.11225258916285263,0.11225258916285263,HULL_EXTRAPOLATION,previous_frozen_artifact
LOPO_position_rank,rank_4,fold,H-B2,9,2221,0,obs_6mm/rank4,0.04427315085382881,"{""BBOX_EXTRAPOLATION"": 0, ""HULL_EXTRAPOLATION"": 0, ""IN_DOMAIN"": 9}",0.0022812029669483183,0.02084961529534901,0.025436889021773077,0.04142349704351699,0.04427315085382881,IN_DOMAIN,previous_frozen_artifact
LOPO_position_rank,rank_4,fold,H-B2,1,218,0,obs_50mm/rank4,0.015752906092810843,"{""BBOX_EXTRAPOLATION"": 0, ""HULL_EXTRAPOLATION"": 1, ""IN_DOMAIN"": 0}",0.015752906092810843,0.015752906092810843,0.015752906092810843,0.015752906092810843,0.015752906092810843,HULL_EXTRAPOLATION,previous_frozen_artifact
LOPO_position_rank,rank_4,fold,L-B2,9,2221,0,obs_36mm/rank4,0.0976061483464313,"{""BBOX_EXTRAPOLATION"": 0, ""HULL_EXTRAPOLATION"": 0, ""IN_DOMAIN"": 9}",-0.05492491996113167,0.05680433174305957,0.06366718788504866,0.09575732729627966,0.0976061483464313,IN_DOMAIN,previous_frozen_artifact
LOPO_position_rank,rank_4,fold,L-B2,1,218,0,obs_50mm/rank4,0.08090747873875362,"{""BBOX_EXTRAPOLATION"": 0, ""HULL_EXTRAPOLATION"": 1, ""IN_DOMAIN"": 0}",-0.08090747873875362,0.08090747873875362,0.08090747873875362,0.08090747873875362,0.08090747873875362,HULL_EXTRAPOLATION,previous_frozen_artifact
LOPO_position_rank,rank_5,fold,RAW,9,2298,0,obs_30mm/rank5,0.16927470859732058,"{""BBOX_EXTRAPOLATION"": 9, ""HULL_EXTRAPOLATION"": 0, ""IN_DOMAIN"": 0}",-0.11182203845698264,0.11182203845698264,0.11885274933680466,0.15975859160381026,0.16927470859732058,BBOX_EXTRAPOLATION,previous_frozen_artifact
LOPO_position_rank,rank_5,fold,H-B2,9,2298,0,obs_30mm/rank5,0.08920950938231356,"{""BBOX_EXTRAPOLATION"": 9, ""HULL_EXTRAPOLATION"": 0, ""IN_DOMAIN"": 0}",-0.03847930235633659,0.03847930235633659,0.047384751027329045,0.08166725215301182,0.08920950938231356,BBOX_EXTRAPOLATION,previous_frozen_artifact
LOPO_position_rank,rank_5,fold,L-B2,9,2298,0,obs_30mm/rank5,0.1692747085974008,"{""BBOX_EXTRAPOLATION"": 9, ""HULL_EXTRAPOLATION"": 0, ""IN_DOMAIN"": 0}",-0.11182203845697468,0.11182203845697468,0.11885274933681247,0.15975859160385597,0.1692747085974008,BBOX_EXTRAPOLATION,previous_frozen_artifact
LOBO_height_band,low_1_2_6_10,fold,RAW,19,4253,0,obs_10mm/rank5,0.0839443228993728,"{""BBOX_EXTRAPOLATION"": 19, ""HULL_EXTRAPOLATION"": 0, ""IN_DOMAIN"": 0}",-0.029688282311692772,0.0330776084088712,0.039661847454794744,0.06630653759588105,0.0839443228993728,BBOX_EXTRAPOLATION,previous_frozen_artifact
LOBO_height_band,low_1_2_6_10,fold,H-B2,19,4253,0,obs_1mm/rank3,0.09463080930584412,"{""BBOX_EXTRAPOLATION"": 19, ""HULL_EXTRAPOLATION"": 0, ""IN_DOMAIN"": 0}",0.05425760649311171,0.05425760649311171,0.05992082056601504,0.09064611629283148,0.09463080930584412,BBOX_EXTRAPOLATION,previous_frozen_artifact
LOBO_height_band,low_1_2_6_10,fold,L-B2,19,4253,0,obs_10mm/rank5,0.07454302517729548,"{""BBOX_EXTRAPOLATION"": 19, ""HULL_EXTRAPOLATION"": 0, ""IN_DOMAIN"": 0}",-0.02537255536073114,0.0296995689485106,0.0358254128825582,0.060306294133625,0.07454302517729548,BBOX_EXTRAPOLATION,previous_frozen_artifact
LOBO_height_band,mid_20_30,fold,RAW,9,2259,0,obs_20mm/rank5,0.13118128734168816,"{""BBOX_EXTRAPOLATION"": 0, ""HULL_EXTRAPOLATION"": 0, ""IN_DOMAIN"": 9}",-0.09223535103154137,0.09223535103154137,0.09524422228460606,0.12803626685280017,0.13118128734168816,IN_DOMAIN,previous_frozen_artifact
LOBO_height_band,mid_20_30,fold,RAW,1,290,0,obs_30mm/rank5,0.16927470859732058,"{""BBOX_EXTRAPOLATION"": 0, ""HULL_EXTRAPOLATION"": 1, ""IN_DOMAIN"": 0}",-0.16927470859732058,0.16927470859732058,0.16927470859732058,0.16927470859732058,0.16927470859732058,HULL_EXTRAPOLATION,previous_frozen_artifact
LOBO_height_band,mid_20_30,fold,H-B2,9,2259,0,obs_20mm/rank5,0.06946774243749199,"{""BBOX_EXTRAPOLATION"": 0, ""HULL_EXTRAPOLATION"": 0, ""IN_DOMAIN"": 9}",-0.023734860094013512,0.025670224625736583,0.033190403858217504,0.05964387644452706,0.06946774243749199,IN_DOMAIN,previous_frozen_artifact
LOBO_height_band,mid_20_30,fold,H-B2,1,290,0,obs_30mm/rank5,0.08826451230414521,"{""BBOX_EXTRAPOLATION"": 0, ""HULL_EXTRAPOLATION"": 1, ""IN_DOMAIN"": 0}",-0.08826451230414521,0.08826451230414521,0.08826451230414521,0.08826451230414521,0.08826451230414521,HULL_EXTRAPOLATION,previous_frozen_artifact
LOBO_height_band,mid_20_30,fold,L-B2,9,2259,0,obs_20mm/rank5,0.10376392487351346,"{""BBOX_EXTRAPOLATION"": 0, ""HULL_EXTRAPOLATION"": 0, ""IN_DOMAIN"": 9}",-0.05987852235767203,0.05987852235767203,0.0641959276641776,0.09606156741567927,0.10376392487351346,IN_DOMAIN,previous_frozen_artifact
LOBO_height_band,mid_20_30,fold,L-B2,1,290,0,obs_30mm/rank5,0.12746566252667257,"{""BBOX_EXTRAPOLATION"": 0, ""HULL_EXTRAPOLATION"": 1, ""IN_DOMAIN"": 0}",-0.12746566252667257,0.12746566252667257,0.12746566252667257,0.12746566252667257,0.12746566252667257,HULL_EXTRAPOLATION,previous_frozen_artifact
LOBO_height_band,high_36_40_46,fold,RAW,15,4358,0,obs_36mm/rank5,0.1454844161135448,"{""BBOX_EXTRAPOLATION"": 15, ""HULL_EXTRAPOLATION"": 0, ""IN_DOMAIN"": 0}",-0.10493715029934846,0.10493715029934846,0.10810782683233588,0.1398595176186159,0.1454844161135448,BBOX_EXTRAPOLATION,previous_frozen_artifact
LOBO_height_band,high_36_40_46,fold,H-B2,15,4358,0,obs_36mm/rank5,0.044798227311155195,"{""BBOX_EXTRAPOLATION"": 15, ""HULL_EXTRAPOLATION"": 0, ""IN_DOMAIN"": 0}",0.0032034026318188053,0.02264117142087661,0.02501176080682884,0.04071924937426383,0.044798227311155195,BBOX_EXTRAPOLATION,previous_frozen_artifact
LOBO_height_band,high_36_40_46,fold,L-B2,15,4358,0,obs_36mm/rank5,0.11213860604547371,"{""BBOX_EXTRAPOLATION"": 15, ""HULL_EXTRAPOLATION"": 0, ""IN_DOMAIN"": 0}",-0.06918974868385723,0.06918974868385723,0.07358836052221542,0.10390040428805188,0.11213860604547371,BBOX_EXTRAPOLATION,previous_frozen_artifact
strict_50mm_validation,height_50mm_strict_heldout,fold,RAW,5,1100,0,obs_50mm/rank2,0.13318927912833858,"{""BBOX_EXTRAPOLATION"": 5, ""HULL_EXTRAPOLATION"": 0, ""IN_DOMAIN"": 0}",-0.10422555957980677,0.10422555957980677,0.10736598677340962,0.13149792233122945,0.13318927912833858,BBOX_EXTRAPOLATION,previous_frozen_artifact
strict_50mm_validation,height_50mm_strict_heldout,fold,H-B2,5,1100,0,obs_50mm/rank3,0.07155704894328102,"{""BBOX_EXTRAPOLATION"": 5, ""HULL_EXTRAPOLATION"": 0, ""IN_DOMAIN"": 0}",0.02967452246394478,0.030026764346430042,0.039136394799891845,0.06590981811846688,0.07155704894328102,BBOX_EXTRAPOLATION,previous_frozen_artifact
strict_50mm_validation,height_50mm_strict_heldout,fold,L-B2,5,0,0,,,"{""BBOX_EXTRAPOLATION"": 5, ""HULL_EXTRAPOLATION"": 0, ""IN_DOMAIN"": 0}",,,,,,BBOX_EXTRAPOLATION,previous_frozen_artifact
LOBO_height_band,ALL_FOLDS,pooled_condition_means,RAW,9,2259,0,obs_20mm/rank5,0.13118128734168816,"{""BBOX_EXTRAPOLATION"": 0, ""HULL_EXTRAPOLATION"": 0, ""IN_DOMAIN"": 9}",-0.09223535103154137,0.09223535103154137,0.09524422228460606,0.12803626685280017,0.13118128734168816,IN_DOMAIN,previous_frozen_artifact
LOBO_height_band,ALL_FOLDS,pooled_condition_means,RAW,1,290,0,obs_30mm/rank5,0.16927470859732058,"{""BBOX_EXTRAPOLATION"": 0, ""HULL_EXTRAPOLATION"": 1, ""IN_DOMAIN"": 0}",-0.16927470859732058,0.16927470859732058,0.16927470859732058,0.16927470859732058,0.16927470859732058,HULL_EXTRAPOLATION,previous_frozen_artifact
LOBO_height_band,ALL_FOLDS,pooled_condition_means,RAW,34,8611,0,obs_36mm/rank5,0.1454844161135448,"{""BBOX_EXTRAPOLATION"": 34, ""HULL_EXTRAPOLATION"": 0, ""IN_DOMAIN"": 0}",-0.06288631230624675,0.0647803474781994,0.07768672270221628,0.1362942013044364,0.1454844161135448,BBOX_EXTRAPOLATION,previous_frozen_artifact
LOBO_height_band,ALL_FOLDS,pooled_condition_means,H-B2,9,2259,0,obs_20mm/rank5,0.06946774243749199,"{""BBOX_EXTRAPOLATION"": 0, ""HULL_EXTRAPOLATION"": 0, ""IN_DOMAIN"": 9}",-0.023734860094013512,0.025670224625736583,0.033190403858217504,0.05964387644452706,0.06946774243749199,IN_DOMAIN,previous_frozen_artifact
LOBO_height_band,ALL_FOLDS,pooled_condition_means,H-B2,1,290,0,obs_30mm/rank5,0.08826451230414521,"{""BBOX_EXTRAPOLATION"": 0, ""HULL_EXTRAPOLATION"": 1, ""IN_DOMAIN"": 0}",-0.08826451230414521,0.08826451230414521,0.08826451230414521,0.08826451230414521,0.08826451230414521,HULL_EXTRAPOLATION,previous_frozen_artifact
LOBO_height_band,ALL_FOLDS,pooled_condition_means,H-B2,34,8611,0,obs_1mm/rank3,0.09463080930584412,"{""BBOX_EXTRAPOLATION"": 34, ""HULL_EXTRAPOLATION"": 0, ""IN_DOMAIN"": 0}",0.031733693024894254,0.040309179255360934,0.04777502814622162,0.09004731003906119,0.09463080930584412,BBOX_EXTRAPOLATION,previous_frozen_artifact
LOBO_height_band,ALL_FOLDS,pooled_condition_means,L-B2,9,2259,0,obs_20mm/rank5,0.10376392487351346,"{""BBOX_EXTRAPOLATION"": 0, ""HULL_EXTRAPOLATION"": 0, ""IN_DOMAIN"": 9}",-0.05987852235767203,0.05987852235767203,0.0641959276641776,0.09606156741567927,0.10376392487351346,IN_DOMAIN,previous_frozen_artifact
LOBO_height_band,ALL_FOLDS,pooled_condition_means,L-B2,1,290,0,obs_30mm/rank5,0.12746566252667257,"{""BBOX_EXTRAPOLATION"": 0, ""HULL_EXTRAPOLATION"": 1, ""IN_DOMAIN"": 0}",-0.12746566252667257,0.12746566252667257,0.12746566252667257,0.12746566252667257,0.12746566252667257,HULL_EXTRAPOLATION,previous_frozen_artifact
LOBO_height_band,ALL_FOLDS,pooled_condition_means,L-B2,34,8611,0,obs_36mm/rank5,0.11213860604547371,"{""BBOX_EXTRAPOLATION"": 34, ""HULL_EXTRAPOLATION"": 0, ""IN_DOMAIN"": 0}",-0.044703670062110304,0.04712170706704588,0.05573425549799134,0.0980873106532414,0.11213860604547371,BBOX_EXTRAPOLATION,previous_frozen_artifact
LOHO_height,ALL_FOLDS,pooled_condition_means,RAW,32,7959,0,obs_36mm/rank5,0.1454844161135448,"{""BBOX_EXTRAPOLATION"": 0, ""HULL_EXTRAPOLATION"": 0, ""IN_DOMAIN"": 32}",-0.06897116195325216,0.0695903076514659,0.08029160507885347,0.1340016891137122,0.1454844161135448,IN_DOMAIN,previous_frozen_artifact
LOHO_height,ALL_FOLDS,pooled_condition_means,RAW,3,722,0,obs_30mm/rank5,0.16927470859732058,"{""BBOX_EXTRAPOLATION"": 0, ""HULL_EXTRAPOLATION"": 3, ""IN_DOMAIN"": 0}",-0.08643251758174762,0.08643251758174762,0.10474067498623349,0.15786288421990674,0.16927470859732058,HULL_EXTRAPOLATION,previous_frozen_artifact
LOHO_height,ALL_FOLDS,pooled_condition_means,RAW,9,2479,0,obs_46mm/rank2,0.13567246909563102,"{""BBOX_EXTRAPOLATION"": 9, ""HULL_EXTRAPOLATION"": 0, ""IN_DOMAIN"": 0}",-0.0745725278938078,0.07952636494975789,0.09206714450463066,0.13300015567664214,0.13567246909563102,BBOX_EXTRAPOLATION,previous_frozen_artifact
LOHO_height,ALL_FOLDS,pooled_condition_means,H-B2,32,7959,0,obs_20mm/rank5,0.06601902105798574,"{""BBOX_EXTRAPOLATION"": 0, ""HULL_EXTRAPOLATION"": 0, ""IN_DOMAIN"": 32}",-0.000736340522594661,0.0235615371155454,0.02838258006096217,0.04817663988155578,0.06601902105798574,IN_DOMAIN,previous_frozen_artifact
LOHO_height,ALL_FOLDS,pooled_condition_means,H-B2,3,722,0,obs_30mm/rank5,0.0852828865136181,"{""BBOX_EXTRAPOLATION"": 0, ""HULL_EXTRAPOLATION"": 3, ""IN_DOMAIN"": 0}",-0.03688209645780969,0.03688209645780969,0.05106338917424742,0.0790895090878736,0.0852828865136181,HULL_EXTRAPOLATION,previous_frozen_artifact
LOHO_height,ALL_FOLDS,pooled_condition_means,H-B2,9,2479,0,obs_1mm/rank3,0.04387835442016455,"{""BBOX_EXTRAPOLATION"": 9, ""HULL_EXTRAPOLATION"": 0, ""IN_DOMAIN"": 0}",0.005102135759078892,0.019371248040026438,0.023125066819252582,0.04158964881449876,0.04387835442016455,BBOX_EXTRAPOLATION,previous_frozen_artifact
LOHO_height,ALL_FOLDS,pooled_condition_means,L-B2,32,7959,0,obs_20mm/rank5,0.10848939224284868,"{""BBOX_EXTRAPOLATION"": 0, ""HULL_EXTRAPOLATION"": 0, ""IN_DOMAIN"": 32}",-0.04434637068794839,0.045413366092052446,0.05401292764241826,0.0969860617956132,0.10848939224284868,IN_DOMAIN,previous_frozen_artifact
LOHO_height,ALL_FOLDS,pooled_condition_means,L-B2,3,722,0,obs_30mm/rank5,0.13665692068995244,"{""BBOX_EXTRAPOLATION"": 0, ""HULL_EXTRAPOLATION"": 3, ""IN_DOMAIN"": 0}",-0.07495367987960495,0.07495367987960495,0.08712449361632434,0.12841862405780316,0.13665692068995244,HULL_EXTRAPOLATION,previous_frozen_artifact
LOHO_height,ALL_FOLDS,pooled_condition_means,L-B2,9,2479,0,obs_46mm/rank2,0.11504927429646987,"{""BBOX_EXTRAPOLATION"": 9, ""HULL_EXTRAPOLATION"": 0, ""IN_DOMAIN"": 0}",-0.06121551061649936,0.06654858854884323,0.07591377691405535,0.11277435136453007,0.11504927429646987,BBOX_EXTRAPOLATION,previous_frozen_artifact
LOPO_position_rank,ALL_FOLDS,pooled_condition_means,RAW,27,6688,0,obs_46mm/rank2,0.13567246909563102,"{""BBOX_EXTRAPOLATION"": 0, ""HULL_EXTRAPOLATION"": 0, ""IN_DOMAIN"": 27}",-0.06836469509669431,0.06969537550385586,0.07937250556395242,0.13022811622567745,0.13567246909563102,IN_DOMAIN,previous_frozen_artifact
LOPO_position_rank,ALL_FOLDS,pooled_condition_means,RAW,3,719,0,obs_50mm/rank4,0.11225258916285263,"{""BBOX_EXTRAPOLATION"": 0, ""HULL_EXTRAPOLATION"": 3, ""IN_DOMAIN"": 0}",-0.08520635370532686,0.08520635370532686,0.09122899525995573,0.11142874239429117,0.11225258916285263,HULL_EXTRAPOLATION,previous_frozen_artifact
LOPO_position_rank,ALL_FOLDS,pooled_condition_means,RAW,19,4853,0,obs_30mm/rank5,0.16927470859732058,"{""BBOX_EXTRAPOLATION"": 19, ""HULL_EXTRAPOLATION"": 0, ""IN_DOMAIN"": 0}",-0.08195733976136262,0.08345569896415356,0.09680801117499589,0.1478634453619223,0.16927470859732058,BBOX_EXTRAPOLATION,previous_frozen_artifact
LOPO_position_rank,ALL_FOLDS,pooled_condition_means,H-B2,27,6688,0,obs_50mm/rank3,0.07082391813745793,"{""BBOX_EXTRAPOLATION"": 0, ""HULL_EXTRAPOLATION"": 0, ""IN_DOMAIN"": 27}",0.004484023524366263,0.0228715943477398,0.028507930962840395,0.044191629080836264,0.07082391813745793,IN_DOMAIN,previous_frozen_artifact
LOPO_position_rank,ALL_FOLDS,pooled_condition_means,H-B2,3,719,0,obs_46mm/rank3,0.02111970141551147,"{""BBOX_EXTRAPOLATION"": 0, ""HULL_EXTRAPOLATION"": 3, ""IN_DOMAIN"": 0}",0.00757268621400993,0.017009052124871613,0.01726795772384541,0.020583021883241407,0.02111970141551147,HULL_EXTRAPOLATION,previous_frozen_artifact
LOPO_position_rank,ALL_FOLDS,pooled_condition_means,H-B2,19,4853,0,obs_30mm/rank5,0.08920950938231356,"{""BBOX_EXTRAPOLATION"": 19, ""HULL_EXTRAPOLATION"": 0, ""IN_DOMAIN"": 0}",-0.007028196435385573,0.03174051954714109,0.03849836885178422,0.0722394306163846,0.08920950938231356,BBOX_EXTRAPOLATION,previous_frozen_artifact
LOPO_position_rank,ALL_FOLDS,pooled_condition_means,L-B2,27,6688,0,obs_46mm/rank2,0.11967950554371347,"{""BBOX_EXTRAPOLATION"": 0, ""HULL_EXTRAPOLATION"": 0, ""IN_DOMAIN"": 27}",-0.054004546181208854,0.055670942422256085,0.06548926526383468,0.11475894649674927,0.11967950554371347,IN_DOMAIN,previous_frozen_artifact
LOPO_position_rank,ALL_FOLDS,pooled_condition_means,L-B2,3,719,0,obs_50mm/rank4,0.08090747873875362,"{""BBOX_EXTRAPOLATION"": 0, ""HULL_EXTRAPOLATION"": 3, ""IN_DOMAIN"": 0}",-0.059524460954340164,0.059524460954340164,0.061934050463167356,0.07868019261371426,0.08090747873875362,HULL_EXTRAPOLATION,previous_frozen_artifact
LOPO_position_rank,ALL_FOLDS,pooled_condition_means,L-B2,19,4853,0,obs_30mm/rank5,0.1692747085974008,"{""BBOX_EXTRAPOLATION"": 19, ""HULL_EXTRAPOLATION"": 0, ""IN_DOMAIN"": 0}",-0.06035041221044833,0.06278871065049128,0.08369246555174623,0.14786344536192492,0.1692747085974008,BBOX_EXTRAPOLATION,previous_frozen_artifact
strict_50mm_validation,ALL_FOLDS,pooled_condition_means,RAW,5,1100,0,obs_50mm/rank2,0.13318927912833858,"{""BBOX_EXTRAPOLATION"": 5, ""HULL_EXTRAPOLATION"": 0, ""IN_DOMAIN"": 0}",-0.10422555957980677,0.10422555957980677,0.10736598677340962,0.13149792233122945,0.13318927912833858,BBOX_EXTRAPOLATION,previous_frozen_artifact
strict_50mm_validation,ALL_FOLDS,pooled_condition_means,H-B2,5,1100,0,obs_50mm/rank3,0.07155704894328102,"{""BBOX_EXTRAPOLATION"": 5, ""HULL_EXTRAPOLATION"": 0, ""IN_DOMAIN"": 0}",0.02967452246394478,0.030026764346430042,0.039136394799891845,0.06590981811846688,0.07155704894328102,BBOX_EXTRAPOLATION,previous_frozen_artifact
strict_50mm_validation,ALL_FOLDS,pooled_condition_means,L-B2,5,0,0,,,"{""BBOX_EXTRAPOLATION"": 5, ""HULL_EXTRAPOLATION"": 0, ""IN_DOMAIN"": 0}",,,,,,BBOX_EXTRAPOLATION,previous_frozen_artifact
LOHO_height,height_1mm,fold,RAW,2,432,0,obs_1mm/rank4,0.05515646482318219,"{""BBOX_EXTRAPOLATION"": 0, ""HULL_EXTRAPOLATION"": 2, ""IN_DOMAIN"": 0}",-0.04501142207396114,0.04501142207396114,0.04614054626360419,0.054141960548260086,0.05515646482318219,HULL_EXTRAPOLATION,strict_dev_only_replay
LOHO_height,height_1mm,fold,RAW,3,782,0,obs_1mm/rank2,0.03935235047589003,"{""BBOX_EXTRAPOLATION"": 3, ""HULL_EXTRAPOLATION"": 0, ""IN_DOMAIN"": 0}",-0.005686694574704908,0.02054820574255511,0.024524942970269654,0.036723280542721816,0.03935235047589003,BBOX_EXTRAPOLATION,strict_dev_only_replay
LOHO_height,height_1mm,fold,H-B2,2,432,0,obs_1mm/rank4,0.02700397901691587,"{""BBOX_EXTRAPOLATION"": 0, ""HULL_EXTRAPOLATION"": 2, ""IN_DOMAIN"": 0}",-0.016262603052372232,0.016262603052372232,0.01948972589983508,0.025929841420461505,0.02700397901691587,HULL_EXTRAPOLATION,strict_dev_only_replay
LOHO_height,height_1mm,fold,H-B2,3,782,0,obs_1mm/rank3,0.040083215856807485,"{""BBOX_EXTRAPOLATION"": 3, ""HULL_EXTRAPOLATION"": 0, ""IN_DOMAIN"": 0}",0.02028119355662844,0.029170105405241648,0.031341269338455734,0.0394842675297265,0.040083215856807485,BBOX_EXTRAPOLATION,strict_dev_only_replay
LOHO_height,height_1mm,fold,L-B2,2,432,0,obs_1mm/rank4,0.05449580925125391,"{""BBOX_EXTRAPOLATION"": 0, ""HULL_EXTRAPOLATION"": 2, ""IN_DOMAIN"": 0}",-0.044326373583751605,0.044326373583751605,0.04547795968248554,0.05347886568450368,0.05449580925125391,HULL_EXTRAPOLATION,strict_dev_only_replay
LOHO_height,height_1mm,fold,L-B2,3,782,0,obs_1mm/rank2,0.03876506316041303,"{""BBOX_EXTRAPOLATION"": 3, ""HULL_EXTRAPOLATION"": 0, ""IN_DOMAIN"": 0}",-0.005084967385491399,0.020758408054783958,0.024405221648069044,0.03626092238144381,0.03876506316041303,BBOX_EXTRAPOLATION,strict_dev_only_replay
LOHO_height,height_1mm,fold,L0-B2,2,432,0,obs_1mm/rank4,0.05240625590403862,"{""BBOX_EXTRAPOLATION"": 0, ""HULL_EXTRAPOLATION"": 2, ""IN_DOMAIN"": 0}",-0.04221291602123613,0.04221291602123613,0.043426195515866524,0.051386921915758374,0.05240625590403862,HULL_EXTRAPOLATION,anchored_l0_replay
LOHO_height,height_1mm,fold,L0-B2,3,782,0,obs_1mm/rank2,0.03657289443971046,"{""BBOX_EXTRAPOLATION"": 3, ""HULL_EXTRAPOLATION"": 0, ""IN_DOMAIN"": 0}",-0.00282268033589513,0.021559249290578508,0.024084315875163492,0.034516357419117225,0.03657289443971046,BBOX_EXTRAPOLATION,anchored_l0_replay
LOHO_height,height_2mm,fold,RAW,4,831,0,obs_2mm/rank3,0.05770591264596331,"{""BBOX_EXTRAPOLATION"": 0, ""HULL_EXTRAPOLATION"": 0, ""IN_DOMAIN"": 4}",-0.026795326786539682,0.029297225196013018,0.03501503022265001,0.05399246303366101,0.05770591264596331,IN_DOMAIN,strict_dev_only_replay
LOHO_height,height_2mm,fold,H-B2,4,831,0,obs_2mm/rank1,0.030453968512158702,"{""BBOX_EXTRAPOLATION"": 0, ""HULL_EXTRAPOLATION"": 0, ""IN_DOMAIN"": 4}",0.000521185953118888,0.01864630013449746,0.021871588986177797,0.030337356823266697,0.030453968512158702,IN_DOMAIN,strict_dev_only_replay
LOHO_height,height_2mm,fold,L-B2,4,831,0,obs_2mm/rank3,0.05642879033355797,"{""BBOX_EXTRAPOLATION"": 0, ""HULL_EXTRAPOLATION"": 0, ""IN_DOMAIN"": 4}",-0.025557486665284804,0.02860939648526183,0.034046207485682246,0.052732301029617026,0.05642879033355797,IN_DOMAIN,strict_dev_only_replay
LOHO_height,height_2mm,fold,L0-B2,4,831,0,obs_2mm/rank3,0.05208063106214395,"{""BBOX_EXTRAPOLATION"": 0, ""HULL_EXTRAPOLATION"": 0, ""IN_DOMAIN"": 4}",-0.021098024844075608,0.026472224097339715,0.030907683583996867,0.04836064608337603,0.05208063106214395,IN_DOMAIN,anchored_l0_replay
LOHO_height,height_6mm,fold,RAW,4,927,0,obs_6mm/rank2,0.0349248221842145,"{""BBOX_EXTRAPOLATION"": 0, ""HULL_EXTRAPOLATION"": 0, ""IN_DOMAIN"": 4}",-0.011474710565158003,0.013925977741394535,0.018552163269958878,0.031155866849553546,0.0349248221842145,IN_DOMAIN,strict_dev_only_replay
LOHO_height,height_6mm,fold,RAW,1,238,0,obs_6mm/rank5,0.0643467836732709,"{""BBOX_EXTRAPOLATION"": 1, ""HULL_EXTRAPOLATION"": 0, ""IN_DOMAIN"": 0}",-0.0643467836732709,0.0643467836732709,0.0643467836732709,0.0643467836732709,0.0643467836732709,BBOX_EXTRAPOLATION,strict_dev_only_replay
LOHO_height,height_6mm,fold,H-B2,4,927,0,obs_6mm/rank4,0.0471450930567327,"{""BBOX_EXTRAPOLATION"": 0, ""HULL_EXTRAPOLATION"": 0, ""IN_DOMAIN"": 4}",0.028830036998392067,0.028830036998392067,0.03259828784157538,0.04494606796922174,0.0471450930567327,IN_DOMAIN,strict_dev_only_replay
LOHO_height,height_6mm,fold,H-B2,1,238,0,obs_6mm/rank5,0.021579846501053723,"{""BBOX_EXTRAPOLATION"": 1, ""HULL_EXTRAPOLATION"": 0, ""IN_DOMAIN"": 0}",-0.021579846501053723,0.021579846501053723,0.021579846501053723,0.021579846501053723,0.021579846501053723,BBOX_EXTRAPOLATION,strict_dev_only_replay
LOHO_height,height_6mm,fold,L-B2,4,927,0,obs_6mm/rank2,0.0312510213649579,"{""BBOX_EXTRAPOLATION"": 0, ""HULL_EXTRAPOLATION"": 0, ""IN_DOMAIN"": 4}",-0.0076424415728996815,0.0122372765896108,0.01660288673104158,0.027941818665227543,0.0312510213649579,IN_DOMAIN,strict_dev_only_replay
LOHO_height,height_6mm,fold,L-B2,1,238,0,obs_6mm/rank5,0.06001770993173545,"{""BBOX_EXTRAPOLATION"": 1, ""HULL_EXTRAPOLATION"": 0, ""IN_DOMAIN"": 0}",-0.06001770993173545,0.06001770993173545,0.06001770993173545,0.06001770993173545,0.06001770993173545,BBOX_EXTRAPOLATION,strict_dev_only_replay
LOHO_height,height_6mm,fold,L0-B2,4,927,0,obs_6mm/rank4,0.02233745651746137,"{""BBOX_EXTRAPOLATION"": 0, ""HULL_EXTRAPOLATION"": 0, ""IN_DOMAIN"": 4}",0.005858867937592461,0.014690748396532172,0.015761093456970906,0.021636402177524078,0.02233745651746137,IN_DOMAIN,anchored_l0_replay
LOHO_height,height_6mm,fold,L0-B2,1,238,0,obs_6mm/rank5,0.04709526747637801,"{""BBOX_EXTRAPOLATION"": 1, ""HULL_EXTRAPOLATION"": 0, ""IN_DOMAIN"": 0}",-0.04709526747637801,0.04709526747637801,0.04709526747637801,0.04709526747637801,0.04709526747637801,BBOX_EXTRAPOLATION,anchored_l0_replay
LOHO_height,height_10mm,fold,RAW,5,1043,0,obs_10mm/rank5,0.0839443228993728,"{""BBOX_EXTRAPOLATION"": 0, ""HULL_EXTRAPOLATION"": 0, ""IN_DOMAIN"": 5}",-0.0479135005940128,0.0479135005940128,0.05177724064080717,0.07674346671416879,0.0839443228993728,IN_DOMAIN,strict_dev_only_replay
LOHO_height,height_10mm,fold,H-B2,5,1043,0,obs_10mm/rank5,0.03668358368376467,"{""BBOX_EXTRAPOLATION"": 0, ""HULL_EXTRAPOLATION"": 0, ""IN_DOMAIN"": 5}",-0.002567196317412197,0.013776695954081247,0.018803083434923182,0.032769957586025966,0.03668358368376467,IN_DOMAIN,strict_dev_only_replay
LOHO_height,height_10mm,fold,L-B2,5,1043,0,obs_10mm/rank5,0.076767143850112,"{""BBOX_EXTRAPOLATION"": 0, ""HULL_EXTRAPOLATION"": 0, ""IN_DOMAIN"": 5}",-0.04134235297885136,0.04134235297885136,0.045629378324031925,0.06962690129086925,0.076767143850112,IN_DOMAIN,strict_dev_only_replay
LOHO_height,height_10mm,fold,L0-B2,5,1043,0,obs_10mm/rank5,0.05540967879330237,"{""BBOX_EXTRAPOLATION"": 0, ""HULL_EXTRAPOLATION"": 0, ""IN_DOMAIN"": 5}",-0.019340320622641377,0.019340320622641377,0.027568715083471716,0.048193292635802736,0.05540967879330237,IN_DOMAIN,anchored_l0_replay
LOHO_height,height_20mm,fold,RAW,5,1202,0,obs_20mm/rank5,0.13118128734168816,"{""BBOX_EXTRAPOLATION"": 0, ""HULL_EXTRAPOLATION"": 0, ""IN_DOMAIN"": 5}",-0.08810818781113242,0.08810818781113242,0.09241820879733127,0.12593908092946995,0.13118128734168816,IN_DOMAIN,strict_dev_only_replay
LOHO_height,height_20mm,fold,H-B2,5,1202,0,obs_20mm/rank5,0.06380834431989069,"{""BBOX_EXTRAPOLATION"": 0, ""HULL_EXTRAPOLATION"": 0, ""IN_DOMAIN"": 5}",-0.022612944893456194,0.028139121876751116,0.03479211582489515,0.058679639923032795,0.06380834431989069,IN_DOMAIN,strict_dev_only_replay
LOHO_height,height_20mm,fold,L-B2,5,1202,0,obs_20mm/rank5,0.11371275971171599,"{""BBOX_EXTRAPOLATION"": 0, ""HULL_EXTRAPOLATION"": 0, ""IN_DOMAIN"": 5}",-0.0717214137598317,0.0717214137598317,0.07662578076414994,0.10847077443044821,0.11371275971171599,IN_DOMAIN,strict_dev_only_replay
LOHO_height,height_20mm,fold,L0-B2,5,1202,0,obs_20mm/rank5,0.07544607020850767,"{""BBOX_EXTRAPOLATION"": 0, ""HULL_EXTRAPOLATION"": 0, ""IN_DOMAIN"": 5}",-0.032336126980535826,0.03497949127384585,0.04271439534769207,0.07019372596422638,0.07544607020850767,IN_DOMAIN,anchored_l0_replay
LOHO_height,height_30mm,fold,RAW,4,1057,0,obs_30mm/rank2,0.12331873611946821,"{""BBOX_EXTRAPOLATION"": 0, ""HULL_EXTRAPOLATION"": 0, ""IN_DOMAIN"": 4}",-0.09739430505705254,0.09739430505705254,0.09866297471805147,0.11934928355295417,0.12331873611946821,IN_DOMAIN,strict_dev_only_replay
LOHO_height,height_30mm,fold,RAW,1,290,0,obs_30mm/rank5,0.16927470859732058,"{""BBOX_EXTRAPOLATION"": 0, ""HULL_EXTRAPOLATION"": 1, ""IN_DOMAIN"": 0}",-0.16927470859732058,0.16927470859732058,0.16927470859732058,0.16927470859732058,0.16927470859732058,HULL_EXTRAPOLATION,strict_dev_only_replay
LOHO_height,height_30mm,fold,H-B2,4,1057,0,obs_30mm/rank2,0.037956175440495274,"{""BBOX_EXTRAPOLATION"": 0, ""HULL_EXTRAPOLATION"": 0, ""IN_DOMAIN"": 4}",-0.011349613161053878,0.013999063143006215,0.02010626908461122,0.03417392569956471,0.037956175440495274,IN_DOMAIN,strict_dev_only_replay
LOHO_height,height_30mm,fold,H-B2,1,290,0,obs_30mm/rank5,0.0810736650686106,"{""BBOX_EXTRAPOLATION"": 0, ""HULL_EXTRAPOLATION"": 1, ""IN_DOMAIN"": 0}",-0.0810736650686106,0.0810736650686106,0.0810736650686106,0.0810736650686106,0.0810736650686106,HULL_EXTRAPOLATION,strict_dev_only_replay
LOHO_height,height_30mm,fold,L-B2,4,1057,0,obs_30mm/rank2,0.10384773281709091,"{""BBOX_EXTRAPOLATION"": 0, ""HULL_EXTRAPOLATION"": 0, ""IN_DOMAIN"": 4}",-0.07699554976091684,0.07699554976091684,0.07879865554025811,0.1000374277692251,0.10384773281709091,IN_DOMAIN,strict_dev_only_replay
LOHO_height,height_30mm,fold,L-B2,1,290,0,obs_30mm/rank5,0.1465727795055956,"{""BBOX_EXTRAPOLATION"": 0, ""HULL_EXTRAPOLATION"": 1, ""IN_DOMAIN"": 0}",-0.1465727795055956,0.1465727795055956,0.1465727795055956,0.1465727795055956,0.1465727795055956,HULL_EXTRAPOLATION,strict_dev_only_replay
LOHO_height,height_30mm,fold,L0-B2,4,1057,0,obs_30mm/rank2,0.0407488989367627,"{""BBOX_EXTRAPOLATION"": 0, ""HULL_EXTRAPOLATION"": 0, ""IN_DOMAIN"": 4}",-0.014690998519590407,0.014690998519590407,0.021626786194065085,0.03677377939761917,0.0407488989367627,IN_DOMAIN,anchored_l0_replay
LOHO_height,height_30mm,fold,L0-B2,1,290,0,obs_30mm/rank5,0.08664569027658676,"{""BBOX_EXTRAPOLATION"": 0, ""HULL_EXTRAPOLATION"": 1, ""IN_DOMAIN"": 0}",-0.08664569027658676,0.08664569027658676,0.08664569027658676,0.08664569027658676,0.08664569027658676,HULL_EXTRAPOLATION,anchored_l0_replay
LOHO_height,height_36mm,fold,RAW,5,1461,0,obs_36mm/rank5,0.1454844161135448,"{""BBOX_EXTRAPOLATION"": 0, ""HULL_EXTRAPOLATION"": 0, ""IN_DOMAIN"": 5}",-0.10377364083414298,0.10377364083414298,0.10854775609454426,0.14050272375255016,0.1454844161135448,IN_DOMAIN,strict_dev_only_replay
LOHO_height,height_36mm,fold,H-B2,5,1461,0,obs_36mm/rank3,0.042940564330920646,"{""BBOX_EXTRAPOLATION"": 0, ""HULL_EXTRAPOLATION"": 0, ""IN_DOMAIN"": 5}",-0.0010678262447386135,0.028925021043999476,0.031009527605494813,0.04248558322239698,0.042940564330920646,IN_DOMAIN,strict_dev_only_replay
LOHO_height,height_36mm,fold,L-B2,5,1461,0,obs_36mm/rank5,0.11271976961469131,"{""BBOX_EXTRAPOLATION"": 0, ""HULL_EXTRAPOLATION"": 0, ""IN_DOMAIN"": 5}",-0.07306354660095674,0.07306354660095674,0.07939236797482759,0.10851408821412845,0.11271976961469131,IN_DOMAIN,strict_dev_only_replay
LOHO_height,height_36mm,fold,L0-B2,5,1461,0,obs_36mm/rank3,0.04448540791838273,"{""BBOX_EXTRAPOLATION"": 0, ""HULL_EXTRAPOLATION"": 0, ""IN_DOMAIN"": 5}",0.00046580018661692704,0.02944855369571312,0.03189903687686984,0.04384032101320287,0.04448540791838273,IN_DOMAIN,anchored_l0_replay
LOHO_height,height_40mm,fold,RAW,5,1438,0,obs_40mm/rank5,0.13744884683507497,"{""BBOX_EXTRAPOLATION"": 0, ""HULL_EXTRAPOLATION"": 0, ""IN_DOMAIN"": 5}",-0.09308863333452544,0.09308863333452544,0.09597307095993365,0.12812181248393867,0.13744884683507497,IN_DOMAIN,strict_dev_only_replay
LOHO_height,height_40mm,fold,H-B2,5,1438,0,obs_40mm/rank4,0.04496576550399204,"{""BBOX_EXTRAPOLATION"": 0, ""HULL_EXTRAPOLATION"": 0, ""IN_DOMAIN"": 5}",0.024877603471109785,0.03165438801730943,0.03356671888170135,0.044866693082049394,0.04496576550399204,IN_DOMAIN,strict_dev_only_replay
LOHO_height,height_40mm,fold,L-B2,5,1438,0,obs_40mm/rank5,0.09877456710832185,"{""BBOX_EXTRAPOLATION"": 0, ""HULL_EXTRAPOLATION"": 0, ""IN_DOMAIN"": 5}",-0.05679166545306371,0.05679166545306371,0.061118722075632,0.09021414224203367,0.09877456710832185,IN_DOMAIN,strict_dev_only_replay
LOHO_height,height_40mm,fold,L0-B2,5,1438,0,obs_40mm/rank3,0.049862098057589926,"{""BBOX_EXTRAPOLATION"": 0, ""HULL_EXTRAPOLATION"": 0, ""IN_DOMAIN"": 5}",0.03013298289278259,0.03588708018274768,0.0381836652953175,0.049717377224008805,0.049862098057589926,IN_DOMAIN,anchored_l0_replay
LOHO_height,height_46mm,fold,RAW,5,1459,0,obs_46mm/rank2,0.13567246909563102,"{""BBOX_EXTRAPOLATION"": 5, ""HULL_EXTRAPOLATION"": 0, ""IN_DOMAIN"": 0}",-0.11794917672937695,0.11794917672937695,0.11861054322694017,0.13433631238613658,0.13567246909563102,BBOX_EXTRAPOLATION,strict_dev_only_replay
LOHO_height,height_46mm,fold,H-B2,5,1459,0,obs_46mm/rank3,0.025798968151729083,"{""BBOX_EXTRAPOLATION"": 5, ""HULL_EXTRAPOLATION"": 0, ""IN_DOMAIN"": 0}",0.01157762898601116,0.015430430479265369,0.018097718027875274,0.02564953592073837,0.025798968151729083,BBOX_EXTRAPOLATION,strict_dev_only_replay
LOHO_height,height_46mm,fold,L-B2,5,0,0,,,"{""BBOX_EXTRAPOLATION"": 5, ""HULL_EXTRAPOLATION"": 0, ""IN_DOMAIN"": 0}",,,,,,BBOX_EXTRAPOLATION,strict_dev_only_replay
LOHO_height,height_46mm,fold,L0-B2,5,1459,0,obs_46mm/rank3,0.03662661399126627,"{""BBOX_EXTRAPOLATION"": 5, ""HULL_EXTRAPOLATION"": 0, ""IN_DOMAIN"": 0}",0.022638480013390288,0.022638480013390288,0.02593216416738093,0.03626382725766004,0.03662661399126627,BBOX_EXTRAPOLATION,anchored_l0_replay
LOPO_position_rank,rank_1,fold,RAW,9,2321,0,obs_46mm/rank1,0.1289916855481588,"{""BBOX_EXTRAPOLATION"": 9, ""HULL_EXTRAPOLATION"": 0, ""IN_DOMAIN"": 0}",-0.05135215331133935,0.05451535607278692,0.06918287709850328,0.11613729893264511,0.1289916855481588,BBOX_EXTRAPOLATION,strict_dev_only_replay
LOPO_position_rank,rank_1,fold,H-B2,9,2321,0,obs_1mm/rank1,0.04025567682558468,"{""BBOX_EXTRAPOLATION"": 9, ""HULL_EXTRAPOLATION"": 0, ""IN_DOMAIN"": 0}",0.02136182144926365,0.023897546559861555,0.026831178045852732,0.039398282901640436,0.04025567682558468,BBOX_EXTRAPOLATION,strict_dev_only_replay
LOPO_position_rank,rank_1,fold,L-B2,9,2321,0,obs_46mm/rank1,0.09852396514018262,"{""BBOX_EXTRAPOLATION"": 9, ""HULL_EXTRAPOLATION"": 0, ""IN_DOMAIN"": 0}",-0.03740230439475394,0.04097472925248622,0.051882852844028604,0.09007921825703272,0.09852396514018262,BBOX_EXTRAPOLATION,strict_dev_only_replay
LOPO_position_rank,rank_1,fold,L0-B2,9,2321,0,obs_36mm/rank1,0.03335368513447283,"{""BBOX_EXTRAPOLATION"": 9, ""HULL_EXTRAPOLATION"": 0, ""IN_DOMAIN"": 0}",0.011843750337871155,0.014011355573323078,0.01711603527672985,0.03190467629215065,0.03335368513447283,BBOX_EXTRAPOLATION,anchored_l0_replay
LOPO_position_rank,rank_2,fold,RAW,8,2129,0,obs_46mm/rank2,0.13567246909563102,"{""BBOX_EXTRAPOLATION"": 0, ""HULL_EXTRAPOLATION"": 0, ""IN_DOMAIN"": 8}",-0.08320634361003665,0.08320634361003665,0.0917671984264569,0.13134866255397404,0.13567246909563102,IN_DOMAIN,strict_dev_only_replay
LOPO_position_rank,rank_2,fold,RAW,1,196,0,obs_1mm/rank2,0.03935235047589003,"{""BBOX_EXTRAPOLATION"": 0, ""HULL_EXTRAPOLATION"": 1, ""IN_DOMAIN"": 0}",-0.03935235047589003,0.03935235047589003,0.03935235047589003,0.03935235047589003,0.03935235047589003,HULL_EXTRAPOLATION,strict_dev_only_replay
LOPO_position_rank,rank_2,fold,H-B2,8,2129,0,obs_30mm/rank2,0.03666785391509056,"{""BBOX_EXTRAPOLATION"": 0, ""HULL_EXTRAPOLATION"": 0, ""IN_DOMAIN"": 8}",-0.010889322535299709,0.015125117217735741,0.018209267989534515,0.031276010014927406,0.03666785391509056,IN_DOMAIN,strict_dev_only_replay
LOPO_position_rank,rank_2,fold,H-B2,1,196,0,obs_1mm/rank2,0.01761528649046915,"{""BBOX_EXTRAPOLATION"": 0, ""HULL_EXTRAPOLATION"": 1, ""IN_DOMAIN"": 0}",-0.01761528649046915,0.01761528649046915,0.01761528649046915,0.01761528649046915,0.01761528649046915,HULL_EXTRAPOLATION,strict_dev_only_replay
LOPO_position_rank,rank_2,fold,L-B2,8,2129,0,obs_46mm/rank2,0.12153176590663733,"{""BBOX_EXTRAPOLATION"": 0, ""HULL_EXTRAPOLATION"": 0, ""IN_DOMAIN"": 8}",-0.07608364224828151,0.07608364224828151,0.08347520350547709,0.1189554302999377,0.12153176590663733,IN_DOMAIN,strict_dev_only_replay
LOPO_position_rank,rank_2,fold,L-B2,1,196,0,obs_1mm/rank2,0.03907165405028528,"{""BBOX_EXTRAPOLATION"": 0, ""HULL_EXTRAPOLATION"": 1, ""IN_DOMAIN"": 0}",-0.03907165405028528,0.03907165405028528,0.03907165405028528,0.03907165405028528,0.03907165405028528,HULL_EXTRAPOLATION,strict_dev_only_replay
LOPO_position_rank,rank_2,fold,L0-B2,8,2129,0,obs_30mm/rank2,0.03862006047255232,"{""BBOX_EXTRAPOLATION"": 0, ""HULL_EXTRAPOLATION"": 0, ""IN_DOMAIN"": 8}",-0.016128234210022713,0.021706203343254026,0.023396611566384694,0.03469167966276537,0.03862006047255232,IN_DOMAIN,anchored_l0_replay
LOPO_position_rank,rank_2,fold,L0-B2,1,196,0,obs_1mm/rank2,0.036631723872847445,"{""BBOX_EXTRAPOLATION"": 0, ""HULL_EXTRAPOLATION"": 1, ""IN_DOMAIN"": 0}",-0.036631723872847445,0.036631723872847445,0.036631723872847445,0.036631723872847445,0.036631723872847445,HULL_EXTRAPOLATION,anchored_l0_replay
LOPO_position_rank,rank_3,fold,RAW,8,1911,0,obs_30mm/rank3,0.08428851073073206,"{""BBOX_EXTRAPOLATION"": 0, ""HULL_EXTRAPOLATION"": 0, ""IN_DOMAIN"": 8}",-0.046960270279459926,0.0502256830655119,0.057140119933740616,0.08101940679585633,0.08428851073073206,IN_DOMAIN,strict_dev_only_replay
LOPO_position_rank,rank_3,fold,RAW,1,305,0,obs_46mm/rank3,0.10401412147723794,"{""BBOX_EXTRAPOLATION"": 0, ""HULL_EXTRAPOLATION"": 1, ""IN_DOMAIN"": 0}",-0.10401412147723794,0.10401412147723794,0.10401412147723794,0.10401412147723794,0.10401412147723794,HULL_EXTRAPOLATION,strict_dev_only_replay
LOPO_position_rank,rank_3,fold,H-B2,8,1911,0,obs_36mm/rank3,0.04930177051699252,"{""BBOX_EXTRAPOLATION"": 0, ""HULL_EXTRAPOLATION"": 0, ""IN_DOMAIN"": 8}",0.020778332633881548,0.028235460182164676,0.03210852365141928,0.04768467371017324,0.04930177051699252,IN_DOMAIN,strict_dev_only_replay
LOPO_position_rank,rank_3,fold,H-B2,1,305,0,obs_46mm/rank3,0.028673471744726387,"{""BBOX_EXTRAPOLATION"": 0, ""HULL_EXTRAPOLATION"": 1, ""IN_DOMAIN"": 0}",0.028673471744726387,0.028673471744726387,0.028673471744726387,0.028673471744726387,0.028673471744726387,HULL_EXTRAPOLATION,strict_dev_only_replay
LOPO_position_rank,rank_3,fold,L-B2,8,1911,0,obs_30mm/rank3,0.06193900262378466,"{""BBOX_EXTRAPOLATION"": 0, ""HULL_EXTRAPOLATION"": 0, ""IN_DOMAIN"": 8}",-0.033909438720679724,0.0373532812042291,0.04263807827223509,0.06136417497825519,0.06193900262378466,IN_DOMAIN,strict_dev_only_replay
LOPO_position_rank,rank_3,fold,L-B2,1,305,0,obs_46mm/rank3,0.07031591591845966,"{""BBOX_EXTRAPOLATION"": 0, ""HULL_EXTRAPOLATION"": 1, ""IN_DOMAIN"": 0}",-0.07031591591845966,0.07031591591845966,0.07031591591845966,0.07031591591845966,0.07031591591845966,HULL_EXTRAPOLATION,strict_dev_only_replay
LOPO_position_rank,rank_3,fold,L0-B2,8,1911,0,obs_2mm/rank3,0.051743064891392465,"{""BBOX_EXTRAPOLATION"": 0, ""HULL_EXTRAPOLATION"": 0, ""IN_DOMAIN"": 8}",0.008546283511532929,0.024921842100191664,0.032056570071166864,0.05129055773941091,0.051743064891392465,IN_DOMAIN,anchored_l0_replay
LOPO_position_rank,rank_3,fold,L0-B2,1,305,0,obs_46mm/rank3,0.03692963601402143,"{""BBOX_EXTRAPOLATION"": 0, ""HULL_EXTRAPOLATION"": 1, ""IN_DOMAIN"": 0}",0.03692963601402143,0.03692963601402143,0.03692963601402143,0.03692963601402143,0.03692963601402143,HULL_EXTRAPOLATION,anchored_l0_replay
LOPO_position_rank,rank_4,fold,RAW,9,2221,0,obs_36mm/rank4,0.11896859712659688,"{""BBOX_EXTRAPOLATION"": 0, ""HULL_EXTRAPOLATION"": 0, ""IN_DOMAIN"": 9}",-0.0676658747169308,0.06875532679525813,0.07816331453338739,0.11376055881228554,0.11896859712659688,IN_DOMAIN,strict_dev_only_replay
LOPO_position_rank,rank_4,fold,H-B2,9,2221,0,obs_6mm/rank4,0.042678187091596965,"{""BBOX_EXTRAPOLATION"": 0, ""HULL_EXTRAPOLATION"": 0, ""IN_DOMAIN"": 9}",0.005107724537915848,0.02233049456796142,0.026814905963443755,0.042184236963331144,0.042678187091596965,IN_DOMAIN,strict_dev_only_replay
LOPO_position_rank,rank_4,fold,L-B2,9,2221,0,obs_36mm/rank4,0.10415582582386677,"{""BBOX_EXTRAPOLATION"": 0, ""HULL_EXTRAPOLATION"": 0, ""IN_DOMAIN"": 9}",-0.05878864404893907,0.06042414673937783,0.06797941624398683,0.10114065262549025,0.10415582582386677,IN_DOMAIN,strict_dev_only_replay
LOPO_position_rank,rank_4,fold,L0-B2,9,2221,0,obs_1mm/rank4,0.05235299765058384,"{""BBOX_EXTRAPOLATION"": 0, ""HULL_EXTRAPOLATION"": 0, ""IN_DOMAIN"": 9}",-0.005092058869760692,0.027241775184896663,0.03154068556330812,0.04986101658536614,0.05235299765058384,IN_DOMAIN,anchored_l0_replay
LOPO_position_rank,rank_5,fold,RAW,8,2077,0,obs_30mm/rank5,0.16927470859732058,"{""BBOX_EXTRAPOLATION"": 8, ""HULL_EXTRAPOLATION"": 0, ""IN_DOMAIN"": 0}",-0.11020823137125633,0.11020823137125633,0.11809719983963898,0.16094810622799904,0.16927470859732058,BBOX_EXTRAPOLATION,strict_dev_only_replay
LOPO_position_rank,rank_5,fold,H-B2,8,2077,0,obs_30mm/rank5,0.08524847162299473,"{""BBOX_EXTRAPOLATION"": 8, ""HULL_EXTRAPOLATION"": 0, ""IN_DOMAIN"": 0}",-0.0398756044674015,0.04065184641086554,0.04792596831959293,0.07936536440323058,0.08524847162299473,BBOX_EXTRAPOLATION,strict_dev_only_replay
LOPO_position_rank,rank_5,fold,L-B2,8,2077,0,obs_30mm/rank5,0.1692747085974008,"{""BBOX_EXTRAPOLATION"": 8, ""HULL_EXTRAPOLATION"": 0, ""IN_DOMAIN"": 0}",-0.11020823137124437,0.11020823137124437,0.11809719983964463,0.16094810622804906,0.1692747085974008,BBOX_EXTRAPOLATION,strict_dev_only_replay
LOPO_position_rank,rank_5,fold,L0-B2,8,2077,0,obs_30mm/rank5,0.08994452010126268,"{""BBOX_EXTRAPOLATION"": 8, ""HULL_EXTRAPOLATION"": 0, ""IN_DOMAIN"": 0}",-0.04770176275269755,0.04942035323416058,0.055345157623873764,0.08588346423673365,0.08994452010126268,BBOX_EXTRAPOLATION,anchored_l0_replay
LOBO_height_band,low_1_2_6_10,fold,RAW,19,4253,0,obs_10mm/rank5,0.0839443228993728,"{""BBOX_EXTRAPOLATION"": 19, ""HULL_EXTRAPOLATION"": 0, ""IN_DOMAIN"": 0}",-0.029688282311692772,0.0330776084088712,0.039661847454794744,0.06630653759588105,0.0839443228993728,BBOX_EXTRAPOLATION,strict_dev_only_replay
LOBO_height_band,low_1_2_6_10,fold,H-B2,19,4253,0,obs_1mm/rank3,0.08736085747303536,"{""BBOX_EXTRAPOLATION"": 19, ""HULL_EXTRAPOLATION"": 0, ""IN_DOMAIN"": 0}",0.048006931315763765,0.04811389931747318,0.05417657025423319,0.084507727737231,0.08736085747303536,BBOX_EXTRAPOLATION,strict_dev_only_replay
LOBO_height_band,low_1_2_6_10,fold,L-B2,19,4253,0,obs_10mm/rank5,0.07681008061013334,"{""BBOX_EXTRAPOLATION"": 19, ""HULL_EXTRAPOLATION"": 0, ""IN_DOMAIN"": 0}",-0.026515693236875817,0.030595461104890607,0.03677628256340369,0.06175676465611317,0.07681008061013334,BBOX_EXTRAPOLATION,strict_dev_only_replay
LOBO_height_band,low_1_2_6_10,fold,L0-B2,19,4253,0,obs_10mm/rank5,0.05553383571811825,"{""BBOX_EXTRAPOLATION"": 19, ""HULL_EXTRAPOLATION"": 0, ""IN_DOMAIN"": 0}",-0.015784023653284563,0.024111767630555205,0.0293786781183063,0.05275292788783025,0.05553383571811825,BBOX_EXTRAPOLATION,anchored_l0_replay
LOBO_height_band,mid_20_30,fold,RAW,9,2259,0,obs_20mm/rank5,0.13118128734168816,"{""BBOX_EXTRAPOLATION"": 0, ""HULL_EXTRAPOLATION"": 0, ""IN_DOMAIN"": 9}",-0.09223535103154137,0.09223535103154137,0.09524422228460606,0.12803626685280017,0.13118128734168816,IN_DOMAIN,strict_dev_only_replay
LOBO_height_band,mid_20_30,fold,RAW,1,290,0,obs_30mm/rank5,0.16927470859732058,"{""BBOX_EXTRAPOLATION"": 0, ""HULL_EXTRAPOLATION"": 1, ""IN_DOMAIN"": 0}",-0.16927470859732058,0.16927470859732058,0.16927470859732058,0.16927470859732058,0.16927470859732058,HULL_EXTRAPOLATION,strict_dev_only_replay
LOBO_height_band,mid_20_30,fold,H-B2,9,2259,0,obs_20mm/rank5,0.06740037174125076,"{""BBOX_EXTRAPOLATION"": 0, ""HULL_EXTRAPOLATION"": 0, ""IN_DOMAIN"": 9}",-0.021054674001562343,0.02337253062547649,0.031434797982375196,0.05713225438641996,0.06740037174125076,IN_DOMAIN,strict_dev_only_replay
LOBO_height_band,mid_20_30,fold,H-B2,1,290,0,obs_30mm/rank5,0.08445478429308424,"{""BBOX_EXTRAPOLATION"": 0, ""HULL_EXTRAPOLATION"": 1, ""IN_DOMAIN"": 0}",-0.08445478429308424,0.08445478429308424,0.08445478429308424,0.08445478429308424,0.08445478429308424,HULL_EXTRAPOLATION,strict_dev_only_replay
LOBO_height_band,mid_20_30,fold,L-B2,9,2259,0,obs_20mm/rank5,0.10905811606670908,"{""BBOX_EXTRAPOLATION"": 0, ""HULL_EXTRAPOLATION"": 0, ""IN_DOMAIN"": 9}",-0.0664986208801916,0.0664986208801916,0.07037667835616257,0.10252478383389178,0.10905811606670908,IN_DOMAIN,strict_dev_only_replay
LOBO_height_band,mid_20_30,fold,L-B2,1,290,0,obs_30mm/rank5,0.13533919475286077,"{""BBOX_EXTRAPOLATION"": 0, ""HULL_EXTRAPOLATION"": 1, ""IN_DOMAIN"": 0}",-0.13533919475286077,0.13533919475286077,0.13533919475286077,0.13533919475286077,0.13533919475286077,HULL_EXTRAPOLATION,strict_dev_only_replay
LOBO_height_band,mid_20_30,fold,L0-B2,9,2259,0,obs_20mm/rank5,0.07869554653065898,"{""BBOX_EXTRAPOLATION"": 0, ""HULL_EXTRAPOLATION"": 0, ""IN_DOMAIN"": 9}",-0.028004216496275887,0.028750079445978953,0.037425965584629205,0.06819204151654416,0.07869554653065898,IN_DOMAIN,anchored_l0_replay
LOBO_height_band,mid_20_30,fold,L0-B2,1,290,0,obs_30mm/rank5,0.09047605757842199,"{""BBOX_EXTRAPOLATION"": 0, ""HULL_EXTRAPOLATION"": 1, ""IN_DOMAIN"": 0}",-0.09047605757842199,0.09047605757842199,0.09047605757842199,0.09047605757842199,0.09047605757842199,HULL_EXTRAPOLATION,anchored_l0_replay
LOBO_height_band,high_36_40_46,fold,RAW,15,4358,0,obs_36mm/rank5,0.1454844161135448,"{""BBOX_EXTRAPOLATION"": 15, ""HULL_EXTRAPOLATION"": 0, ""IN_DOMAIN"": 0}",-0.10493715029934846,0.10493715029934846,0.10810782683233588,0.1398595176186159,0.1454844161135448,BBOX_EXTRAPOLATION,strict_dev_only_replay
LOBO_height_band,high_36_40_46,fold,H-B2,15,4358,0,obs_40mm/rank4,0.07545193622680989,"{""BBOX_EXTRAPOLATION"": 15, ""HULL_EXTRAPOLATION"": 0, ""IN_DOMAIN"": 0}",0.04546974786205313,0.0464627148281763,0.052169054259864386,0.07521909559167128,0.07545193622680989,BBOX_EXTRAPOLATION,strict_dev_only_replay
LOBO_height_band,high_36_40_46,fold,L-B2,15,1144,0,obs_36mm/rank2,0.1051362752707888,"{""BBOX_EXTRAPOLATION"": 15, ""HULL_EXTRAPOLATION"": 0, ""IN_DOMAIN"": 0}",-0.07618251121017004,0.07618251121017004,0.0807179796471021,0.10422239142170603,0.1051362752707888,BBOX_EXTRAPOLATION,strict_dev_only_replay
LOBO_height_band,high_36_40_46,fold,L0-B2,15,4358,0,obs_40mm/rank3,0.08752802843410347,"{""BBOX_EXTRAPOLATION"": 15, ""HULL_EXTRAPOLATION"": 0, ""IN_DOMAIN"": 0}",0.058635276602695595,0.058736924101267615,0.06457467844729638,0.08704592281642844,0.08752802843410347,BBOX_EXTRAPOLATION,anchored_l0_replay
strict_50mm_validation,height_50mm_strict_heldout,fold,RAW,5,1100,0,obs_50mm/rank2,0.13318927912833858,"{""BBOX_EXTRAPOLATION"": 5, ""HULL_EXTRAPOLATION"": 0, ""IN_DOMAIN"": 0}",-0.10422555957980677,0.10422555957980677,0.10736598677340962,0.13149792233122945,0.13318927912833858,BBOX_EXTRAPOLATION,strict_dev_only_replay
strict_50mm_validation,height_50mm_strict_heldout,fold,H-B2,5,1100,0,obs_50mm/rank3,0.07155704894328102,"{""BBOX_EXTRAPOLATION"": 5, ""HULL_EXTRAPOLATION"": 0, ""IN_DOMAIN"": 0}",0.02967452246394478,0.030026764346430042,0.039136394799891845,0.06590981811846688,0.07155704894328102,BBOX_EXTRAPOLATION,strict_dev_only_replay
strict_50mm_validation,height_50mm_strict_heldout,fold,L-B2,5,0,0,,,"{""BBOX_EXTRAPOLATION"": 5, ""HULL_EXTRAPOLATION"": 0, ""IN_DOMAIN"": 0}",,,,,,BBOX_EXTRAPOLATION,strict_dev_only_replay
strict_50mm_validation,height_50mm_strict_heldout,fold,L0-B2,5,1100,0,obs_50mm/rank3,0.0825845447484502,"{""BBOX_EXTRAPOLATION"": 5, ""HULL_EXTRAPOLATION"": 0, ""IN_DOMAIN"": 0}",0.04059033669022999,0.04059033669022999,0.04811097744320477,0.07728580956440641,0.0825845447484502,BBOX_EXTRAPOLATION,anchored_l0_replay
LOBO_height_band,ALL_FOLDS,pooled_condition_means,RAW,9,2259,0,obs_20mm/rank5,0.13118128734168816,"{""BBOX_EXTRAPOLATION"": 0, ""HULL_EXTRAPOLATION"": 0, ""IN_DOMAIN"": 9}",-0.09223535103154137,0.09223535103154137,0.09524422228460606,0.12803626685280017,0.13118128734168816,IN_DOMAIN,
LOBO_height_band,ALL_FOLDS,pooled_condition_means,RAW,1,290,0,obs_30mm/rank5,0.16927470859732058,"{""BBOX_EXTRAPOLATION"": 0, ""HULL_EXTRAPOLATION"": 1, ""IN_DOMAIN"": 0}",-0.16927470859732058,0.16927470859732058,0.16927470859732058,0.16927470859732058,0.16927470859732058,HULL_EXTRAPOLATION,
LOBO_height_band,ALL_FOLDS,pooled_condition_means,RAW,34,8611,0,obs_36mm/rank5,0.1454844161135448,"{""BBOX_EXTRAPOLATION"": 34, ""HULL_EXTRAPOLATION"": 0, ""IN_DOMAIN"": 0}",-0.06288631230624675,0.0647803474781994,0.07768672270221628,0.1362942013044364,0.1454844161135448,BBOX_EXTRAPOLATION,
LOBO_height_band,ALL_FOLDS,pooled_condition_means,H-B2,9,2259,0,obs_20mm/rank5,0.06740037174125076,"{""BBOX_EXTRAPOLATION"": 0, ""HULL_EXTRAPOLATION"": 0, ""IN_DOMAIN"": 9}",-0.021054674001562343,0.02337253062547649,0.031434797982375196,0.05713225438641996,0.06740037174125076,IN_DOMAIN,
LOBO_height_band,ALL_FOLDS,pooled_condition_means,H-B2,1,290,0,obs_30mm/rank5,0.08445478429308424,"{""BBOX_EXTRAPOLATION"": 0, ""HULL_EXTRAPOLATION"": 1, ""IN_DOMAIN"": 0}",-0.08445478429308424,0.08445478429308424,0.08445478429308424,0.08445478429308424,0.08445478429308424,HULL_EXTRAPOLATION,
LOBO_height_band,ALL_FOLDS,pooled_condition_means,H-B2,34,8611,0,obs_1mm/rank3,0.08736085747303536,"{""BBOX_EXTRAPOLATION"": 34, ""HULL_EXTRAPOLATION"": 0, ""IN_DOMAIN"": 0}",0.04688758567442083,0.04738543557219514,0.053300222894704326,0.08320722230356616,0.08736085747303536,BBOX_EXTRAPOLATION,
LOBO_height_band,ALL_FOLDS,pooled_condition_means,L-B2,9,2259,0,obs_20mm/rank5,0.10905811606670908,"{""BBOX_EXTRAPOLATION"": 0, ""HULL_EXTRAPOLATION"": 0, ""IN_DOMAIN"": 9}",-0.0664986208801916,0.0664986208801916,0.07037667835616257,0.10252478383389178,0.10905811606670908,IN_DOMAIN,
LOBO_height_band,ALL_FOLDS,pooled_condition_means,L-B2,1,290,0,obs_30mm/rank5,0.13533919475286077,"{""BBOX_EXTRAPOLATION"": 0, ""HULL_EXTRAPOLATION"": 1, ""IN_DOMAIN"": 0}",-0.13533919475286077,0.13533919475286077,0.13533919475286077,0.13533919475286077,0.13533919475286077,HULL_EXTRAPOLATION,
LOBO_height_band,ALL_FOLDS,pooled_condition_means,L-B2,34,5397,0,obs_36mm/rank2,0.1051362752707888,"{""BBOX_EXTRAPOLATION"": 34, ""HULL_EXTRAPOLATION"": 0, ""IN_DOMAIN"": 0}",-0.03515340071049221,0.03852364373189573,0.0474382771415854,0.09682035271022664,0.1051362752707888,BBOX_EXTRAPOLATION,
LOHO_height,ALL_FOLDS,pooled_condition_means,RAW,32,7959,0,obs_36mm/rank5,0.1454844161135448,"{""BBOX_EXTRAPOLATION"": 0, ""HULL_EXTRAPOLATION"": 0, ""IN_DOMAIN"": 32}",-0.06897116195325216,0.0695903076514659,0.08029160507885347,0.1340016891137122,0.1454844161135448,IN_DOMAIN,
LOHO_height,ALL_FOLDS,pooled_condition_means,RAW,3,722,0,obs_30mm/rank5,0.16927470859732058,"{""BBOX_EXTRAPOLATION"": 0, ""HULL_EXTRAPOLATION"": 3, ""IN_DOMAIN"": 0}",-0.08643251758174762,0.08643251758174762,0.10474067498623349,0.15786288421990674,0.16927470859732058,HULL_EXTRAPOLATION,
LOHO_height,ALL_FOLDS,pooled_condition_means,RAW,9,2479,0,obs_46mm/rank2,0.13567246909563102,"{""BBOX_EXTRAPOLATION"": 9, ""HULL_EXTRAPOLATION"": 0, ""IN_DOMAIN"": 0}",-0.0745725278938078,0.07952636494975789,0.09206714450463066,0.13300015567664214,0.13567246909563102,BBOX_EXTRAPOLATION,
LOHO_height,ALL_FOLDS,pooled_condition_means,H-B2,32,7959,0,obs_20mm/rank5,0.06380834431989069,"{""BBOX_EXTRAPOLATION"": 0, ""HULL_EXTRAPOLATION"": 0, ""IN_DOMAIN"": 32}",0.002036081851229445,0.02369930423638404,0.028527903429747908,0.04594646290272534,0.06380834431989069,IN_DOMAIN,
LOHO_height,ALL_FOLDS,pooled_condition_means,H-B2,3,722,0,obs_30mm/rank5,0.0810736650686106,"{""BBOX_EXTRAPOLATION"": 0, ""HULL_EXTRAPOLATION"": 3, ""IN_DOMAIN"": 0}",-0.03786629039111836,0.03786629039111836,0.04943897922004006,0.07566669646344112,0.0810736650686106,HULL_EXTRAPOLATION,
LOHO_height,ALL_FOLDS,pooled_condition_means,H-B2,9,2479,0,obs_1mm/rank3,0.040083215856807485,"{""BBOX_EXTRAPOLATION"": 9, ""HULL_EXTRAPOLATION"": 0, ""IN_DOMAIN"": 0}",0.01079465323320971,0.02069359056812283,0.02368814109147896,0.03768742254848355,0.040083215856807485,BBOX_EXTRAPOLATION,
LOHO_height,ALL_FOLDS,pooled_condition_means,L-B2,32,7959,0,obs_20mm/rank5,0.11371275971171599,"{""BBOX_EXTRAPOLATION"": 0, ""HULL_EXTRAPOLATION"": 0, ""IN_DOMAIN"": 32}",-0.051730525186247586,0.05268636829083361,0.061374133510040944,0.10784014937601108,0.11371275971171599,IN_DOMAIN,
LOHO_height,ALL_FOLDS,pooled_condition_means,L-B2,3,722,0,obs_30mm/rank5,0.1465727795055956,"{""BBOX_EXTRAPOLATION"": 0, ""HULL_EXTRAPOLATION"": 3, ""IN_DOMAIN"": 0}",-0.07840850889103294,0.07840850889103294,0.09241224544716195,0.13736508248016144,0.1465727795055956,HULL_EXTRAPOLATION,
LOHO_height,ALL_FOLDS,pooled_condition_means,L-B2,9,1020,0,obs_6mm/rank5,0.06001770993173545,"{""BBOX_EXTRAPOLATION"": 9, ""HULL_EXTRAPOLATION"": 0, ""IN_DOMAIN"": 0}",-0.018818153022052413,0.03057323352402183,0.036704802262524414,0.05682981291603708,0.06001770993173545,BBOX_EXTRAPOLATION,
LOPO_position_rank,ALL_FOLDS,pooled_condition_means,RAW,25,6261,0,obs_46mm/rank2,0.13567246909563102,"{""BBOX_EXTRAPOLATION"": 0, ""HULL_EXTRAPOLATION"": 0, ""IN_DOMAIN"": 25}",-0.06601303134273398,0.06745016618246846,0.07706496733387255,0.12277017975728889,0.13567246909563102,IN_DOMAIN,
LOPO_position_rank,ALL_FOLDS,pooled_condition_means,RAW,2,501,0,obs_46mm/rank3,0.10401412147723794,"{""BBOX_EXTRAPOLATION"": 0, ""HULL_EXTRAPOLATION"": 2, ""IN_DOMAIN"": 0}",-0.07168323597656398,0.07168323597656398,0.07863696635380492,0.10078103292717054,0.10401412147723794,HULL_EXTRAPOLATION,
LOPO_position_rank,ALL_FOLDS,pooled_condition_means,RAW,17,4398,0,obs_30mm/rank5,0.16927470859732058,"{""BBOX_EXTRAPOLATION"": 17, ""HULL_EXTRAPOLATION"": 0, ""IN_DOMAIN"": 0}",-0.07904913122188852,0.080723767977949,0.09537912684228647,0.15024247461029994,0.16927470859732058,BBOX_EXTRAPOLATION,
LOPO_position_rank,ALL_FOLDS,pooled_condition_means,H-B2,25,6261,0,obs_36mm/rank3,0.04930177051699252,"{""BBOX_EXTRAPOLATION"": 0, ""HULL_EXTRAPOLATION"": 0, ""IN_DOMAIN"": 25}",0.005003264065195895,0.021914362812434245,0.026360296273572104,0.044280832559183636,0.04930177051699252,IN_DOMAIN,
LOPO_position_rank,ALL_FOLDS,pooled_condition_means,H-B2,2,501,0,obs_46mm/rank3,0.028673471744726387,"{""BBOX_EXTRAPOLATION"": 0, ""HULL_EXTRAPOLATION"": 2, ""IN_DOMAIN"": 0}",0.005529092627128619,0.023144379117597768,0.023795654015354644,0.028120562482013525,0.028673471744726387,HULL_EXTRAPOLATION,
LOPO_position_rank,ALL_FOLDS,pooled_condition_means,H-B2,17,4398,0,obs_30mm/rank5,0.08524847162299473,"{""BBOX_EXTRAPOLATION"": 17, ""HULL_EXTRAPOLATION"": 0, ""IN_DOMAIN"": 0}",-0.007455790746814071,0.031781922960334025,0.038236413621603016,0.07180136940639098,0.08524847162299473,BBOX_EXTRAPOLATION,
LOPO_position_rank,ALL_FOLDS,pooled_condition_means,L-B2,25,6261,0,obs_46mm/rank2,0.12153176590663733,"{""BBOX_EXTRAPOLATION"": 0, ""HULL_EXTRAPOLATION"": 0, ""IN_DOMAIN"": 25}",-0.05636169776768565,0.05805250833097942,0.06689685548606884,0.11334321930730198,0.12153176590663733,IN_DOMAIN,
LOPO_position_rank,ALL_FOLDS,pooled_condition_means,L-B2,2,501,0,obs_46mm/rank3,0.07031591591845966,"{""BBOX_EXTRAPOLATION"": 0, ""HULL_EXTRAPOLATION"": 2, ""IN_DOMAIN"": 0}",-0.05469378498437247,0.05469378498437247,0.05688111365680644,0.06875370282505094,0.07031591591845966,HULL_EXTRAPOLATION,
LOPO_position_rank,ALL_FOLDS,pooled_condition_means,L-B2,17,4398,0,obs_30mm/rank5,0.1692747085974008,"{""BBOX_EXTRAPOLATION"": 17, ""HULL_EXTRAPOLATION"": 0, ""IN_DOMAIN"": 0}",-0.07166391708957298,0.07355520083778418,0.08937760696414623,0.15024247461031115,0.1692747085974008,BBOX_EXTRAPOLATION,
strict_50mm_validation,ALL_FOLDS,pooled_condition_means,RAW,5,1100,0,obs_50mm/rank2,0.13318927912833858,"{""BBOX_EXTRAPOLATION"": 5, ""HULL_EXTRAPOLATION"": 0, ""IN_DOMAIN"": 0}",-0.10422555957980677,0.10422555957980677,0.10736598677340962,0.13149792233122945,0.13318927912833858,BBOX_EXTRAPOLATION,
strict_50mm_validation,ALL_FOLDS,pooled_condition_means,H-B2,5,1100,0,obs_50mm/rank3,0.07155704894328102,"{""BBOX_EXTRAPOLATION"": 5, ""HULL_EXTRAPOLATION"": 0, ""IN_DOMAIN"": 0}",0.02967452246394478,0.030026764346430042,0.039136394799891845,0.06590981811846688,0.07155704894328102,BBOX_EXTRAPOLATION,
strict_50mm_validation,ALL_FOLDS,pooled_condition_means,L-B2,5,0,0,,,"{""BBOX_EXTRAPOLATION"": 5, ""HULL_EXTRAPOLATION"": 0, ""IN_DOMAIN"": 0}",,,,,,BBOX_EXTRAPOLATION,
LOHO_height,ALL_FOLDS,pooled_condition_means,L0-B2,32,7959,0,obs_20mm/rank5,0.07544607020850767,"{""BBOX_EXTRAPOLATION"": 0, ""HULL_EXTRAPOLATION"": 0, ""IN_DOMAIN"": 32}",-0.007034654510099458,0.025677909779018418,0.03161592348106269,0.053578702541165237,0.07544607020850767,IN_DOMAIN,
LOHO_height,ALL_FOLDS,pooled_condition_means,L0-B2,3,722,0,obs_30mm/rank5,0.08664569027658676,"{""BBOX_EXTRAPOLATION"": 0, ""HULL_EXTRAPOLATION"": 3, ""IN_DOMAIN"": 0}",-0.057023840773019675,0.057023840773019675,0.06131651370136959,0.08322174683933195,0.08664569027658676,HULL_EXTRAPOLATION,
LOHO_height,ALL_FOLDS,pooled_condition_means,L0-B2,9,2479,0,obs_6mm/rank5,0.04709526747637801,"{""BBOX_EXTRAPOLATION"": 9, ""HULL_EXTRAPOLATION"": 0, ""IN_DOMAIN"": 0}",0.00640323239809867,0.02499615726834055,0.028519998294014914,0.042907806082333314,0.04709526747637801,BBOX_EXTRAPOLATION,
LOPO_position_rank,ALL_FOLDS,pooled_condition_means,L0-B2,25,6261,0,obs_1mm/rank4,0.05235299765058384,"{""BBOX_EXTRAPOLATION"": 0, ""HULL_EXTRAPOLATION"": 0, ""IN_DOMAIN"": 25}",-0.0042593654166305775,0.02472801360846542,0.02936224415970863,0.05148448937597443,0.05235299765058384,IN_DOMAIN,
LOPO_position_rank,ALL_FOLDS,pooled_condition_means,L0-B2,2,501,0,obs_46mm/rank3,0.03692963601402143,"{""BBOX_EXTRAPOLATION"": 0, ""HULL_EXTRAPOLATION"": 2, ""IN_DOMAIN"": 0}",0.00014895607058699328,0.03678067994343444,0.03678098156673262,0.03691474040696273,0.03692963601402143,HULL_EXTRAPOLATION,
LOPO_position_rank,ALL_FOLDS,pooled_condition_means,L0-B2,17,4398,0,obs_30mm/rank5,0.08994452010126268,"{""BBOX_EXTRAPOLATION"": 17, ""HULL_EXTRAPOLATION"": 0, ""IN_DOMAIN"": 0}",-0.016177667587102356,0.030674413296070138,0.039956829462367185,0.08066210669662491,0.08994452010126268,BBOX_EXTRAPOLATION,
LOBO_height_band,ALL_FOLDS,pooled_condition_means,L0-B2,9,2259,0,obs_20mm/rank5,0.07869554653065898,"{""BBOX_EXTRAPOLATION"": 0, ""HULL_EXTRAPOLATION"": 0, ""IN_DOMAIN"": 9}",-0.028004216496275887,0.028750079445978953,0.037425965584629205,0.06819204151654416,0.07869554653065898,IN_DOMAIN,
LOBO_height_band,ALL_FOLDS,pooled_condition_means,L0-B2,1,290,0,obs_30mm/rank5,0.09047605757842199,"{""BBOX_EXTRAPOLATION"": 0, ""HULL_EXTRAPOLATION"": 1, ""IN_DOMAIN"": 0}",-0.09047605757842199,0.09047605757842199,0.09047605757842199,0.09047605757842199,0.09047605757842199,HULL_EXTRAPOLATION,
LOBO_height_band,ALL_FOLDS,pooled_condition_means,L0-B2,34,8611,0,obs_40mm/rank3,0.08752802843410347,"{""BBOX_EXTRAPOLATION"": 34, ""HULL_EXTRAPOLATION"": 0, ""IN_DOMAIN"": 0}",0.01704802057729491,0.03938757195586949,0.04818694120151403,0.08567104829283059,0.08752802843410347,BBOX_EXTRAPOLATION,
strict_50mm_validation,ALL_FOLDS,pooled_condition_means,L0-B2,5,1100,0,obs_50mm/rank3,0.0825845447484502,"{""BBOX_EXTRAPOLATION"": 5, ""HULL_EXTRAPOLATION"": 0, ""IN_DOMAIN"": 0}",0.04059033669022999,0.04059033669022999,0.04811097744320477,0.07728580956440641,0.0825845447484502,BBOX_EXTRAPOLATION,
