dataset,scope,scope_id,reference_branch,model,model_group,diagnostic_only,condition_id,height_label,position_id,v_order_rank,height_roi_center_v,truth_height_mm,baseline_support_types,local_baseline_support_types,q2_ood_frame_count,ground_ood_frame_count,local_baseline_extrapolation_frame_count,n_total,n_valid,n_invalid,invalid_rate,bias_mm,mae_mm,rmse_mm,p95_abs_mm,max_abs_mm,repeatability_std_mm,mean_height_std_mm,position_count,position_bias_range_mm,position_bias_std_mm,worst_position_abs_bias_mm,worst_position_abs_bias_id,worst_position_p95_abs_mm,worst_position_p95_id,worst_position_max_abs_mm,worst_position_max_id
session01,position,h10_p01,session,base,session:base,False,h10_p01,h10,p01,1,106.0,10.0,"[""BOTH_SIDES""]","[""BOTH_SIDES""]",0,20,0,20,20,0,0.0,-0.23874884886341602,0.23874884886341602,0.23877782650360788,0.24328923590435014,0.24449067978375005,0.003816528621225852,0.03208424847161839,,,,,,,,,
session01,position,h10_p02,session,base,session:base,False,h10_p02,h10,p02,2,425.5,10.0,"[""BOTH_SIDES""]","[""BOTH_SIDES""]",0,20,0,20,20,0,0.0,-0.12321313364071865,0.12321313364071865,0.12333388202567175,0.13305192144382644,0.13332560854756537,0.005597946423909924,0.01743756916615537,,,,,,,,,
session01,position,h10_p03,session,base,session:base,False,h10_p03,h10,p03,3,710.5,10.0,"[""BOTH_SIDES""]","[""BOTH_SIDES""]",0,20,0,20,20,0,0.0,-0.20457096318383322,0.20457096318383322,0.20459159920995004,0.2089183431186629,0.20957843542639765,0.0029812553561382946,0.014825752151140712,,,,,,,,,
session01,position,h10_p04,session,base,session:base,False,h10_p04,h10,p04,4,1021.5,10.0,"[""BOTH_SIDES""]","[""BOTH_SIDES""]",0,20,0,20,20,0,0.0,-0.12182269192801147,0.12182269192801147,0.12187924818102909,0.1262359707331667,0.1283775099433626,0.0038089739723162815,0.018014157203885228,,,,,,,,,
session01,position,h10_p05,session,base,session:base,False,h10_p05,h10,p05,5,1317.5,10.0,"[""BOTH_SIDES""]","[""BOTH_SIDES""]",0,20,0,20,20,0,0.0,-0.006919722429659192,0.006919722429659192,0.007911990422139113,0.013735038748539097,0.014028637694718071,0.003935938854961058,0.01746287969771497,,,,,,,,,
session01,position,h10_p06,session,base,session:base,False,h10_p06,h10,p06,6,1606.0,10.0,"[""BOTH_SIDES""]","[""BOTH_SIDES""]",0,20,0,20,20,0,0.0,-0.1275449078638924,0.1275449078638924,0.12767038893774624,0.13758504635757723,0.14057927806542025,0.0058060485255142,0.023152344528496953,,,,,,,,,
session01,position,h10_p07,session,base,session:base,False,h10_p07,h10,p07,7,1913.5,10.0,"[""BOTH_SIDES""]","[""BOTH_SIDES""]",0,20,0,20,20,0,0.0,-0.08909788172153084,0.08909788172153084,0.08917914378035956,0.09462825415224528,0.09706384895732256,0.0039050787624838393,0.01670657346653983,,,,,,,,,
session01,position,h10_p08,session,base,session:base,False,h10_p08,h10,p08,8,2178.0,10.0,"[""BOTH_SIDES""]","[""BOTH_SIDES""]",0,20,0,20,20,0,0.0,-0.11097441062560956,0.11097441062560956,0.11104986020248941,0.116280881878472,0.1165134978138429,0.0041992025923527606,0.015878645455826807,,,,,,,,,
session01,position,h10_p09,session,base,session:base,False,h10_p09,h10,p09,9,2484.5,10.0,"[""BOTH_SIDES""]","[""BOTH_SIDES""]",0,20,0,20,20,0,0.0,-0.06565572515579499,0.06565572515579499,0.06569562591140557,0.06868298472399141,0.06875178220585809,0.002348799952955137,0.017557164796341403,,,,,,,,,
session01,position,h10_p10,session,base,session:base,False,h10_p10,h10,p10,10,2848.5,10.0,"[""BOTH_SIDES""]","[""BOTH_SIDES""]",0,20,0,20,20,0,0.0,-0.3543193474460522,0.3543193474460522,0.35439531095074095,0.3607707870643509,0.38261668496039647,0.007527944381199574,0.03144189296945576,,,,,,,,,
session01,position,h20_p01,session,base,session:base,False,h20_p01,h20,p01,1,79.0,20.0,"[""AFTER_ONLY""]","[""ONE_SIDE""]",0,20,20,20,20,0,0.0,-0.29270924779718543,0.29270924779718543,0.29273362437959993,0.29879598630536786,0.3006776283414965,0.0038758491663946452,0.014925314860087835,,,,,,,,,
session01,position,h20_p02,session,base,session:base,False,h20_p02,h20,p02,2,421.0,20.0,"[""BOTH_SIDES""]","[""BOTH_SIDES""]",0,20,0,20,20,0,0.0,-0.1439879796234159,0.1439879796234159,0.14400864297727964,0.1479471265237738,0.14864917523869536,0.002502835470833938,0.01860436764782646,,,,,,,,,
session01,position,h20_p03,session,base,session:base,False,h20_p03,h20,p03,3,707.5,20.0,"[""BOTH_SIDES""]","[""BOTH_SIDES""]",0,20,0,20,20,0,0.0,-0.2183148894377208,0.2183148894377208,0.21834497459515345,0.22232982190561348,0.22667244328320635,0.003718655777781726,0.01721165985866832,,,,,,,,,
session01,position,h20_p04,session,base,session:base,False,h20_p04,h20,p04,4,993.0,20.0,"[""BOTH_SIDES""]","[""BOTH_SIDES""]",0,20,0,20,20,0,0.0,-0.1359873484030148,0.1359873484030148,0.13601621991091198,0.13869805161331286,0.1400155043797433,0.0028751481738733854,0.015736684903863058,,,,,,,,,
session01,position,h20_p05,session,base,session:base,False,h20_p05,h20,p05,5,1317.5,20.0,"[""BOTH_SIDES""]","[""BOTH_SIDES""]",0,20,0,20,20,0,0.0,-0.07310739181719601,0.07310739181719601,0.07323688243661639,0.08154251323268831,0.08518765865178679,0.004466272521177077,0.01349935098285591,,,,,,,,,
session01,position,h20_p06,session,base,session:base,False,h20_p06,h20,p06,6,1616.0,20.0,"[""BOTH_SIDES""]","[""BOTH_SIDES""]",0,20,0,20,20,0,0.0,-0.16801632729629912,0.16801632729629912,0.1680479006506115,0.1728501717595691,0.17395237718526957,0.003342025062221627,0.007712294748222039,,,,,,,,,
session01,position,h20_p07,session,base,session:base,False,h20_p07,h20,p07,7,1904.0,20.0,"[""BOTH_SIDES""]","[""BOTH_SIDES""]",0,20,0,20,20,0,0.0,-0.12878361955269374,0.12878361955269374,0.12883260553063,0.13335288352323715,0.1338089137666323,0.003644690834907044,0.02536848159564421,,,,,,,,,
session01,position,h20_p08,session,base,session:base,False,h20_p08,h20,p08,8,2216.0,20.0,"[""BOTH_SIDES""]","[""BOTH_SIDES""]",0,20,0,20,20,0,0.0,-0.14735497468201242,0.14735497468201242,0.14737201609313405,0.14999501526764353,0.15037641809290747,0.002299328006737612,0.01884991581018753,,,,,,,,,
session01,position,h20_p09,session,base,session:base,False,h20_p09,h20,p09,9,2497.0,20.0,"[""BOTH_SIDES""]","[""BOTH_SIDES""]",0,20,0,20,20,0,0.0,-0.11926730136182115,0.11926730136182115,0.11929732263301487,0.1237332391620816,0.12383329547026989,0.0027457169084296115,0.017305705042405282,,,,,,,,,
session01,position,h20_p10,session,base,session:base,False,h20_p10,h20,p10,10,2870.0,20.0,"[""BOTH_SIDES""]","[""BOTH_SIDES""]",0,20,0,20,20,0,0.0,-0.3692115906394644,0.3692115906394644,0.36923926701149223,0.3745763699193452,0.37723765696607003,0.0046382438442354856,0.022990890770878607,,,,,,,,,
session01,position,h30_p01,session,base,session:base,False,h30_p01,h30,p01,1,68.0,30.0,"[""AFTER_ONLY""]","[""ONE_SIDE""]",0,20,20,20,20,0,0.0,-0.32800468331005367,0.32800468331005367,0.32802344571881387,0.3333523652242393,0.3339239629407018,0.003599512820111182,0.03598313674761026,,,,,,,,,
session01,position,h30_p02,session,base,session:base,False,h30_p02,h30,p02,2,371.0,30.0,"[""BOTH_SIDES""]","[""BOTH_SIDES""]",0,20,0,20,20,0,0.0,-0.15604649341430718,0.15604649341430718,0.15606639086069896,0.1604269933336145,0.1607955611595706,0.0025567762150277644,0.020701558845405973,,,,,,,,,
session01,position,h30_p03,session,base,session:base,False,h30_p03,h30,p03,3,668.5,30.0,"[""BOTH_SIDES""]","[""BOTH_SIDES""]",0,20,0,20,20,0,0.0,-0.20696751743438835,0.20696751743438835,0.20698821266724482,0.21110446759145862,0.21279596683853086,0.003002965241001295,0.01292893311412364,,,,,,,,,
session01,position,h30_p04,session,base,session:base,False,h30_p04,h30,p04,4,994.0,30.0,"[""BOTH_SIDES""]","[""BOTH_SIDES""]",0,20,0,20,20,0,0.0,-0.1710280368498495,0.1710280368498495,0.17107825703779017,0.17610660321393912,0.17643867623085185,0.00425263291505894,0.017304824263826325,,,,,,,,,
session01,position,h30_p05,session,base,session:base,False,h30_p05,h30,p05,5,1302.0,30.0,"[""BOTH_SIDES""]","[""BOTH_SIDES""]",0,20,0,20,20,0,0.0,-0.08803281111884456,0.08803281111884456,0.08807262124340254,0.09270709203942981,0.0927986704587056,0.0027165727629688548,0.015742533950149202,,,,,,,,,
session01,position,h30_p06,session,base,session:base,False,h30_p06,h30,p06,6,1616.5,30.0,"[""BOTH_SIDES""]","[""BOTH_SIDES""]",0,20,0,20,20,0,0.0,-0.18294792663273843,0.18294792663273843,0.18296705467630922,0.18771841090692937,0.1881083851431704,0.0027143357636026035,0.016634322822231484,,,,,,,,,
session01,position,h30_p07,session,base,session:base,False,h30_p07,h30,p07,7,1892.0,30.0,"[""BOTH_SIDES""]","[""BOTH_SIDES""]",0,20,0,20,20,0,0.0,-0.15121925409729436,0.15121925409729436,0.15124377182403118,0.15527125576332618,0.15586078112017177,0.0027939230704724766,0.01572768551226974,,,,,,,,,
session01,position,h30_p08,session,base,session:base,False,h30_p08,h30,p08,8,2191.0,30.0,"[""BOTH_SIDES""]","[""BOTH_SIDES""]",0,20,0,20,20,0,0.0,-0.1736613879776474,0.1736613879776474,0.17372867478619514,0.1810727618060925,0.18122010446653292,0.004960344708371436,0.013397638968910863,,,,,,,,,
session01,position,h30_p09,session,base,session:base,False,h30_p09,h30,p09,9,2525.0,30.0,"[""BOTH_SIDES""]","[""BOTH_SIDES""]",0,20,0,20,20,0,0.0,-0.15445794550350306,0.15445794550350306,0.15447367860722772,0.15765458136649446,0.1598571190820799,0.002261916580424241,0.015040703046510622,,,,,,,,,
session01,position,h30_p10,session,base,session:base,False,h30_p10,h30,p10,10,2870.0,30.0,"[""BOTH_SIDES""]","[""BOTH_SIDES""]",0,20,0,20,20,0,0.0,-0.3999441443933254,0.3999441443933254,0.39996373867921925,0.40503973908672747,0.4054066436494814,0.004061840877660978,0.013981444930855152,,,,,,,,,
session01,height,h10,session,base,session:base,False,,h10,,,,10.0,"[""BOTH_SIDES""]","[""BOTH_SIDES""]",0,200,0,200,200,0,0.0,-0.14428676328585185,0.14428676328585185,0.17190044825941458,0.3525060925263568,0.38261668496039647,0.09367480395903716,0.020456122790717544,10,0.347399625016393,0.09333169259605925,0.3543193474460522,p10,0.3607707870643509,p10,0.38261668496039647,p10
session01,height,h20,session,base,session:base,False,,h20,,,,20.0,"[""AFTER_ONLY"",""BOTH_SIDES""]","[""BOTH_SIDES"",""ONE_SIDE""]",0,200,20,200,200,0,0.0,-0.17967406706108235,0.17967406706108235,0.19877021427574462,0.3698764517474119,0.37723765696607003,0.08522407773678473,0.017220466622063925,10,0.2961041988222684,0.08494248771783515,0.3692115906394644,p10,0.3745763699193452,p10,0.37723765696607003,p10
session01,height,h30,session,base,session:base,False,,h30,,,,30.0,"[""AFTER_ONLY"",""BOTH_SIDES""]","[""BOTH_SIDES"",""ONE_SIDE""]",0,200,20,200,200,0,0.0,-0.20123102007319515,0.20123102007319515,0.2195885151415345,0.40042159587760706,0.4054066436494814,0.08811363461685258,0.017744278220189327,10,0.31191133327448084,0.08783070327929281,0.3999441443933254,p10,0.40503973908672747,p10,0.4054066436494814,p10
session01,pooled,session01,session,base,session:base,False,,h10,,,,10.0,"[""AFTER_ONLY"",""BOTH_SIDES""]","[""BOTH_SIDES"",""ONE_SIDE""]",0,600,40,600,600,0,0.0,-0.17506395014004314,0.17506395014004314,0.1977190584112358,0.3702581835570884,0.4054066436494814,0.09197575034472923,0.0184736225443236,,,,,,,,,
session01,position,h10_p01,session,h1,session:h1,False,h10_p01,h10,p01,1,106.0,10.0,"[""BOTH_SIDES""]","[""BOTH_SIDES""]",0,20,0,20,20,0,0.0,-0.1993723606257542,0.1993723606257542,0.199407340996861,0.2039310634024633,0.2051373538573742,0.0038319243417167014,0.03208424847161839,,,,,,,,,
session01,position,h10_p02,session,h1,session:h1,False,h10_p02,h10,p02,2,425.5,10.0,"[""BOTH_SIDES""]","[""BOTH_SIDES""]",0,20,0,20,20,0,0.0,-0.08337057904936333,0.08337057904936333,0.08355036967360668,0.09324905612039433,0.09352384726672547,0.00562052831101679,0.01743756916615537,,,,,,,,,
session01,position,h10_p03,session,h1,session:h1,False,h10_p03,h10,p03,3,710.5,10.0,"[""BOTH_SIDES""]","[""BOTH_SIDES""]",0,20,0,20,20,0,0.0,-0.16505660275206316,0.16505660275206316,0.16508238506926518,0.16942151983988785,0.1700842749330178,0.002993281618412022,0.014825752151140712,,,,,,,,,
session01,position,h10_p04,session,h1,session:h1,False,h10_p04,h10,p04,4,1021.5,10.0,"[""BOTH_SIDES""]","[""BOTH_SIDES""]",0,20,0,20,20,0,0.0,-0.08197452835160926,0.08197452835160926,0.08205923220697321,0.08640561014311042,0.08855578823496302,0.0038243392176621374,0.018014157203885228,,,,,,,,,
session01,position,h10_p05,session,h1,session:h1,False,h10_p05,h10,p05,5,1317.5,10.0,"[""BOTH_SIDES""]","[""BOTH_SIDES""]",0,20,0,20,20,0,0.0,0.03339195503004237,0.03339195503004237,0.03361337040493769,0.03848072276631927,0.039473694299337225,0.003951816271454884,0.01746287969771497,,,,,,,,,
session01,position,h10_p06,session,h1,session:h1,False,h10_p06,h10,p06,6,1606.0,10.0,"[""BOTH_SIDES""]","[""BOTH_SIDES""]",0,20,0,20,20,0,0.0,-0.08771982747272995,0.08771982747272995,0.08790365018053456,0.0978004674747952,0.10080677779098401,0.005829469887994525,0.023152344528496953,,,,,,,,,
session01,position,h10_p07,session,h1,session:h1,False,h10_p07,h10,p07,7,1913.5,10.0,"[""BOTH_SIDES""]","[""BOTH_SIDES""]",0,20,0,20,20,0,0.0,-0.04911770759809686,0.04911770759809686,0.04926614938049296,0.05467038932519106,0.05711580922017845,0.003920831690625759,0.01670657346653983,,,,,,,,,
session01,position,h10_p08,session,h1,session:h1,False,h10_p08,h10,p08,8,2178.0,10.0,"[""BOTH_SIDES""]","[""BOTH_SIDES""]",0,20,0,20,20,0,0.0,-0.07108248552576243,0.07108248552576243,0.07120117140362413,0.0764103628668038,0.07664391716535057,0.004216142004004647,0.015878645455826807,,,,,,,,,
session01,position,h10_p09,session,h1,session:h1,False,h10_p09,h10,p09,9,2484.5,10.0,"[""BOTH_SIDES""]","[""BOTH_SIDES""]",0,20,0,20,20,0,0.0,-0.025580986330768773,0.025580986330768773,0.02568404658937812,0.028620457740350692,0.028689532748447988,0.002358274915978559,0.017557164796341403,,,,,,,,,
session01,position,h10_p10,session,h1,session:h1,False,h10_p10,h10,p10,10,2848.5,10.0,"[""BOTH_SIDES""]","[""BOTH_SIDES""]",0,20,0,20,20,0,0.0,-0.31540906587673645,0.31540906587673645,0.31549508793427405,0.3218865303388091,0.34382055369420605,0.0075583118011941525,0.03144189296945576,,,,,,,,,
session01,position,h20_p01,session,h1,session:h1,False,h20_p01,h20,p01,1,79.0,20.0,"[""AFTER_ONLY""]","[""ONE_SIDE""]",0,20,20,20,20,0,0.0,-0.2132108422664624,0.2132108422664624,0.21324457725031956,0.21932213442904355,0.22121136693225196,0.0038914841835403506,0.014925314860087835,,,,,,,,,
session01,position,h20_p02,session,h1,session:h1,False,h20_p02,h20,p02,2,421.0,20.0,"[""BOTH_SIDES""]","[""BOTH_SIDES""]",0,20,0,20,20,0,0.0,-0.0638896385745646,0.0638896385745646,0.0639365701468341,0.06786475651172257,0.06856963726247045,0.002512931806841617,0.01860436764782646,,,,,,,,,
session01,position,h20_p03,session,h1,session:h1,False,h20_p03,h20,p03,3,707.5,20.0,"[""BOTH_SIDES""]","[""BOTH_SIDES""]",0,20,0,20,20,0,0.0,-0.13851638010559597,0.13851638010559597,0.13856417552951664,0.1425475086469877,0.14690764798175238,0.0037336566832216647,0.01721165985866832,,,,,,,,,
session01,position,h20_p04,session,h1,session:h1,False,h20_p04,h20,p04,4,993.0,20.0,"[""BOTH_SIDES""]","[""BOTH_SIDES""]",0,20,0,20,20,0,0.0,-0.05585673313477635,0.05585673313477635,0.055927553817873905,0.058578371211049786,0.05990113852810097,0.0028867464041100414,0.015736684903863058,,,,,,,,,
session01,position,h20_p05,session,h1,session:h1,False,h20_p05,h20,p05,5,1317.5,20.0,"[""BOTH_SIDES""]","[""BOTH_SIDES""]",0,20,0,20,20,0,0.0,0.007276878626239736,0.007862055182482664,0.00848860238128253,0.013272794873356199,0.014822850074217797,0.00448428928200747,0.01349935098285591,,,,,,,,,
session01,position,h20_p06,session,h1,session:h1,False,h20_p06,h20,p06,6,1616.0,20.0,"[""BOTH_SIDES""]","[""BOTH_SIDES""]",0,20,0,20,20,0,0.0,-0.088014915620011,0.088014915620011,0.08807565966407632,0.0928682596143032,0.09397491129164948,0.003355506654746518,0.007712294748222039,,,,,,,,,
session01,position,h20_p07,session,h1,session:h1,False,h20_p07,h20,p07,7,1904.0,20.0,"[""BOTH_SIDES""]","[""BOTH_SIDES""]",0,20,0,20,20,0,0.0,-0.048623944736663205,0.048623944736663205,0.048754585462192655,0.053211640931336214,0.05366951078209681,0.0036593933687904313,0.02536848159564421,,,,,,,,,
session01,position,h20_p08,session,h1,session:h1,False,h20_p08,h20,p08,8,2216.0,20.0,"[""BOTH_SIDES""]","[""BOTH_SIDES""]",0,20,0,20,20,0,0.0,-0.06727021595363106,0.06727021595363106,0.06730783848581298,0.06992090635509633,0.07030384774376941,0.0023086034019520886,0.01884991581018753,,,,,,,,,
session01,position,h20_p09,session,h1,session:h1,False,h20_p09,h20,p09,9,2497.0,20.0,"[""BOTH_SIDES""]","[""BOTH_SIDES""]",0,20,0,20,20,0,0.0,-0.03906923810710481,0.03906923810710481,0.039161528042554086,0.043553191317946015,0.04365365124919052,0.002756793018231074,0.017305705042405282,,,,,,,,,
session01,position,h20_p10,session,h1,session:h1,False,h20_p10,h20,p10,10,2870.0,20.0,"[""BOTH_SIDES""]","[""BOTH_SIDES""]",0,20,0,20,20,0,0.0,-0.2900217924334008,0.2900217924334008,0.29005730976608035,0.2954082130136563,0.2980802355835728,0.0046569543303550814,0.022990890770878607,,,,,,,,,
session01,position,h30_p01,session,h1,session:h1,False,h30_p01,h30,p01,1,68.0,30.0,"[""AFTER_ONLY""]","[""ONE_SIDE""]",0,20,20,20,20,0,0.0,-0.20830906678659672,0.20830906678659672,0.20833884774338507,0.21367832103108436,0.21425222454937654,0.003614033107729156,0.03598313674761026,,,,,,,,,
session01,position,h30_p02,session,h1,session:h1,False,h30_p02,h30,p02,2,371.0,30.0,"[""BOTH_SIDES""]","[""BOTH_SIDES""]",0,20,0,20,20,0,0.0,-0.03565720458010198,0.03565720458010198,0.03574488344774732,0.04005537525706835,0.04042542987057374,0.0025670901457928844,0.020701558845405973,,,,,,,,,
session01,position,h30_p03,session,h1,session:h1,False,h30_p03,h30,p03,3,668.5,30.0,"[""BOTH_SIDES""]","[""BOTH_SIDES""]",0,20,0,20,20,0,0.0,-0.08678364193012715,0.08678364193012715,0.08683338455584126,0.09093728037506921,0.09263560306098029,0.0030150790800637815,0.01292893311412364,,,,,,,,,
session01,position,h30_p04,session,h1,session:h1,False,h30_p04,h30,p04,4,994.0,30.0,"[""BOTH_SIDES""]","[""BOTH_SIDES""]",0,20,0,20,20,0,0.0,-0.05069918294962328,0.05069918294962328,0.05086970302380556,0.055798236042882365,0.0561316486287744,0.004269787862448988,0.017304824263826325,,,,,,,,,
session01,position,h30_p05,session,h1,session:h1,False,h30_p05,h30,p05,5,1302.0,30.0,"[""BOTH_SIDES""]","[""BOTH_SIDES""]",0,20,0,20,20,0,0.0,0.0326308421302743,0.0326308421302743,0.03273895712766842,0.03613249270654002,0.03625324417651754,0.0027275313064779646,0.015742533950149202,,,,,,,,,
session01,position,h30_p06,session,h1,session:h1,False,h30_p06,h30,p06,6,1616.5,30.0,"[""BOTH_SIDES""]","[""BOTH_SIDES""]",0,20,0,20,20,0,0.0,-0.06266715708077512,0.06266715708077512,0.06272342781981356,0.0674568852935753,0.06784843266995111,0.002725285283148174,0.016634322822231484,,,,,,,,,
session01,position,h30_p07,session,h1,session:h1,False,h30_p07,h30,p07,7,1892.0,30.0,"[""BOTH_SIDES""]","[""BOTH_SIDES""]",0,20,0,20,20,0,0.0,-0.0308104923769557,0.0308104923769557,0.030931571190466564,0.03487883965211776,0.035470743130161964,0.0028051936419614303,0.01572768551226974,,,,,,,,,
session01,position,h30_p08,session,h1,session:h1,False,h30_p08,h30,p08,8,2191.0,30.0,"[""BOTH_SIDES""]","[""BOTH_SIDES""]",0,20,0,20,20,0,0.0,-0.053343156908255376,0.053343156908255376,0.053563570863786,0.06078442791584955,0.06093236495055976,0.0049803545362143015,0.013397638968910863,,,,,,,,,
session01,position,h30_p09,session,h1,session:h1,False,h30_p09,h30,p09,9,2525.0,30.0,"[""BOTH_SIDES""]","[""BOTH_SIDES""]",0,20,0,20,20,0,0.0,-0.03406224853194413,0.03406224853194413,0.03413409616748411,0.037271779493372924,0.03948320215609158,0.0022710410594734237,0.015040703046510622,,,,,,,,,
session01,position,h30_p10,session,h1,session:h1,False,h30_p10,h30,p10,10,2870.0,30.0,"[""BOTH_SIDES""]","[""BOTH_SIDES""]",0,20,0,20,20,0,0.0,-0.2805387287159801,0.2805387287159801,0.2805668879998092,0.28565487883013585,0.2860232634709021,0.0040782261777687805,0.013981444930855152,,,,,,,,,
session01,height,h10,session,h1,session:h1,False,,h10,,,,10.0,"[""BOTH_SIDES""]","[""BOTH_SIDES""]",0,200,0,200,200,0,0.0,-0.1045292188552842,0.11120760986129268,0.1404565252295247,0.31358849636079517,0.34382055369420605,0.09405268429006716,0.020456122790717544,10,0.34880102090677884,0.09370818882987268,0.31540906587673645,p10,0.3218865303388091,p10,0.34382055369420605,p10
session01,height,h20,session,h1,session:h1,False,,h20,,,,20.0,"[""AFTER_ONLY"",""BOTH_SIDES""]","[""BOTH_SIDES"",""ONE_SIDE""]",0,200,20,200,200,0,0.0,-0.09971968223059705,0.10123357561146928,0.13126029784107238,0.2906893355638859,0.2980802355835728,0.08556786818358393,0.017220466622063925,10,0.29729867105964053,0.08528514224200545,0.2900217924334008,p10,0.2954082130136563,p10,0.2980802355835728,p10
session01,height,h30,session,h1,session:h1,False,,h30,,,,30.0,"[""AFTER_ONLY"",""BOTH_SIDES""]","[""BOTH_SIDES"",""ONE_SIDE""]",0,200,20,200,200,0,0.0,-0.08102400377300853,0.08755017219906339,0.11980206034339357,0.28101810622003887,0.2860232634709021,0.0884690814180206,0.017744278220189327,10,0.3131695708462544,0.08818500874700744,0.2805387287159801,p10,0.28565487883013585,p10,0.2860232634709021,p10
session01,pooled,session01,session,h1,session:h1,False,,h10,,,,10.0,"[""AFTER_ONLY"",""BOTH_SIDES""]","[""BOTH_SIDES"",""ONE_SIDE""]",0,600,40,600,600,0,0.0,-0.09509096828629658,0.09999711922394179,0.1307795026388581,0.2906893355638859,0.34382055369420605,0.08985790709013493,0.0184736225443236,,,,,,,,,
session01,position,h10_p01,session,hb2,session:hb2,False,h10_p01,h10,p01,1,106.0,10.0,"[""BOTH_SIDES""]","[""BOTH_SIDES""]",0,20,0,20,20,0,0.0,-0.19613940902589108,0.19613940902589108,0.19617478304196198,0.20068523105950425,0.2018875516042975,0.003822059039320814,0.03208424847161839,,,,,,,,,
session01,position,h10_p02,session,hb2,session:hb2,False,h10_p02,h10,p02,2,425.5,10.0,"[""BOTH_SIDES""]","[""BOTH_SIDES""]",0,20,0,20,20,0,0.0,-0.08034905022483878,0.08034905022483878,0.08053472107130837,0.09020645574279174,0.09048997355882626,0.005607459880868574,0.01743756916615537,,,,,,,,,
session01,position,h10_p03,session,hb2,session:hb2,False,h10_p03,h10,p03,3,710.5,10.0,"[""BOTH_SIDES""]","[""BOTH_SIDES""]",0,20,0,20,20,0,0.0,-0.16144393310193816,0.16144393310193816,0.16147015781551172,0.1657953464263265,0.16645627862872914,0.0029856374692986474,0.014825752151140712,,,,,,,,,
session01,position,h10_p04,session,hb2,session:hb2,False,h10_p04,h10,p04,4,1021.5,10.0,"[""BOTH_SIDES""]","[""BOTH_SIDES""]",0,20,0,20,20,0,0.0,-0.07790563004240791,0.07790563004240791,0.07799429360209029,0.08232691533118679,0.08447075419946337,0.003814465843067262,0.018014157203885228,,,,,,,,,
session01,position,h10_p05,session,hb2,session:hb2,False,h10_p05,h10,p05,5,1317.5,10.0,"[""BOTH_SIDES""]","[""BOTH_SIDES""]",0,20,0,20,20,0,0.0,0.037843991657744255,0.037843991657744255,0.038038563402929215,0.04292728977947302,0.04390099379041246,0.003942294438421497,0.01746287969771497,,,,,,,,,
session01,position,h10_p06,session,hb2,session:hb2,False,h10_p06,h10,p06,6,1606.0,10.0,"[""BOTH_SIDES""]","[""BOTH_SIDES""]",0,20,0,20,20,0,0.0,-0.08251109742516709,0.08251109742516709,0.08270538742286757,0.09256829305639443,0.09554853980669975,0.005812863273194042,0.023152344528496953,,,,,,,,,
session01,position,h10_p07,session,hb2,session:hb2,False,h10_p07,h10,p07,7,1913.5,10.0,"[""BOTH_SIDES""]","[""BOTH_SIDES""]",0,20,0,20,20,0,0.0,-0.04342978009753971,0.04342978009753971,0.043596629665784044,0.048961976023233066,0.05140677538313554,0.003909545524114222,0.01670657346653983,,,,,,,,,
session01,position,h10_p08,session,hb2,session:hb2,False,h10_p08,h10,p08,8,2178.0,10.0,"[""BOTH_SIDES""]","[""BOTH_SIDES""]",0,20,0,20,20,0,0.0,-0.06488631007025925,0.06488631007025925,0.06501550745911966,0.0701999116901777,0.07043245633157724,0.004203128613308968,0.015878645455826807,,,,,,,,,
session01,position,h10_p09,session,hb2,session:hb2,False,h10_p09,h10,p09,9,2484.5,10.0,"[""BOTH_SIDES""]","[""BOTH_SIDES""]",0,20,0,20,20,0,0.0,-0.018943961949439637,0.018943961949439637,0.019082094454402787,0.02198062024402665,0.022044116602119246,0.002351401468986161,0.017557164796341403,,,,,,,,,
session01,position,h10_p10,session,hb2,session:hb2,False,h10_p10,h10,p10,10,2848.5,10.0,"[""BOTH_SIDES""]","[""BOTH_SIDES""]",0,20,0,20,20,0,0.0,-0.3074172197265656,0.3074172197265656,0.3075048840268885,0.3138740172484908,0.33572750686841246,0.007532855471629761,0.03144189296945576,,,,,,,,,
session01,position,h20_p01,session,hb2,session:hb2,False,h20_p01,h20,p01,1,79.0,20.0,"[""AFTER_ONLY""]","[""ONE_SIDE""]",0,20,20,20,20,0,0.0,-0.22795407610419768,0.22795407610419768,0.227985417632578,0.23403713265265527,0.23593104012742572,0.0038783936694741857,0.014925314860087835,,,,,,,,,
session01,position,h20_p02,session,hb2,session:hb2,False,h20_p02,h20,p02,2,421.0,20.0,"[""BOTH_SIDES""]","[""BOTH_SIDES""]",0,20,0,20,20,0,0.0,-0.07888769949720106,0.07888769949720106,0.07892548561231537,0.08284649598991844,0.08354952564304696,0.00250539358796867,0.01860436764782646,,,,,,,,,
session01,position,h20_p03,session,hb2,session:hb2,False,h20_p03,h20,p03,3,707.5,20.0,"[""BOTH_SIDES""]","[""BOTH_SIDES""]",0,20,0,20,20,0,0.0,-0.15296152112085704,0.15296152112085704,0.15300458462765884,0.15698240795343654,0.16133726962010542,0.0037241704800177818,0.01721165985866832,,,,,,,,,
session01,position,h20_p04,session,hb2,session:hb2,False,h20_p04,h20,p04,4,993.0,20.0,"[""BOTH_SIDES""]","[""BOTH_SIDES""]",0,20,0,20,20,0,0.0,-0.06991825738384953,0.06991825738384953,0.06997447076730604,0.07263338211835127,0.07395087690575153,0.002877104460049782,0.015736684903863058,,,,,,,,,
session01,position,h20_p05,session,hb2,session:hb2,False,h20_p05,h20,p05,5,1317.5,20.0,"[""BOTH_SIDES""]","[""BOTH_SIDES""]",0,20,0,20,20,0,0.0,-0.006249221082429024,0.006377126599983818,0.007621050804390173,0.014698293703854762,0.018358091584605774,0.004475388983508139,0.01349935098285591,,,,,,,,,
session01,position,h20_p06,session,hb2,session:hb2,False,h20_p06,h20,p06,6,1616.0,20.0,"[""BOTH_SIDES""]","[""BOTH_SIDES""]",0,20,0,20,20,0,0.0,-0.10081633495739642,0.10081633495739642,0.10086911436486141,0.10565762773941127,0.10675671330777092,0.003347400957150867,0.007712294748222039,,,,,,,,,
session01,position,h20_p07,session,hb2,session:hb2,False,h20_p07,h20,p07,7,1904.0,20.0,"[""BOTH_SIDES""]","[""BOTH_SIDES""]",0,20,0,20,20,0,0.0,-0.06098061182757277,0.06098061182757277,0.06108434513201321,0.06555457500717062,0.06601685339436969,0.003650840039137049,0.02536848159564421,,,,,,,,,
session01,position,h20_p08,session,hb2,session:hb2,False,h20_p08,h20,p08,8,2216.0,20.0,"[""BOTH_SIDES""]","[""BOTH_SIDES""]",0,20,0,20,20,0,0.0,-0.07905556471205806,0.07905556471205806,0.07908745139350805,0.08170114214192914,0.0820833924975446,0.0023039225083139395,0.01884991581018753,,,,,,,,,
session01,position,h20_p09,session,hb2,session:hb2,False,h20_p09,h20,p09,9,2497.0,20.0,"[""BOTH_SIDES""]","[""BOTH_SIDES""]",0,20,0,20,20,0,0.0,-0.050437390455412866,0.050437390455412866,0.05050845146701532,0.05490909405208022,0.055005756555015495,0.0027478821785951015,0.017305705042405282,,,,,,,,,
session01,position,h20_p10,session,hb2,session:hb2,False,h20_p10,h20,p10,10,2870.0,20.0,"[""BOTH_SIDES""]","[""BOTH_SIDES""]",0,20,0,20,20,0,0.0,-0.3001265557893422,0.3001265557893422,0.30016066580461587,0.305489246938256,0.3081573369009796,0.004642572596392848,0.022990890770878607,,,,,,,,,
session01,position,h30_p01,session,hb2,session:hb2,False,h30_p01,h30,p01,1,68.0,30.0,"[""AFTER_ONLY""]","[""ONE_SIDE""]",0,20,20,20,20,0,0.0,-0.2410643760346094,0.2410643760346094,0.2410899868925272,0.24642068940923387,0.24699245374479517,0.003605315795116688,0.03598313674761026,,,,,,,,,
session01,position,h30_p02,session,hb2,session:hb2,False,h30_p02,h30,p02,2,371.0,30.0,"[""BOTH_SIDES""]","[""BOTH_SIDES""]",0,20,0,20,20,0,0.0,-0.06875510755861089,0.06875510755861089,0.06880037670962695,0.07313790542875634,0.0735110921954707,0.002560226139359258,0.020701558845405973,,,,,,,,,
session01,position,h30_p03,session,hb2,session:hb2,False,h30_p03,h30,p03,3,668.5,30.0,"[""BOTH_SIDES""]","[""BOTH_SIDES""]",0,20,0,20,20,0,0.0,-0.11940338262012133,0.11940338262012133,0.1194393892314383,0.12354750819625959,0.12523830270379221,0.003008744947635779,0.01292893311412364,,,,,,,,,
session01,position,h30_p04,session,hb2,session:hb2,False,h30_p04,h30,p04,4,994.0,30.0,"[""BOTH_SIDES""]","[""BOTH_SIDES""]",0,20,0,20,20,0,0.0,-0.08278014793192305,0.08278014793192305,0.08288428910059595,0.08786977019251978,0.0882025822512702,0.004261515430985773,0.017304824263826325,,,,,,,,,
session01,position,h30_p05,session,hb2,session:hb2,False,h30_p05,h30,p05,5,1302.0,30.0,"[""BOTH_SIDES""]","[""BOTH_SIDES""]",0,20,0,20,20,0,0.0,0.0010043732241543425,0.002489594561002484,0.0028358517792764293,0.004500493980794928,0.004611503819134555,0.0027209305181997265,0.015742533950149202,,,,,,,,,
session01,position,h30_p06,session,hb2,session:hb2,False,h30_p06,h30,p06,6,1616.5,30.0,"[""BOTH_SIDES""]","[""BOTH_SIDES""]",0,20,0,20,20,0,0.0,-0.09354742555818696,0.09354742555818696,0.09358493492383875,0.09832464835728967,0.0987135569389963,0.002718206865332581,0.016634322822231484,,,,,,,,,
session01,position,h30_p07,session,hb2,session:hb2,False,h30_p07,h30,p07,7,1892.0,30.0,"[""BOTH_SIDES""]","[""BOTH_SIDES""]",0,20,0,20,20,0,0.0,-0.06126007907918307,0.06126007907918307,0.061320772199948664,0.06531889924234661,0.06590379734239704,0.002798460932319531,0.01572768551226974,,,,,,,,,
session01,position,h30_p08,session,hb2,session:hb2,False,h30_p08,h30,p08,8,2191.0,30.0,"[""BOTH_SIDES""]","[""BOTH_SIDES""]",0,20,0,20,20,0,0.0,-0.08323622051252358,0.08323622051252358,0.0833771286826935,0.0906672962908214,0.09081241501166204,0.004971199385193648,0.013397638968910863,,,,,,,,,
session01,position,h30_p09,session,hb2,session:hb2,False,h30_p09,h30,p09,9,2525.0,30.0,"[""BOTH_SIDES""]","[""BOTH_SIDES""]",0,20,0,20,20,0,0.0,-0.06345972753892788,0.06345972753892788,0.06349817150325773,0.06666528616660106,0.06887060922902322,0.0022666378862863275,0.015040703046510622,,,,,,,,,
session01,position,h30_p10,session,hb2,session:hb2,False,h30_p10,h30,p10,10,2870.0,30.0,"[""BOTH_SIDES""]","[""BOTH_SIDES""]",0,20,0,20,20,0,0.0,-0.30872017151193704,0.30872017151193704,0.30874564095750673,0.31382561581017915,0.3141896292700963,0.004068688124514585,0.013981444930855152,,,,,,,,,
session01,height,h10,session,hb2,session:hb2,False,,h10,,,,10.0,"[""BOTH_SIDES""]","[""BOTH_SIDES""]",0,200,0,200,200,0,0.0,-0.09951824000063031,0.10708703833217914,0.13655192575394687,0.3056056231160015,0.33572750686841246,0.09373622959122187,0.020456122790717544,10,0.3452612113843099,0.09339278133777856,0.3074172197265656,p10,0.3138740172484908,p10,0.33572750686841246,p10
session01,height,h20,session,hb2,session:hb2,False,,h20,,,,20.0,"[""AFTER_ONLY"",""BOTH_SIDES""]","[""BOTH_SIDES"",""ONE_SIDE""]",0,200,20,200,200,0,0.0,-0.11273872329303167,0.11275151384478715,0.14120188462290292,0.30079722060772324,0.3081573369009796,0.08523070960997525,0.017220466622063925,10,0.2938773347069132,0.08494892915238163,0.3001265557893422,p10,0.305489246938256,p10,0.3081573369009796,p10
session01,height,h30,session,hb2,session:hb2,False,,h30,,,,30.0,"[""AFTER_ONLY"",""BOTH_SIDES""]","[""BOTH_SIDES"",""ONE_SIDE""]",0,200,20,200,200,0,0.0,-0.11212222651218688,0.11247162329070257,0.1424175200177338,0.30920128497302135,0.3141896292700963,0.08803469125448687,0.017744278220189327,10,0.3097245447360914,0.08775167161166694,0.30872017151193704,p10,0.31382561581017915,p10,0.3141896292700963,p10
session01,pooled,session01,session,hb2,session:hb2,False,,h10,,,,10.0,"[""AFTER_ONLY"",""BOTH_SIDES""]","[""BOTH_SIDES"",""ONE_SIDE""]",0,600,40,600,600,0,0.0,-0.10812639660194961,0.11077005848922296,0.14007991844678358,0.30520229286545175,0.33572750686841246,0.08913083877444719,0.0184736225443236,,,,,,,,,
session01,position,h10_p01,local_diag,base,local_diag:base,True,h10_p01,h10,p01,1,106.0,10.0,"[""BOTH_SIDES""]","[""BOTH_SIDES""]",0,20,0,20,20,0,0.0,-0.11219927367800979,0.11219927367800979,0.11224401128689754,0.11630013373071461,0.11634467284008387,0.0032510817471373223,0.022261356532327962,,,,,,,,,
session01,position,h10_p02,local_diag,base,local_diag:base,True,h10_p02,h10,p02,2,425.5,10.0,"[""BOTH_SIDES""]","[""BOTH_SIDES""]",0,20,0,20,20,0,0.0,-0.0493116912674683,0.0493116912674683,0.04942857893107142,0.05456911941308418,0.05723997999784913,0.003485536957357244,0.01950658896576709,,,,,,,,,
session01,position,h10_p03,local_diag,base,local_diag:base,True,h10_p03,h10,p03,3,710.5,10.0,"[""BOTH_SIDES""]","[""BOTH_SIDES""]",0,20,0,20,20,0,0.0,-0.08438043406335112,0.08438043406335112,0.0844326116354386,0.08882159211238223,0.08895987725179033,0.0030449708081314126,0.014709940753667147,,,,,,,,,
session01,position,h10_p04,local_diag,base,local_diag:base,True,h10_p04,h10,p04,4,1021.5,10.0,"[""BOTH_SIDES""]","[""BOTH_SIDES""]",0,20,0,20,20,0,0.0,-0.06688234015890568,0.06688234015890568,0.06695766227498935,0.07143149279268002,0.07267787552944505,0.0032575599844965253,0.017193127956351743,,,,,,,,,
session01,position,h10_p05,local_diag,base,local_diag:base,True,h10_p05,h10,p05,5,1317.5,10.0,"[""BOTH_SIDES""]","[""BOTH_SIDES""]",0,20,0,20,20,0,0.0,-0.03228034118193026,0.03228034118193026,0.03247012345485598,0.03642778769533806,0.04193140755150537,0.00359656127458694,0.017060793958239763,,,,,,,,,
session01,position,h10_p06,local_diag,base,local_diag:base,True,h10_p06,h10,p06,6,1606.0,10.0,"[""BOTH_SIDES""]","[""BOTH_SIDES""]",0,20,0,20,20,0,0.0,-0.1208337505652807,0.1208337505652807,0.12090173964915296,0.12529553104117044,0.13353717390797648,0.004159374259503914,0.019808365623914782,,,,,,,,,
session01,position,h10_p07,local_diag,base,local_diag:base,True,h10_p07,h10,p07,7,1913.5,10.0,"[""BOTH_SIDES""]","[""BOTH_SIDES""]",0,20,0,20,20,0,0.0,-0.040419544932383825,0.040419544932383825,0.0406026266866389,0.045691271113796186,0.048824638771924,0.003951506216963573,0.017727051818038714,,,,,,,,,
session01,position,h10_p08,local_diag,base,local_diag:base,True,h10_p08,h10,p08,8,2178.0,10.0,"[""BOTH_SIDES""]","[""BOTH_SIDES""]",0,20,0,20,20,0,0.0,-0.08568772145200407,0.08568772145200407,0.08575963735998637,0.08973804749431995,0.09035028369985376,0.003602600300679017,0.015907837684283343,,,,,,,,,
session01,position,h10_p09,local_diag,base,local_diag:base,True,h10_p09,h10,p09,9,2484.5,10.0,"[""BOTH_SIDES""]","[""BOTH_SIDES""]",0,20,0,20,20,0,0.0,-0.03359491483513129,0.03359491483513129,0.033685704644912474,0.036285918390214,0.0367192133084604,0.0025357225990889766,0.017556966630887946,,,,,,,,,
session01,position,h10_p10,local_diag,base,local_diag:base,True,h10_p10,h10,p10,10,2848.5,10.0,"[""BOTH_SIDES""]","[""BOTH_SIDES""]",0,20,0,20,20,0,0.0,-0.20584538667382918,0.20584538667382918,0.20602586931919883,0.21578550296672117,0.23858022651867472,0.008845790782140458,0.0388090501950007,,,,,,,,,
session01,position,h20_p01,local_diag,base,local_diag:base,True,h20_p01,h20,p01,1,79.0,20.0,"[""AFTER_ONLY""]","[""ONE_SIDE""]",0,20,20,20,20,0,0.0,-0.24020981459948718,0.24020981459948718,0.2402368777425312,0.2450945383648321,0.24522924586762684,0.003699558659294084,0.014920814566303096,,,,,,,,,
session01,position,h20_p02,local_diag,base,local_diag:base,True,h20_p02,h20,p02,2,421.0,20.0,"[""BOTH_SIDES""]","[""BOTH_SIDES""]",0,20,0,20,20,0,0.0,-0.04503348096961268,0.04503348096961268,0.04508196430656732,0.04820388046959785,0.050507660141132504,0.0021445395771692477,0.017354224972416992,,,,,,,,,
session01,position,h20_p03,local_diag,base,local_diag:base,True,h20_p03,h20,p03,3,707.5,20.0,"[""BOTH_SIDES""]","[""BOTH_SIDES""]",0,20,0,20,20,0,0.0,-0.0840450733646474,0.0840450733646474,0.08408971741734936,0.08716789119403553,0.0882331418473683,0.0028109220178114914,0.01623426057925782,,,,,,,,,
session01,position,h20_p04,local_diag,base,local_diag:base,True,h20_p04,h20,p04,4,993.0,20.0,"[""BOTH_SIDES""]","[""BOTH_SIDES""]",0,20,0,20,20,0,0.0,-0.06819026095753156,0.06819026095753156,0.06824986992757223,0.07105563073475399,0.07226178064106747,0.002925937667839382,0.017545593373719963,,,,,,,,,
session01,position,h20_p05,local_diag,base,local_diag:base,True,h20_p05,h20,p05,5,1317.5,20.0,"[""BOTH_SIDES""]","[""BOTH_SIDES""]",0,20,0,20,20,0,0.0,-0.06751235379373952,0.06751235379373952,0.06754247332447201,0.07039501913002706,0.07109531795083512,0.0020692709155791444,0.013493020812702181,,,,,,,,,
session01,position,h20_p06,local_diag,base,local_diag:base,True,h20_p06,h20,p06,6,1616.0,20.0,"[""BOTH_SIDES""]","[""BOTH_SIDES""]",0,20,0,20,20,0,0.0,-0.1338100482709194,0.1338100482709194,0.13383422842554268,0.13752520458950812,0.13935532930201688,0.0026100373045431155,0.008166488102957312,,,,,,,,,
session01,position,h20_p07,local_diag,base,local_diag:base,True,h20_p07,h20,p07,7,1904.0,20.0,"[""BOTH_SIDES""]","[""BOTH_SIDES""]",0,20,0,20,20,0,0.0,-0.0602093360105874,0.0602093360105874,0.06030869189300571,0.06455057194977716,0.06686831812618266,0.003550266855748506,0.02770000025155585,,,,,,,,,
session01,position,h20_p08,local_diag,base,local_diag:base,True,h20_p08,h20,p08,8,2216.0,20.0,"[""BOTH_SIDES""]","[""BOTH_SIDES""]",0,20,0,20,20,0,0.0,-0.11273903359251439,0.11273903359251439,0.112750969940412,0.11489266714945394,0.11508494111052059,0.0016832071923010233,0.018888838613082718,,,,,,,,,
session01,position,h20_p09,local_diag,base,local_diag:base,True,h20_p09,h20,p09,9,2497.0,20.0,"[""BOTH_SIDES""]","[""BOTH_SIDES""]",0,20,0,20,20,0,0.0,-0.07304122949095718,0.07304122949095718,0.0730892781116662,0.07620571363224897,0.07725702325504358,0.00271862374892634,0.01648108683491479,,,,,,,,,
session01,position,h20_p10,local_diag,base,local_diag:base,True,h20_p10,h20,p10,10,2870.0,20.0,"[""BOTH_SIDES""]","[""BOTH_SIDES""]",0,20,0,20,20,0,0.0,-0.2116312385504136,0.2116312385504136,0.21167078713897583,0.2183809635953807,0.21914805933917236,0.004197868839198827,0.028652154176628107,,,,,,,,,
session01,position,h30_p01,local_diag,base,local_diag:base,True,h30_p01,h30,p01,1,68.0,30.0,"[""AFTER_ONLY""]","[""ONE_SIDE""]",0,20,20,20,20,0,0.0,-0.27714193872978327,0.27714193872978327,0.2771632923482737,0.2813318755108606,0.2838219745459831,0.0035297864005280266,0.036750818796628615,,,,,,,,,
session01,position,h30_p02,local_diag,base,local_diag:base,True,h30_p02,h30,p02,2,371.0,30.0,"[""BOTH_SIDES""]","[""BOTH_SIDES""]",0,20,0,20,20,0,0.0,-0.0571778019844885,0.0571778019844885,0.05720978601943873,0.05987911117077029,0.06084081925732576,0.001962430451356526,0.023456269875520432,,,,,,,,,
session01,position,h30_p03,local_diag,base,local_diag:base,True,h30_p03,h30,p03,3,668.5,30.0,"[""BOTH_SIDES""]","[""BOTH_SIDES""]",0,20,0,20,20,0,0.0,-0.06017089868478873,0.06017089868478873,0.060218849217624965,0.06464402486571234,0.06466440210150637,0.002465072340123492,0.01235231609254164,,,,,,,,,
session01,position,h30_p04,local_diag,base,local_diag:base,True,h30_p04,h30,p04,4,994.0,30.0,"[""BOTH_SIDES""]","[""BOTH_SIDES""]",0,20,0,20,20,0,0.0,-0.08846174422023498,0.08846174422023498,0.08848310486770382,0.09062522320075139,0.09129610628628626,0.001994639274284734,0.016405526616007117,,,,,,,,,
session01,position,h30_p05,local_diag,base,local_diag:base,True,h30_p05,h30,p05,5,1302.0,30.0,"[""BOTH_SIDES""]","[""BOTH_SIDES""]",0,20,0,20,20,0,0.0,-0.07981667769575455,0.07981667769575455,0.07984427326415784,0.08177069164002103,0.08490963179725952,0.0021535612350732252,0.015185760848832993,,,,,,,,,
session01,position,h30_p06,local_diag,base,local_diag:base,True,h30_p06,h30,p06,6,1616.5,30.0,"[""BOTH_SIDES""]","[""BOTH_SIDES""]",0,20,0,20,20,0,0.0,-0.14607715266533194,0.14607715266533194,0.14609299000843343,0.1490155850540372,0.14979281100576713,0.002206974302554936,0.013974466548497416,,,,,,,,,
session01,position,h30_p07,local_diag,base,local_diag:base,True,h30_p07,h30,p07,7,1892.0,30.0,"[""BOTH_SIDES""]","[""BOTH_SIDES""]",0,20,0,20,20,0,0.0,-0.07237618249421462,0.07237618249421462,0.07238813827162141,0.07458752636965738,0.07462290052396625,0.0013497641101990565,0.017005606791414277,,,,,,,,,
session01,position,h30_p08,local_diag,base,local_diag:base,True,h30_p08,h30,p08,8,2191.0,30.0,"[""BOTH_SIDES""]","[""BOTH_SIDES""]",0,20,0,20,20,0,0.0,-0.13251363469363006,0.13251363469363006,0.1325433513382772,0.13701173686547907,0.1371661953918739,0.002879437859091355,0.012936120919187147,,,,,,,,,
session01,position,h30_p09,local_diag,base,local_diag:base,True,h30_p09,h30,p09,9,2525.0,30.0,"[""BOTH_SIDES""]","[""BOTH_SIDES""]",0,20,0,20,20,0,0.0,-0.10135547590974366,0.10135547590974366,0.10137172434450593,0.10465251427448621,0.10513320086994682,0.0018620870260263813,0.015087278869788548,,,,,,,,,
session01,position,h30_p10,local_diag,base,local_diag:base,True,h30_p10,h30,p10,10,2870.0,30.0,"[""BOTH_SIDES""]","[""BOTH_SIDES""]",0,20,0,20,20,0,0.0,-0.2600986228647718,0.2600986228647718,0.2601220277161319,0.26424119844479127,0.26547543873560997,0.0035800157308221794,0.017290143235677152,,,,,,,,,
session01,height,h10,local_diag,base,local_diag:base,True,,h10,,,,10.0,"[""BOTH_SIDES""]","[""BOTH_SIDES""]",0,200,0,200,200,0,0.0,-0.08314353988082943,0.08314353988082943,0.09742192295234303,0.20295634278703822,0.23858022651867472,0.050903227211246516,0.020054108011847916,10,0.1735650454918989,0.05060140826951454,0.20584538667382918,p10,0.21578550296672117,p10,0.23858022651867472,p10
session01,height,h20,local_diag,base,local_diag:base,True,,h20,,,,20.0,"[""AFTER_ONLY"",""BOTH_SIDES""]","[""BOTH_SIDES"",""ONE_SIDE""]",0,200,20,200,200,0,0.0,-0.10964218696004104,0.10964218696004104,0.12666701895047242,0.24024049860169308,0.24522924586762684,0.06358727258336924,0.017943648228353884,10,0.1951763336298745,0.06336344922576363,0.24020981459948718,p01,0.2450945383648321,p01,0.24522924586762684,p01
session01,height,h30,local_diag,base,local_diag:base,True,,h30,,,,30.0,"[""AFTER_ONLY"",""BOTH_SIDES""]","[""BOTH_SIDES"",""ONE_SIDE""]",0,200,20,200,200,0,0.0,-0.1275190129942742,0.1275190129942742,0.14832861084048432,0.27722103165413203,0.2838219745459831,0.07595474795904186,0.018044430859409533,10,0.21996413674529477,0.07572557268568904,0.27714193872978327,p01,0.2813318755108606,p01,0.2838219745459831,p01
session01,pooled,session01,local_diag,base,local_diag:base,True,,h10,,,,10.0,"[""AFTER_ONLY"",""BOTH_SIDES""]","[""BOTH_SIDES"",""ONE_SIDE""]",0,600,40,600,600,0,0.0,-0.1067682466117149,0.1067682466117149,0.12587949469684548,0.2608039935774011,0.2838219745459831,0.06673538331527666,0.018680729033203777,,,,,,,,,
session01,position,h10_p01,local_diag,h1,local_diag:h1,True,h10_p01,h10,p01,1,106.0,10.0,"[""BOTH_SIDES""]","[""BOTH_SIDES""]",0,20,0,20,20,0,0.0,-0.07231228962566041,0.07231228962566041,0.07238224547926317,0.07642969238023137,0.07647441115854647,0.003264196478045479,0.022261356532327962,,,,,,,,,
session01,position,h10_p02,local_diag,h1,local_diag:h1,True,h10_p02,h10,p02,2,425.5,10.0,"[""BOTH_SIDES""]","[""BOTH_SIDES""]",0,20,0,20,20,0,0.0,-0.00917102127765652,0.00917102127765652,0.009784807336443728,0.014449657673560792,0.017131292400776488,0.0034995974710024407,0.01950658896576709,,,,,,,,,
session01,position,h10_p03,local_diag,h1,local_diag:h1,True,h10_p03,h10,p03,3,710.5,10.0,"[""BOTH_SIDES""]","[""BOTH_SIDES""]",0,20,0,20,20,0,0.0,-0.044381229948848674,0.044381229948848674,0.04448115369737319,0.048840303447955515,0.0489791464239655,0.0030572540959346796,0.014709940753667147,,,,,,,,,
session01,position,h10_p04,local_diag,h1,local_diag:h1,True,h10_p04,h10,p04,4,1021.5,10.0,"[""BOTH_SIDES""]","[""BOTH_SIDES""]",0,20,0,20,20,0,0.0,-0.026812549448674793,0.026812549448674793,0.027001396589344345,0.03138005317826727,0.0326314637720575,0.003270700848349666,0.017193127956351743,,,,,,,,,
session01,position,h10_p05,local_diag,h1,local_diag:h1,True,h10_p05,h10,p05,5,1317.5,10.0,"[""BOTH_SIDES""]","[""BOTH_SIDES""]",0,20,0,20,20,0,0.0,0.00792903257811899,0.008105129157997748,0.008675101756227106,0.012241865355058402,0.014142433196809634,0.0036110696557904976,0.017060793958239763,,,,,,,,,
session01,position,h10_p06,local_diag,h1,local_diag:h1,True,h10_p06,h10,p06,6,1606.0,10.0,"[""BOTH_SIDES""]","[""BOTH_SIDES""]",0,20,0,20,20,0,0.0,-0.08098159763983555,0.08098159763983555,0.08108382944538091,0.08546137675582806,0.09373626607315444,0.004176153005288631,0.019808365623914782,,,,,,,,,
session01,position,h10_p07,local_diag,h1,local_diag:h1,True,h10_p07,h10,p07,7,1913.5,10.0,"[""BOTH_SIDES""]","[""BOTH_SIDES""]",0,20,0,20,20,0,0.0,-0.00024300438764486288,0.0029862286046388855,0.0038746162081354017,0.007613842757793777,0.008682004032248614,0.003967446431559687,0.017727051818038714,,,,,,,,,
session01,position,h10_p08,local_diag,h1,local_diag:h1,True,h10_p08,h10,p08,8,2178.0,10.0,"[""BOTH_SIDES""]","[""BOTH_SIDES""]",0,20,0,20,20,0,0.0,-0.04569379088140364,0.04569379088140364,0.04582959735795342,0.049760455773451714,0.05037516171482004,0.0036171330430669114,0.015907837684283343,,,,,,,,,
session01,position,h10_p09,local_diag,h1,local_diag:h1,True,h10_p09,h10,p09,9,2484.5,10.0,"[""BOTH_SIDES""]","[""BOTH_SIDES""]",0,20,0,20,20,0,0.0,0.00660915598852263,0.00660915598852263,0.0070596543084461005,0.009917988098976862,0.01402940354882709,0.002545951600428257,0.017556966630887946,,,,,,,,,
session01,position,h10_p10,local_diag,h1,local_diag:h1,True,h10_p10,h10,p10,10,2848.5,10.0,"[""BOTH_SIDES""]","[""BOTH_SIDES""]",0,20,0,20,20,0,0.0,-0.1663361672143365,0.1663361672143365,0.16656127125084133,0.1763163815301379,0.19920305806536476,0.008881474340660894,0.0388090501950007,,,,,,,,,
session01,position,h20_p01,local_diag,h1,local_diag:h1,True,h20_p01,h20,p01,1,79.0,20.0,"[""AFTER_ONLY""]","[""ONE_SIDE""]",0,20,20,20,20,0,0.0,-0.16049962850070082,0.16049962850070082,0.16054045677114975,0.16540405704209604,0.1655393079494516,0.003714482527738566,0.014920814566303096,,,,,,,,,
session01,position,h20_p02,local_diag,h1,local_diag:h1,True,h20_p02,h20,p02,2,421.0,20.0,"[""BOTH_SIDES""]","[""BOTH_SIDES""]",0,20,0,20,20,0,0.0,0.03546403848290609,0.03546403848290609,0.035526081174740744,0.03771309831253618,0.04042748355146841,0.002153190562184044,0.017354224972416992,,,,,,,,,
session01,position,h20_p03,local_diag,h1,local_diag:h1,True,h20_p03,h20,p03,3,707.5,20.0,"[""BOTH_SIDES""]","[""BOTH_SIDES""]",0,20,0,20,20,0,0.0,-0.0037049250815913482,0.003823726827176266,0.004614473970599538,0.006840340230487209,0.007909888061419679,0.002822261162359753,0.01623426057925782,,,,,,,,,
session01,position,h20_p04,local_diag,h1,local_diag:h1,True,h20_p04,h20,p04,4,993.0,20.0,"[""BOTH_SIDES""]","[""BOTH_SIDES""]",0,20,0,20,20,0,0.0,0.012213844990847633,0.012213844990847633,0.012544991602666658,0.016785447448119054,0.021170223998375093,0.0029377407808190855,0.017545593373719963,,,,,,,,,
session01,position,h20_p05,local_diag,h1,local_diag:h1,True,h20_p05,h20,p05,5,1317.5,20.0,"[""BOTH_SIDES""]","[""BOTH_SIDES""]",0,20,0,20,20,0,0.0,0.012894486804434103,0.012894486804434103,0.013052527063420851,0.0159496562899184,0.016044877281466086,0.002077618269889216,0.013493020812702181,,,,,,,,,
session01,position,h20_p06,local_diag,h1,local_diag:h1,True,h20_p06,h20,p06,6,1616.0,20.0,"[""BOTH_SIDES""]","[""BOTH_SIDES""]",0,20,0,20,20,0,0.0,-0.05367064986292665,0.05367064986292665,0.05373139357025085,0.057400792970280536,0.05923830033108857,0.0026205660883673624,0.008166488102957312,,,,,,,,,
session01,position,h20_p07,local_diag,h1,local_diag:h1,True,h20_p07,h20,p07,7,1904.0,20.0,"[""BOTH_SIDES""]","[""BOTH_SIDES""]",0,20,0,20,20,0,0.0,0.02022696466287712,0.02022696466287712,0.020523183866104317,0.026792636968329654,0.02756199051821895,0.003564588487158642,0.02770000025155585,,,,,,,,,
session01,position,h20_p08,local_diag,h1,local_diag:h1,True,h20_p08,h20,p08,8,2216.0,20.0,"[""BOTH_SIDES""]","[""BOTH_SIDES""]",0,20,0,20,20,0,0.0,-0.03251463557240246,0.03251463557240246,0.03255633290706117,0.0346769567991009,0.03487000638546789,0.0016899971813287436,0.018888838613082718,,,,,,,,,
session01,position,h20_p09,local_diag,h1,local_diag:h1,True,h20_p09,h20,p09,9,2497.0,20.0,"[""BOTH_SIDES""]","[""BOTH_SIDES""]",0,20,0,20,20,0,0.0,0.00734330784859889,0.00734330784859889,0.007810397018368939,0.011216148802125583,0.015141087890750526,0.0027295905660300723,0.01648108683491479,,,,,,,,,
session01,position,h20_p10,local_diag,h1,local_diag:h1,True,h20_p10,h20,p10,10,2870.0,20.0,"[""BOTH_SIDES""]","[""BOTH_SIDES""]",0,20,0,20,20,0,0.0,-0.13180576764374585,0.13180576764374585,0.13186977181762619,0.13858272080370818,0.1393529109803815,0.004214802870544855,0.028652154176628107,,,,,,,,,
session01,position,h30_p01,local_diag,h1,local_diag:h1,True,h30_p01,h30,p01,1,68.0,30.0,"[""AFTER_ONLY""]","[""ONE_SIDE""]",0,20,20,20,20,0,0.0,-0.15724114397326047,0.15724114397326047,0.15727908147097033,0.16144798278808475,0.16394812678095505,0.0035440254146186794,0.036750818796628615,,,,,,,,,
session01,position,h30_p02,local_diag,h1,local_diag:h1,True,h30_p02,h30,p02,2,371.0,30.0,"[""BOTH_SIDES""]","[""BOTH_SIDES""]",0,20,0,20,20,0,0.0,0.0636103191105489,0.0636103191105489,0.06363930271923886,0.06622769232525183,0.06660129201624798,0.001970346815599913,0.023456269875520432,,,,,,,,,
session01,position,h30_p03,local_diag,h1,local_diag:h1,True,h30_p03,h30,p03,3,668.5,30.0,"[""BOTH_SIDES""]","[""BOTH_SIDES""]",0,20,0,20,20,0,0.0,0.06060514838047641,0.06060514838047641,0.06065314032112711,0.06402706693177204,0.06556299031844404,0.0024750163412054554,0.01235231609254164,,,,,,,,,
session01,position,h30_p04,local_diag,h1,local_diag:h1,True,h30_p04,h30,p04,4,994.0,30.0,"[""BOTH_SIDES""]","[""BOTH_SIDES""]",0,20,0,20,20,0,0.0,0.03220017873028187,0.03220017873028187,0.03225928893002215,0.035118989552028704,0.037193072349388956,0.0020026855676033672,0.016405526616007117,,,,,,,,,
session01,position,h30_p05,local_diag,h1,local_diag:h1,True,h30_p05,h30,p05,5,1302.0,30.0,"[""BOTH_SIDES""]","[""BOTH_SIDES""]",0,20,0,20,20,0,0.0,0.040880119099830206,0.040880119099830206,0.04093440717450127,0.04395308908765187,0.044432047213774695,0.0021622486130874535,0.015185760848832993,,,,,,,,,
session01,position,h30_p06,local_diag,h1,local_diag:h1,True,h30_p06,h30,p06,6,1616.5,30.0,"[""BOTH_SIDES""]","[""BOTH_SIDES""]",0,20,0,20,20,0,0.0,-0.025647647917955575,0.025647647917955575,0.025738423605112585,0.02859793382283282,0.029378295072291394,0.002215877146700412,0.013974466548497416,,,,,,,,,
session01,position,h30_p07,local_diag,h1,local_diag:h1,True,h30_p07,h30,p07,7,1892.0,30.0,"[""BOTH_SIDES""]","[""BOTH_SIDES""]",0,20,0,20,20,0,0.0,0.048350628954947614,0.048350628954947614,0.048368668394012306,0.04992350437412707,0.050139388181648314,0.0013552090034599238,0.017005606791414277,,,,,,,,,
session01,position,h30_p08,local_diag,h1,local_diag:h1,True,h30_p08,h30,p08,8,2191.0,30.0,"[""BOTH_SIDES""]","[""BOTH_SIDES""]",0,20,0,20,20,0,0.0,-0.012029415269046061,0.012029415269046061,0.01235504398836196,0.016545662601237153,0.016700744207014395,0.0028910533937432166,0.012936120919187147,,,,,,,,,
session01,position,h30_p09,local_diag,h1,local_diag:h1,True,h30_p09,h30,p09,9,2525.0,30.0,"[""BOTH_SIDES""]","[""BOTH_SIDES""]",0,20,0,20,20,0,0.0,0.019254434254056284,0.019254434254056284,0.019340472265552026,0.021950060487643697,0.02286653142267525,0.0018695986089929722,0.015087278869788548,,,,,,,,,
session01,position,h30_p10,local_diag,h1,local_diag:h1,True,h30_p10,h30,p10,10,2870.0,30.0,"[""BOTH_SIDES""]","[""BOTH_SIDES""]",0,20,0,20,20,0,0.0,-0.1401290760685466,0.1401290760685466,0.14017286498251444,0.1442883626291634,0.14552758179487668,0.003594457367978236,0.017290143235677152,,,,,,,,,
session01,height,h10,local_diag,h1,local_diag:h1,True,,h10,,,,10.0,"[""BOTH_SIDES""]","[""BOTH_SIDES""]",0,200,0,200,200,0,0.0,-0.04313934618574193,0.046338915978757535,0.06678344525379633,0.16343546904257042,0.19920305806536476,0.05110856874959114,0.020054108011847916,10,0.1742651997924555,0.05080553228258243,0.1663361672143365,p10,0.1763163815301379,p10,0.19920305806536476,p10
session01,height,h20,local_diag,h1,local_diag:h1,True,,h20,,,,20.0,"[""AFTER_ONLY"",""BOTH_SIDES""]","[""BOTH_SIDES"",""ONE_SIDE""]",0,200,20,200,200,0,0.0,-0.029405296387170328,0.047045705119661586,0.07014499049481522,0.16053043628091873,0.1655393079494516,0.06384378104239544,0.017943648228353884,10,0.1959636669836069,0.06361905479051208,0.16049962850070082,p01,0.16540405704209604,p01,0.1655393079494516,p01
session01,height,h30,local_diag,h1,local_diag:h1,True,,h30,,,,30.0,"[""AFTER_ONLY"",""BOTH_SIDES""]","[""BOTH_SIDES"",""ONE_SIDE""]",0,200,20,200,200,0,0.0,-0.007014645469866743,0.059994811175895,0.07639298969896204,0.15732055595523295,0.16394812678095505,0.07626114630832068,0.018044430859409533,10,0.22085146308380937,0.07603104655128069,0.15724114397326047,p01,0.16144798278808475,p01,0.16394812678095505,p01
session01,pooled,session01,local_diag,h1,local_diag:h1,True,,h10,,,,10.0,"[""AFTER_ONLY"",""BOTH_SIDES""]","[""BOTH_SIDES"",""ONE_SIDE""]",0,600,40,600,600,0,0.0,-0.026519762680926335,0.05112647742477138,0.07121853018849858,0.16076549671094184,0.19920305806536476,0.06615190615069012,0.018680729033203777,,,,,,,,,
session01,position,h10_p01,local_diag,hb2,local_diag:hb2,True,h10_p01,h10,p01,1,106.0,10.0,"[""BOTH_SIDES""]","[""BOTH_SIDES""]",0,20,0,20,20,0,0.0,-0.06958983384048487,0.06958983384048487,0.06966210747762068,0.07369585358162736,0.07373603857580413,0.0032548335356062156,0.022261356532327962,,,,,,,,,
session01,position,h10_p02,local_diag,hb2,local_diag:hb2,True,h10_p02,h10,p02,2,425.5,10.0,"[""BOTH_SIDES""]","[""BOTH_SIDES""]",0,20,0,20,20,0,0.0,-0.006447607851588444,0.006447607851588444,0.007288633623698045,0.011706811223086701,0.014372497794823857,0.0034871996143243556,0.01950658896576709,,,,,,,,,
session01,position,h10_p03,local_diag,hb2,local_diag:hb2,True,h10_p03,h10,p03,3,710.5,10.0,"[""BOTH_SIDES""]","[""BOTH_SIDES""]",0,20,0,20,20,0,0.0,-0.04125340398145605,0.04125340398145605,0.04136032065650565,0.04569859542004586,0.04583772045412182,0.0030492077921552988,0.014709940753667147,,,,,,,,,
session01,position,h10_p04,local_diag,hb2,local_diag:hb2,True,h10_p04,h10,p04,4,1021.5,10.0,"[""BOTH_SIDES""]","[""BOTH_SIDES""]",0,20,0,20,20,0,0.0,-0.022965278273302126,0.022965278273302126,0.0231842661857338,0.027518118024865146,0.028771119785545807,0.003261609612439036,0.017193127956351743,,,,,,,,,
session01,position,h10_p05,local_diag,hb2,local_diag:hb2,True,h10_p05,h10,p05,5,1317.5,10.0,"[""BOTH_SIDES""]","[""BOTH_SIDES""]",0,20,0,20,20,0,0.0,0.012483372905473189,0.012483372905473189,0.012966847428763507,0.01676812344086036,0.018671507404929955,0.0035989081887835574,0.017060793958239763,,,,,,,,,
session01,position,h10_p06,local_diag,hb2,local_diag:hb2,True,h10_p06,h10,p06,6,1606.0,10.0,"[""BOTH_SIDES""]","[""BOTH_SIDES""]",0,20,0,20,20,0,0.0,-0.07579994012655548,0.07579994012655548,0.07590846225640435,0.08027168717449706,0.08850643564925598,0.004162959339923967,0.019808365623914782,,,,,,,,,
session01,position,h10_p07,local_diag,hb2,local_diag:hb2,True,h10_p07,h10,p07,7,1913.5,10.0,"[""BOTH_SIDES""]","[""BOTH_SIDES""]",0,20,0,20,20,0,0.0,0.005248556691607309,0.005565313211381007,0.00651226229770915,0.011012440401632963,0.013029896840020427,0.003955304617871549,0.017727051818038714,,,,,,,,,
session01,position,h10_p08,local_diag,hb2,local_diag:hb2,True,h10_p08,h10,p08,8,2178.0,10.0,"[""BOTH_SIDES""]","[""BOTH_SIDES""]",0,20,0,20,20,0,0.0,-0.03959962089665377,0.03959962089665377,0.03975529947414625,0.04365677907426626,0.04426327758240056,0.003606114853580852,0.015907837684283343,,,,,,,,,
session01,position,h10_p09,local_diag,hb2,local_diag:hb2,True,h10_p09,h10,p09,9,2484.5,10.0,"[""BOTH_SIDES""]","[""BOTH_SIDES""]",0,20,0,20,20,0,0.0,0.013116848371224066,0.013116848371224066,0.013347941492580966,0.016411927524147,0.020509893277635527,0.0025372656014489266,0.017556966630887946,,,,,,,,,
session01,position,h10_p10,local_diag,hb2,local_diag:hb2,True,h10_p10,h10,p10,10,2848.5,10.0,"[""BOTH_SIDES""]","[""BOTH_SIDES""]",0,20,0,20,20,0,0.0,-0.1589432589543426,0.1589432589543426,0.15917717315459207,0.16888873315086103,0.1916910484266907,0.00885038723266864,0.0388090501950007,,,,,,,,,
session01,position,h20_p01,local_diag,hb2,local_diag:hb2,True,h20_p01,h20,p01,1,79.0,20.0,"[""AFTER_ONLY""]","[""ONE_SIDE""]",0,20,20,20,20,0,0.0,-0.17545464290649945,0.17545464290649945,0.17549171815632938,0.18033176335375778,0.1804826576535561,0.003700842580208593,0.014920814566303096,,,,,,,,,
session01,position,h20_p02,local_diag,hb2,local_diag:hb2,True,h20_p02,h20,p02,2,421.0,20.0,"[""BOTH_SIDES""]","[""BOTH_SIDES""]",0,20,0,20,20,0,0.0,0.020066799156602144,0.020066799156602144,0.020175534956906323,0.02231013899757617,0.025020664904783274,0.0021461795691636127,0.017354224972416992,,,,,,,,,
session01,position,h20_p03,local_diag,hb2,local_diag:hb2,True,h20_p03,h20,p03,3,707.5,20.0,"[""BOTH_SIDES""]","[""BOTH_SIDES""]",0,20,0,20,20,0,0.0,-0.018691705047783634,0.018691705047783634,0.018891627168736692,0.021814598676463248,0.02288212464866035,0.002812329899269709,0.01623426057925782,,,,,,,,,
session01,position,h20_p04,local_diag,hb2,local_diag:hb2,True,h20_p04,h20,p04,4,993.0,20.0,"[""BOTH_SIDES""]","[""BOTH_SIDES""]",0,20,0,20,20,0,0.0,-0.0021211699383663074,0.003069574184233659,0.00355495012356157,0.006227385159855281,0.006801793022667368,0.0029268823854925975,0.017545593373719963,,,,,,,,,
session01,position,h20_p05,local_diag,hb2,local_diag:hb2,True,h20_p05,h20,p05,5,1317.5,20.0,"[""BOTH_SIDES""]","[""BOTH_SIDES""]",0,20,0,20,20,0,0.0,-0.000654183058972535,0.0018436060706118695,0.0021212443585076003,0.0035379115915439747,0.0042332016357278235,0.0020702713155154218,0.013493020812702181,,,,,,,,,
session01,position,h20_p06,local_diag,hb2,local_diag:hb2,True,h20_p06,h20,p06,6,1616.0,20.0,"[""BOTH_SIDES""]","[""BOTH_SIDES""]",0,20,0,20,20,0,0.0,-0.06661005593201672,0.06661005593201672,0.0666587347800246,0.07033266056935031,0.07215966542451824,0.002613199532588479,0.008166488102957312,,,,,,,,,
session01,position,h20_p07,local_diag,hb2,local_diag:hb2,True,h20_p07,h20,p07,7,1904.0,20.0,"[""BOTH_SIDES""]","[""BOTH_SIDES""]",0,20,0,20,20,0,0.0,0.007593671714533556,0.007593671714533556,0.008346028454395499,0.01413949331736273,0.014909335097023302,0.0035529588638014936,0.02770000025155585,,,,,,,,,
session01,position,h20_p08,local_diag,hb2,local_diag:hb2,True,h20_p08,h20,p08,8,2216.0,20.0,"[""BOTH_SIDES""]","[""BOTH_SIDES""]",0,20,0,20,20,0,0.0,-0.04443962362256002,0.04443962362256002,0.04447002300018253,0.04659957519543205,0.04679058834197747,0.0016867277326758057,0.018888838613082718,,,,,,,,,
session01,position,h20_p09,local_diag,hb2,local_diag:hb2,True,h20_p09,h20,p09,9,2497.0,20.0,"[""BOTH_SIDES""]","[""BOTH_SIDES""]",0,20,0,20,20,0,0.0,-0.0042113185845488845,0.004567400715709801,0.004976214634030058,0.007381568522247584,0.008429484339789184,0.002719811886561679,0.01648108683491479,,,,,,,,,
session01,position,h20_p10,local_diag,hb2,local_diag:hb2,True,h20_p10,h20,p10,10,2870.0,20.0,"[""BOTH_SIDES""]","[""BOTH_SIDES""]",0,20,0,20,20,0,0.0,-0.14254620370029142,0.14254620370029142,0.14260495853314561,0.14929384061429155,0.1500677392740819,0.004199499829267253,0.028652154176628107,,,,,,,,,
session01,position,h30_p01,local_diag,hb2,local_diag:hb2,True,h30_p01,h30,p01,1,68.0,30.0,"[""AFTER_ONLY""]","[""ONE_SIDE""]",0,20,20,20,20,0,0.0,-0.19020163145433902,0.19020163145433902,0.1902327943685398,0.19439340580900008,0.19689046535007648,0.0035326217148083927,0.036750818796628615,,,,,,,,,
session01,position,h30_p02,local_diag,hb2,local_diag:hb2,True,h30_p02,h30,p02,2,371.0,30.0,"[""BOTH_SIDES""]","[""BOTH_SIDES""]",0,20,0,20,20,0,0.0,0.030113583871207793,0.030113583871207793,0.030174373830294487,0.0327221890339068,0.033100081010303484,0.001964126290851818,0.023456269875520432,,,,,,,,,
session01,position,h30_p03,local_diag,hb2,local_diag:hb2,True,h30_p03,h30,p03,3,668.5,30.0,"[""BOTH_SIDES""]","[""BOTH_SIDES""]",0,20,0,20,20,0,0.0,0.027393236129478284,0.027393236129478284,0.027498411607073222,0.03080709597119409,0.03233023593686468,0.0024651796703315065,0.01235231609254164,,,,,,,,,
session01,position,h30_p04,local_diag,hb2,local_diag:hb2,True,h30_p04,h30,p04,4,994.0,30.0,"[""BOTH_SIDES""]","[""BOTH_SIDES""]",0,20,0,20,20,0,0.0,-0.0002138553023085521,0.001605212223594954,0.0019591482294941446,0.0031363401023936544,0.00476746530538108,0.001998032636265921,0.016405526616007117,,,,,,,,,
session01,position,h30_p05,local_diag,hb2,local_diag:hb2,True,h30_p05,h30,p05,5,1302.0,30.0,"[""BOTH_SIDES""]","[""BOTH_SIDES""]",0,20,0,20,20,0,0.0,0.009220506647244341,0.009220506647244341,0.009456536265916369,0.012271224493681565,0.012759918297565065,0.002154147851230858,0.015185760848832993,,,,,,,,,
session01,position,h30_p06,local_diag,hb2,local_diag:hb2,True,h30_p06,h30,p06,6,1616.5,30.0,"[""BOTH_SIDES""]","[""BOTH_SIDES""]",0,20,0,20,20,0,0.0,-0.05667665159078048,0.05667665159078048,0.05671756291798611,0.05962171812944881,0.06039589530261935,0.00220981252193464,0.013974466548497416,,,,,,,,,
session01,position,h30_p07,local_diag,hb2,local_diag:hb2,True,h30_p07,h30,p07,7,1892.0,30.0,"[""BOTH_SIDES""]","[""BOTH_SIDES""]",0,20,0,20,20,0,0.0,0.017582992523896657,0.017582992523896657,0.017632258277176387,0.01914625606826519,0.019359230296949193,0.0013513758515907317,0.017005606791414277,,,,,,,,,
session01,position,h30_p08,local_diag,hb2,local_diag:hb2,True,h30_p08,h30,p08,8,2191.0,30.0,"[""BOTH_SIDES""]","[""BOTH_SIDES""]",0,20,0,20,20,0,0.0,-0.04208846722850623,0.04208846722850623,0.04218212059952812,0.046582743162408846,0.04675263740444535,0.002882291600736324,0.012936120919187147,,,,,,,,,
session01,position,h30_p09,local_diag,hb2,local_diag:hb2,True,h30_p09,h30,p09,9,2525.0,30.0,"[""BOTH_SIDES""]","[""BOTH_SIDES""]",0,20,0,20,20,0,0.0,-0.010357257945168463,0.010357257945168463,0.010515479338853547,0.013653854323793447,0.014138669513371838,0.0018644919113459074,0.015087278869788548,,,,,,,,,
session01,position,h30_p10,local_diag,hb2,local_diag:hb2,True,h30_p10,h30,p10,10,2870.0,30.0,"[""BOTH_SIDES""]","[""BOTH_SIDES""]",0,20,0,20,20,0,0.0,-0.16887464998338347,0.16887464998338347,0.16891078935314888,0.17302296162346273,0.17425378102408828,0.0035846680670733795,0.017290143235677152,,,,,,,,,
session01,height,h10,local_diag,hb2,local_diag:hb2,True,,h10,,,,10.0,"[""BOTH_SIDES""]","[""BOTH_SIDES""]",0,200,0,200,200,0,0.0,-0.03837501659560788,0.04457644784124616,0.06342143713931936,0.15605955630478938,0.1916910484266907,0.05062063843216377,0.020054108011847916,10,0.17206010732556667,0.05031828604300914,0.1589432589543426,p10,0.16888873315086103,p10,0.1916910484266907,p10
session01,height,h20,local_diag,hb2,local_diag:hb2,True,,h20,,,,20.0,"[""AFTER_ONLY"",""BOTH_SIDES""]","[""BOTH_SIDES"",""ONE_SIDE""]",0,200,20,200,200,0,0.0,-0.04270684319199033,0.048488328305084226,0.07643951154131357,0.1754839308235498,0.1804826576535561,0.0635556533647674,0.017943648228353884,10,0.1955214420631016,0.06333180061330673,0.17545464290649945,p01,0.18033176335375778,p01,0.1804826576535561,p01
session01,height,h30,local_diag,hb2,local_diag:hb2,True,,h30,,,,30.0,"[""AFTER_ONLY"",""BOTH_SIDES""]","[""BOTH_SIDES"",""ONE_SIDE""]",0,200,20,200,200,0,0.0,-0.03841021943326592,0.05541141895975997,0.08479208436485733,0.1902795745725614,0.19689046535007648,0.07578303209686464,0.018044430859409533,10,0.22031521532554682,0.07555412336156633,0.19020163145433902,p01,0.19439340580900008,p01,0.19689046535007648,p01
session01,pooled,session01,local_diag,hb2,local_diag:hb2,True,,h10,,,,10.0,"[""AFTER_ONLY"",""BOTH_SIDES""]","[""BOTH_SIDES"",""ONE_SIDE""]",0,600,40,600,600,0,0.0,-0.03983069307362137,0.04949206503536345,0.07539888413062076,0.17584993675224306,0.19689046535007648,0.06407300419986882,0.018680729033203777,,,,,,,,,
