dataset,region,threshold_v,scope,model,n_total,n_valid,n_invalid,invalid_rate,bias_mm,mae_mm,rmse_mm,p95_abs_mm,max_abs_mm,repeatability_std_mm,covered_heights,covered_positions,covered_height_count,covered_position_count,error_gt_0_1_fraction,error_gt_0_2_fraction,residual_v_spearman_rho,residual_v_spearman_pvalue,worst_condition,v_min,v_max
session01,all,,pooled,base,600,600,0,0.0,-1.2809048512924937,1.2809048512924937,1.939630084205368,4.480662165359854,4.5362323752311475,1.4577342948151917,"[""h10"",""h20"",""h30""]","[""h10_p01"",""h10_p02"",""h10_p03"",""h10_p04"",""h10_p05"",""h10_p06"",""h10_p07"",""h10_p08"",""h10_p09"",""h10_p10"",""h20_p01"",""h20_p02"",""h20_p03"",""h20_p04"",""h20_p05"",""h20_p06"",""h20_p07"",""h20_p08"",""h20_p09"",""h20_p10"",""h30_p01"",""h30_p02"",""h30_p03"",""h30_p04"",""h30_p05"",""h30_p06"",""h30_p07"",""h30_p08"",""h30_p09"",""h30_p10""]",3,30,0.945,0.5316666666666666,0.3684328818879629,9.972809292441255e-21,h30_p03,47.5,2897.5
session01,all,,pooled,h1,600,600,0,0.0,-1.2053927864423921,1.2053927864423921,1.882348603757948,4.377718199415321,4.43351257724229,1.4469810249642137,"[""h10"",""h20"",""h30""]","[""h10_p01"",""h10_p02"",""h10_p03"",""h10_p04"",""h10_p05"",""h10_p06"",""h10_p07"",""h10_p08"",""h10_p09"",""h10_p10"",""h20_p01"",""h20_p02"",""h20_p03"",""h20_p04"",""h20_p05"",""h20_p06"",""h20_p07"",""h20_p08"",""h20_p09"",""h20_p10"",""h30_p01"",""h30_p02"",""h30_p03"",""h30_p04"",""h30_p05"",""h30_p06"",""h30_p07"",""h30_p08"",""h30_p09"",""h30_p10""]",3,30,0.5466666666666666,0.47833333333333333,0.46780706914955866,5.881383866499226e-34,h30_p03,47.5,2897.5
session01,all,,pooled,hb2,600,260,340,0.5666666666666667,-0.37693440434622555,0.37693440434622555,0.8882669245365563,3.002350435746237,3.1406484070718683,0.8058761793331662,"[""h10"",""h20"",""h30""]","[""h10_p01"",""h10_p07"",""h10_p08"",""h10_p09"",""h10_p10"",""h20_p07"",""h20_p08"",""h20_p09"",""h20_p10"",""h30_p07"",""h30_p08"",""h30_p09"",""h30_p10""]",3,13,0.3346153846153846,0.25769230769230766,-0.3373085329174571,2.4466182532100705e-08,h30_p10,47.5,2897.5
session01,all,,height:h10,base,200,200,0,0.0,-0.5854274386587482,0.5854274386587482,0.9627940486324151,2.108822260249633,2.2121326368528758,0.7662786759354733,"[""h10""]","[""h10_p01"",""h10_p02"",""h10_p03"",""h10_p04"",""h10_p05"",""h10_p06"",""h10_p07"",""h10_p08"",""h10_p09"",""h10_p10""]",1,10,0.835,0.495,0.1630593734025613,0.021053946367478718,h10_p06,112.5,2852.5
session01,all,,height:h10,h1,200,200,0,0.0,-0.5474494376848564,0.5474494376848564,0.9426935589702342,2.0769895717305595,2.180716698171109,0.769369812799238,"[""h10""]","[""h10_p01"",""h10_p02"",""h10_p03"",""h10_p04"",""h10_p05"",""h10_p06"",""h10_p07"",""h10_p08"",""h10_p09"",""h10_p10""]",1,10,0.54,0.335,0.1630593734025613,0.021053946367478718,h10_p06,112.5,2852.5
session01,all,,height:h10,hb2,200,100,100,0.5,-0.23162809871612275,0.23162809871612275,0.4343991486503418,1.4620013542792085,1.6654074897361557,0.36934427868216446,"[""h10""]","[""h10_p01"",""h10_p07"",""h10_p08"",""h10_p09"",""h10_p10""]",1,5,0.47,0.27,0.004899224452913338,0.9614161287439322,h10_p07,112.5,2852.5
session01,all,,height:h20,base,200,200,0,0.0,-0.8416618285746448,0.8416618285746448,1.3579807072712928,3.094747182987764,3.10222639342766,1.068374507409193,"[""h20""]","[""h20_p01"",""h20_p02"",""h20_p03"",""h20_p04"",""h20_p05"",""h20_p06"",""h20_p07"",""h20_p08"",""h20_p09"",""h20_p10""]",1,10,1.0,0.4,0.39781904080499136,5.433994907292567e-09,h20_p03,62.5,2862.5
session01,all,,height:h20,h1,200,200,0,0.0,-0.7643778753211279,0.7643778753211279,1.314979793349189,3.026552083978731,3.0340614652478948,1.0726842865115898,"[""h20""]","[""h20_p01"",""h20_p02"",""h20_p03"",""h20_p04"",""h20_p05"",""h20_p06"",""h20_p07"",""h20_p08"",""h20_p09"",""h20_p10""]",1,10,0.4,0.4,0.39781904080499136,5.433994907292567e-09,h20_p03,62.5,2862.5
session01,all,,height:h20,hb2,200,80,120,0.6,-0.12350992411183945,0.12350992411183945,0.16043238712907437,0.30304442206342586,0.3050035295931366,0.10303667522458966,"[""h20""]","[""h20_p07"",""h20_p08"",""h20_p09"",""h20_p10""]",1,4,0.25,0.25,-0.39313852478715916,0.00030927762369885276,h20_p10,62.5,2862.5
session01,all,,height:h30,base,200,200,0,0.0,-2.4156252866440884,2.4156252866440884,2.918117648289824,4.5318588501220045,4.5362323752311475,1.641229188759565,"[""h30""]","[""h30_p01"",""h30_p02"",""h30_p03"",""h30_p04"",""h30_p05"",""h30_p06"",""h30_p07"",""h30_p08"",""h30_p09"",""h30_p10""]",1,10,1.0,0.7,0.7054247596387433,2.0150904970029166e-31,h30_p03,47.5,2897.5
session01,all,,height:h30,h1,200,200,0,0.0,-2.3043510463211923,2.3043510463211923,2.830523943577911,4.429121409511587,4.43351257724229,1.6478498402360893,"[""h30""]","[""h30_p01"",""h30_p02"",""h30_p03"",""h30_p04"",""h30_p05"",""h30_p06"",""h30_p07"",""h30_p08"",""h30_p09"",""h30_p10""]",1,10,0.7,0.7,0.7054247596387433,2.0150904970029166e-31,h30_p03,47.5,2897.5
session01,all,,height:h30,hb2,200,80,120,0.6,-0.8119917666182399,0.8119917666182399,1.5174623862581225,3.068763057602524,3.1406484070718683,1.2900246154662103,"[""h30""]","[""h30_p07"",""h30_p08"",""h30_p09"",""h30_p10""]",1,4,0.25,0.25,-0.5248302473759613,5.806811069869939e-07,h30_p10,47.5,2897.5
session01,all,,position:h10:p01,base,20,20,0,0.0,-0.23013497744572078,0.23013497744572078,0.23017071611371068,0.234597103943708,0.2389555430975232,0.0041613146146491945,"[""h10""]","[""h10_p01""]",1,1,1.0,1.0,,,h10_p01,112.5,112.5
session01,all,,position:h10:p01,h1,20,20,0,0.0,-0.19072374120277685,0.19072374120277685,0.19076721196642288,0.19520386773670612,0.1995798886559541,0.004178101187747026,"[""h10""]","[""h10_p01""]",1,1,1.0,0.0,,,h10_p01,112.5,112.5
session01,all,,position:h10:p01,hb2,20,20,0,0.0,-0.18753487917490635,0.18753487917490635,0.18757883718024662,0.19199653179158532,0.19636243107048834,0.004166186031518,"[""h10""]","[""h10_p01""]",1,1,1.0,0.0,,,h10_p01,112.5,112.5
session01,all,,position:h10:p02,base,20,20,0,0.0,-0.12994542146369045,0.12994542146369045,0.13003637003566126,0.13733991894990397,0.13981747725817506,0.004988932242608372,"[""h10""]","[""h10_p02""]",1,1,1.0,0.0,,,h10_p02,437.5,437.5
session01,all,,position:h10:p02,h1,20,20,0,0.0,-0.09013002464628936,0.09013002464628936,0.09026215965671058,0.09755435123317611,0.10004190391041412,0.005009057391395769,"[""h10""]","[""h10_p02""]",1,1,0.05,0.0,,,h10_p02,437.5,437.5
session01,all,,position:h10:p02,hb2,20,0,20,1.0,,,,,,,[],[],0,0,,,,,,437.5,437.5
session01,all,,position:h10:p03,base,20,20,0,0.0,-0.2005992961987383,0.2005992961987383,0.20062079797669666,0.20498163065119898,0.20554365340880132,0.0030134689535644093,"[""h10""]","[""h10_p03""]",1,1,1.0,0.6,,,h10_p03,702.5,702.5
session01,all,,position:h10:p03,h1,20,20,0,0.0,-0.16106891422465736,0.16106891422465736,0.16109590875240254,0.16546892683520947,0.1660332167696481,0.0030256251641739155,"[""h10""]","[""h10_p03""]",1,1,1.0,0.0,,,h10_p03,702.5,702.5
session01,all,,position:h10:p03,hb2,20,0,20,1.0,,,,,,,[],[],0,0,,,,,,702.5,702.5
session01,all,,position:h10:p04,base,20,20,0,0.0,-0.11404985490456188,0.11404985490456188,0.1140831745010319,0.11823101117825638,0.12007520805976135,0.0028286691089027534,"[""h10""]","[""h10_p04""]",1,1,1.0,0.0,,,h10_p04,1027.5,1027.5
session01,all,,position:h10:p04,h1,20,20,0,0.0,-0.07417033602125392,0.07417033602125392,0.07422197448433075,0.07836835890848803,0.0802199952048479,0.0028400798444908385,"[""h10""]","[""h10_p04""]",1,1,0.0,0.0,,,h10_p04,1027.5,1027.5
session01,all,,position:h10:p04,hb2,20,0,20,1.0,,,,,,,[],[],0,0,,,,,,1027.5,1027.5
session01,all,,position:h10:p05,base,20,20,0,0.0,-1.9296081047628502,1.9296081047628502,1.9297885021639754,1.9741761072198243,1.9749821741105986,0.02707154493288982,"[""h10""]","[""h10_p05""]",1,1,1.0,1.0,,,h10_p05,1332.5,1332.5
session01,all,,position:h10:p05,h1,20,20,0,0.0,-1.8970524736643586,1.8970524736643586,1.8972374499178428,1.941800261621916,1.9426095801535865,0.02718075043883565,"[""h10""]","[""h10_p05""]",1,1,1.0,1.0,,,h10_p05,1332.5,1332.5
session01,all,,position:h10:p05,hb2,20,0,20,1.0,,,,,,,[],[],0,0,,,,,,1332.5,1332.5
session01,all,,position:h10:p06,base,20,20,0,0.0,-2.1013612718826296,2.1013612718826296,2.102560556046168,2.210772537407981,2.2121326368528758,0.07284949787053202,"[""h10""]","[""h10_p06""]",1,1,1.0,1.0,,,h10_p06,1592.5,1592.5
session01,all,,position:h10:p06,h1,20,20,0,0.0,-2.0694984860413865,2.0694984860413865,2.0707260655725412,2.1793511121406364,2.180716698171109,0.07314336976785403,"[""h10""]","[""h10_p06""]",1,1,1.0,1.0,,,h10_p06,1592.5,1592.5
session01,all,,position:h10:p06,hb2,20,0,20,1.0,,,,,,,[],[],0,0,,,,,,1592.5,1592.5
session01,all,,position:h10:p07,base,20,20,0,0.0,-0.6026409007012212,0.6026409007012212,0.9239750792711139,1.616551047076244,1.70745601579784,0.7185906468959934,"[""h10""]","[""h10_p07""]",1,1,0.35,0.35,,,h10_p07,1907.5,1907.5
session01,all,,position:h10:p07,h1,20,20,0,0.0,-0.5647323381297585,0.5647323381297585,0.9019103265012602,1.5827325566005221,1.6740042322509936,0.7214894121994451,"[""h10""]","[""h10_p07""]",1,1,0.35,0.35,,,h10_p07,1907.5,1907.5
session01,all,,position:h10:p07,hb2,20,20,0,0.0,-0.5601210960442183,0.5601210960442183,0.896901408956614,1.5742982314236893,1.6654074897361557,0.7186950858872686,"[""h10""]","[""h10_p07""]",1,1,0.35,0.35,,,h10_p07,1907.5,1907.5
session01,all,,position:h10:p08,base,20,20,0,0.0,-0.1115152275495979,0.1115152275495979,0.11155235532965377,0.11504770552386825,0.11614615227469649,0.002952608865096135,"[""h10""]","[""h10_p08""]",1,1,1.0,0.0,,,h10_p08,2187.5,2187.5
session01,all,,position:h10:p08,h1,20,20,0,0.0,-0.07162548408312093,0.07162548408312093,0.07168374242183766,0.07517221192918085,0.07627508976931274,0.002964519568595851,"[""h10""]","[""h10_p08""]",1,1,0.0,0.0,,,h10_p08,2187.5,2187.5
session01,all,,position:h10:p08,hb2,20,20,0,0.0,-0.0673053098409608,0.0673053098409608,0.06736631919904748,0.07076689109245571,0.07185551066522322,0.002940860890824163,"[""h10""]","[""h10_p08""]",1,1,0.0,0.0,,,h10_p08,2187.5,2187.5
session01,all,,position:h10:p09,base,20,20,0,0.0,-0.07382308509412283,0.07382308509412283,0.07390358682277268,0.07809598994808074,0.080377733407758,0.0035381012536460166,"[""h10""]","[""h10_p09""]",1,1,0.0,0.0,,,h10_p09,2472.5,2472.5
session01,all,,position:h10:p09,h1,20,20,0,0.0,-0.033781293065318074,0.033781293065318074,0.03395827075784783,0.03807143464283911,0.04036238256238711,0.0035523738095142275,"[""h10""]","[""h10_p09""]",1,1,0.0,0.0,,,h10_p09,2472.5,2472.5
session01,all,,position:h10:p09,hb2,20,20,0,0.0,-0.02946884174155793,0.02946884174155793,0.029671274061083792,0.03379203771467134,0.03610410411097931,0.003549925250355662,"[""h10""]","[""h10_p09""]",1,1,0.0,0.0,,,h10_p09,2472.5,2472.5
session01,all,,position:h10:p10,base,20,20,0,0.0,-0.3605962465843498,0.3605962465843498,0.3606826018568251,0.3769123765623343,0.3842696525931011,0.008097188042628437,"[""h10""]","[""h10_p10""]",1,1,1.0,1.0,,,h10_p10,2852.5,2852.5
session01,all,,position:h10:p10,h1,20,20,0,0.0,-0.3217112857696445,0.3217112857696445,0.32180885810810667,0.3380932343491804,0.3454801893307913,0.008129851768290449,"[""h10""]","[""h10_p10""]",1,1,1.0,1.0,,,h10_p10,2852.5,2852.5
session01,all,,position:h10:p10,hb2,20,20,0,0.0,-0.31371036677897013,0.31371036677897013,0.3138097173887705,0.3300295723658667,0.33739302509481206,0.00810097479670605,"[""h10""]","[""h10_p10""]",1,1,1.0,1.0,,,h10_p10,2852.5,2852.5
session01,all,,position:h20:p01,base,20,20,0,0.0,-2.28947886166926,2.28947886166926,2.289479755698406,2.293185571789671,2.2931877030152066,0.0020758568210511594,"[""h20""]","[""h20_p01""]",1,1,1.0,1.0,,,h20_p01,62.5,62.5
session01,all,,position:h20:p01,h1,20,20,0,0.0,-2.218035343160351,2.218035343160351,2.2180362734467067,2.2217570059979086,2.2217591458207195,0.002084230742634901,"[""h20""]","[""h20_p01""]",1,1,1.0,1.0,,,h20_p01,62.5,62.5
session01,all,,position:h20:p01,hb2,20,0,20,1.0,,,,,,,[],[],0,0,,,,,,62.5,62.5
session01,all,,position:h20:p02,base,20,20,0,0.0,-0.13681947505627362,0.13681947505627362,0.13682774041572687,0.13869177692555912,0.13928907801907187,0.0015429952414081382,"[""h20""]","[""h20_p02""]",1,1,1.0,0.0,,,h20_p02,412.5,412.5
session01,all,,position:h20:p02,h1,20,20,0,0.0,-0.05669221655294852,0.05669221655294852,0.05671232225054142,0.05857207121146093,0.05917178179317517,0.0015492196211559963,"[""h20""]","[""h20_p02""]",1,1,0.0,0.0,,,h20_p02,412.5,412.5
session01,all,,position:h20:p02,hb2,20,0,20,1.0,,,,,,,[],[],0,0,,,,,,412.5,412.5
session01,all,,position:h20:p03,base,20,20,0,0.0,-3.0945282196611212,3.0945282196611212,3.094529692518788,3.09887746737048,3.10222639342766,0.0030976394061726408,"[""h20""]","[""h20_p03""]",1,1,1.0,1.0,,,h20_p03,692.5,692.5
session01,all,,position:h20:p03,h1,20,20,0,0.0,-3.026332237362978,3.026332237362978,3.026333755585472,3.0306990297598584,3.0340614652478948,0.0031101351569480457,"[""h20""]","[""h20_p03""]",1,1,1.0,1.0,,,h20_p03,692.5,692.5
session01,all,,position:h20:p03,hb2,20,0,20,1.0,,,,,,,[],[],0,0,,,,,,692.5,692.5
session01,all,,position:h20:p04,base,20,20,0,0.0,-0.13810784007828475,0.13810784007828475,0.1381189938753615,0.14047919884509383,0.140787214508574,0.00180087056522899,"[""h20""]","[""h20_p04""]",1,1,1.0,0.0,,,h20_p04,987.5,987.5
session01,all,,position:h20:p04,h1,20,20,0,0.0,-0.057985778786807704,0.057985778786807704,0.058012554044629065,0.06036670351797202,0.060675961704053094,0.001808135203494256,"[""h20""]","[""h20_p04""]",1,1,0.0,0.0,,,h20_p04,987.5,987.5
session01,all,,position:h20:p04,hb2,20,0,20,1.0,,,,,,,[],[],0,0,,,,,,987.5,987.5
session01,all,,position:h20:p05,base,20,20,0,0.0,-1.8362844001925829,1.8362844001925829,1.8362890408199473,1.8424795146001989,1.8492837173090315,0.0042355692848899534,"[""h20""]","[""h20_p05""]",1,1,1.0,1.0,,,h20_p05,1327.5,1327.5
session01,all,,position:h20:p05,h1,20,20,0,0.0,-1.7630127137464477,1.7630127137464477,1.7630175863149107,1.7692328189924136,1.7760644695769123,0.004252655398293368,"[""h20""]","[""h20_p05""]",1,1,1.0,1.0,,,h20_p05,1327.5,1327.5
session01,all,,position:h20:p05,hb2,20,0,20,1.0,,,,,,,[],[],0,0,,,,,,1327.5,1327.5
session01,all,,position:h20:p06,base,20,20,0,0.0,-0.15889956883239406,0.15889956883239406,0.1589158112362524,0.16206072361638596,0.16261148237611778,0.002331045790933865,"[""h20""]","[""h20_p06""]",1,1,1.0,0.0,,,h20_p06,1607.5,1607.5
session01,all,,position:h20:p06,h1,20,20,0,0.0,-0.07886138052503089,0.07886138052503089,0.0788943670698794,0.08203528727823653,0.08258826777629835,0.0023404491343936586,"[""h20""]","[""h20_p06""]",1,1,0.0,0.0,,,h20_p06,1607.5,1607.5
session01,all,,position:h20:p06,hb2,20,0,20,1.0,,,,,,,[],[],0,0,,,,,,1607.5,1607.5
session01,all,,position:h20:p07,base,20,20,0,0.0,-0.12516033071286828,0.12516033071286828,0.12521048288881823,0.13072162945518392,0.13104212954860373,0.003635590315708213,"[""h20""]","[""h20_p07""]",1,1,1.0,0.0,,,h20_p07,1897.5,1897.5
session01,all,,position:h20:p07,h1,20,20,0,0.0,-0.044986039697728054,0.044986039697728054,0.04512651015831127,0.05056977249189902,0.05089156546959828,0.0036502561384685064,"[""h20""]","[""h20_p07""]",1,1,0.0,0.0,,,h20_p07,1897.5,1897.5
session01,all,,position:h20:p07,hb2,20,20,0,0.0,-0.060328382979679775,0.060328382979679775,0.060432508255705994,0.06588565470296057,0.06620294002940952,0.0036381402323970094,"[""h20""]","[""h20_p07""]",1,1,0.0,0.0,,,h20_p07,1897.5,1897.5
session01,all,,position:h20:p08,base,20,20,0,0.0,-0.149933920237814,0.149933920237814,0.14994528004626048,0.15216929560736148,0.15279967633223634,0.0018936376222843387,"[""h20""]","[""h20_p08""]",1,1,1.0,0.0,,,h20_p08,2222.5,2222.5
session01,all,,position:h20:p08,h1,20,20,0,0.0,-0.06985956487041296,0.06985956487041296,0.06988413921284856,0.07210395765284865,0.07273688130780798,0.001901276479066708,"[""h20""]","[""h20_p08""]",1,1,0.0,0.0,,,h20_p08,2222.5,2222.5
session01,all,,position:h20:p08,hb2,20,20,0,0.0,-0.08216045963921222,0.08216045963921222,0.08218128056808041,0.08440058941639102,0.08503206052334633,0.001897851328804067,"[""h20""]","[""h20_p08""]",1,1,0.0,0.0,,,h20_p08,2222.5,2222.5
session01,all,,position:h20:p09,base,20,20,0,0.0,-0.11858036526916109,0.11858036526916109,0.11859835624185668,0.12212154577208274,0.122794999577156,0.002119353402555415,"[""h20""]","[""h20_p09""]",1,1,1.0,0.0,,,h20_p09,2507.5,2507.5
session01,all,,position:h20:p09,h1,20,20,0,0.0,-0.038379530942319384,0.038379530942319384,0.03843553000951251,0.041934996422676465,0.04261116691287725,0.0021279027875712644,"[""h20""]","[""h20_p09""]",1,1,0.0,0.0,,,h20_p09,2507.5,2507.5
session01,all,,position:h20:p09,hb2,20,20,0,0.0,-0.05180990974397304,0.05180990974397304,0.05185105601705103,0.05535765881580588,0.056017400365348635,0.0021189029944092674,"[""h20""]","[""h20_p09""]",1,1,0.0,0.0,,,h20_p09,2507.5,2507.5
session01,all,,position:h20:p10,base,20,20,0,0.0,-0.3688253040366881,0.3688253040366881,0.3688458457509689,0.37392941131052326,0.3740846973336538,0.003993814953958634,"[""h20""]","[""h20_p10""]",1,1,1.0,1.0,,,h20_p10,2862.5,2862.5
session01,all,,position:h20:p10,h1,20,20,0,0.0,-0.2896339475662549,0.2896339475662549,0.2896603167725851,0.29475864460024753,0.29491455704084757,0.004009925840270361,"[""h20""]","[""h20_p10""]",1,1,1.0,1.0,,,h20_p10,2862.5,2862.5
session01,all,,position:h20:p10,hb2,20,20,0,0.0,-0.2997409440844928,0.2997409440844928,0.2997662763216768,0.3048426573760574,0.3050035295931366,0.003998270560451395,"[""h20""]","[""h20_p10""]",1,1,1.0,1.0,,,h20_p10,2862.5,2862.5
session01,all,,position:h30:p01,base,20,20,0,0.0,-3.3282104658292617,3.3282104658292617,3.3282116328050133,3.3315976333053348,3.3341550742884714,0.0028594963090913584,"[""h30""]","[""h30_p01""]",1,1,1.0,1.0,,,h30_p01,47.5,47.5
session01,all,,position:h30:p01,h1,20,20,0,0.0,-3.2206175568252364,3.2206175568252364,3.220618772535985,3.2240183879964883,3.2265861455920373,0.002871031400345256,"[""h30""]","[""h30_p01""]",1,1,1.0,1.0,,,h30_p01,47.5,47.5
session01,all,,position:h30:p01,hb2,20,0,20,1.0,,,,,,,[],[],0,0,,,,,,47.5,47.5
session01,all,,position:h30:p02,base,20,20,0,0.0,-4.4799123079847485,4.4799123079847485,4.479912945699231,4.4828654695054455,4.483630877421117,0.00245245533927815,"[""h30""]","[""h30_p02""]",1,1,1.0,1.0,,,h30_p02,352.5,352.5
session01,all,,position:h30:p02,h1,20,20,0,0.0,-4.37696531714621,4.37696531714621,4.376965975136508,4.379930391599795,4.380698887139719,0.0024623484438938722,"[""h30""]","[""h30_p02""]",1,1,1.0,1.0,,,h30_p02,352.5,352.5
session01,all,,position:h30:p02,hb2,20,0,20,1.0,,,,,,,[],[],0,0,,,,,,352.5,352.5
session01,all,,position:h30:p03,base,20,20,0,0.0,-4.5319271237793375,4.5319271237793375,4.531928027016771,4.535867334713038,4.5362323752311475,0.0029355916209258255,"[""h30""]","[""h30_p03""]",1,1,1.0,1.0,,,h30_p03,652.5,652.5
session01,all,,position:h30:p03,h1,20,20,0,0.0,-4.429189958582062,4.429189958582062,4.429190890241827,4.433146064165646,4.43351257724229,0.0029474336775576243,"[""h30""]","[""h30_p03""]",1,1,1.0,1.0,,,h30_p03,652.5,652.5
session01,all,,position:h30:p03,hb2,20,0,20,1.0,,,,,,,[],[],0,0,,,,,,652.5,652.5
session01,all,,position:h30:p04,base,20,20,0,0.0,-3.504931061130989,3.504931061130989,3.5049331868018587,3.5097315406417455,3.510655939937134,0.0039604178725338385,"[""h30""]","[""h30_p04""]",1,1,1.0,1.0,,,h30_p04,982.5,982.5
session01,all,,position:h30:p04,h1,20,20,0,0.0,-3.398051035786498,3.398051035786498,3.3980532460415844,3.402870880235425,3.403799008519794,0.003976394036384268,"[""h30""]","[""h30_p04""]",1,1,1.0,1.0,,,h30_p04,982.5,982.5
session01,all,,position:h30:p04,hb2,20,0,20,1.0,,,,,,,[],[],0,0,,,,,,982.5,982.5
session01,all,,position:h30:p05,base,20,20,0,0.0,-2.7357771870575682,2.7357771870575682,2.7357788666974057,2.739634067097006,2.741893401378487,0.003110295893687511,"[""h30""]","[""h30_p05""]",1,1,1.0,1.0,,,h30_p05,1312.5,1312.5
session01,all,,position:h30:p05,h1,20,20,0,0.0,-2.6257944264175235,2.6257944264175235,2.6257961905571676,2.6296668649534225,2.631935313297067,0.003122842700216467,"[""h30""]","[""h30_p05""]",1,1,1.0,1.0,,,h30_p05,1312.5,1312.5
session01,all,,position:h30:p05,hb2,20,0,20,1.0,,,,,,,[],[],0,0,,,,,,1312.5,1312.5
session01,all,,position:h30:p06,base,20,20,0,0.0,-1.9756489651776925,1.9756489651776925,1.9756553011100524,1.97846752421813,1.995980551802809,0.00513350158167737,"[""h30""]","[""h30_p06""]",1,1,1.0,1.0,,,h30_p06,1602.5,1602.5
session01,all,,position:h30:p06,h1,20,20,0,0.0,-1.8625998783541966,1.8625998783541966,1.8626066531694085,1.8654298073466191,1.8830134817688844,0.005154209917271088,"[""h30""]","[""h30_p06""]",1,1,1.0,1.0,,,h30_p06,1602.5,1602.5
session01,all,,position:h30:p06,hb2,20,0,20,1.0,,,,,,,[],[],0,0,,,,,,1602.5,1602.5
session01,all,,position:h30:p07,base,20,20,0,0.0,-0.15394839081938178,0.15394839081938178,0.15397085445726344,0.15808191458087234,0.1583757106086523,0.002698339922929201,"[""h30""]","[""h30_p07""]",1,1,1.0,0.0,,,h30_p07,1902.5,1902.5
session01,all,,position:h30:p07,h1,20,20,0,0.0,-0.03355063832505021,0.03355063832505021,0.033654394017439235,0.037700836552472514,0.03799581774142169,0.0027092249159068288,"[""h30""]","[""h30_p07""]",1,1,0.0,0.0,,,h30_p07,1902.5,1902.5
session01,all,,position:h30:p07,hb2,20,20,0,0.0,-0.06636856854429815,0.06636856854429815,0.06642073949208235,0.07048714057696337,0.07080716172802326,0.002700437402361005,"[""h30""]","[""h30_p07""]",1,1,0.0,0.0,,,h30_p07,1902.5,1902.5
session01,all,,position:h30:p08,base,20,20,0,0.0,-0.17479282593694362,0.17479282593694362,0.17486097435014533,0.1821400935058838,0.18309025642507137,0.005008240752106896,"[""h30""]","[""h30_p08""]",1,1,1.0,0.0,,,h30_p08,2187.5,2187.5
session01,all,,position:h30:p08,h1,20,20,0,0.0,-0.054479159042041835,0.054479159042041835,0.054699175080944906,0.06185606518809977,0.06281006102567233,0.005028443790632754,"[""h30""]","[""h30_p08""]",1,1,0.0,0.0,,,h30_p08,2187.5,2187.5
session01,all,,position:h30:p08,hb2,20,20,0,0.0,-0.08438057264142476,0.08438057264142476,0.08452227657998561,0.09174695838961107,0.09269346544604673,0.005019351915476278,"[""h30""]","[""h30_p08""]",1,1,0.0,0.0,,,h30_p08,2187.5,2187.5
session01,all,,position:h30:p09,base,20,20,0,0.0,-0.15392184283028118,0.15392184283028118,0.15393727142160601,0.15606427612082802,0.15955579533985542,0.002236028542190908,"[""h30""]","[""h30_p09""]",1,1,1.0,0.0,,,h30_p09,2537.5,2537.5
session01,all,,position:h30:p09,h1,20,20,0,0.0,-0.03352398324244703,0.03352398324244703,0.03359532234482283,0.03567505902133448,0.03918066288620636,0.0022450485899518577,"[""h30""]","[""h30_p09""]",1,1,0.0,0.0,,,h30_p09,2537.5,2537.5
session01,all,,position:h30:p09,hb2,20,20,0,0.0,-0.0652408229582246,0.0652408229582246,0.06527722778221122,0.06739389480098233,0.07086493507947367,0.0022364178745865274,"[""h30""]","[""h30_p09""]",1,1,0.0,0.0,,,h30_p09,2537.5,2537.5
session01,all,,position:h30:p10,base,20,20,0,0.0,-3.117182695894681,3.117182695894681,3.117512660542035,3.1931839017493737,3.2256127623017044,0.04653497897337552,"[""h30""]","[""h30_p10""]",1,1,1.0,1.0,,,h30_p10,2897.5,2897.5
session01,all,,position:h30:p10,h1,20,20,0,0.0,-3.00873850949066,3.00873850949066,3.0090831292238387,3.085046301103885,3.1176059783544368,0.04672269917684307,"[""h30""]","[""h30_p10""]",1,1,1.0,1.0,,,h30_p10,2897.5,2897.5
session01,all,,position:h30:p10,hb2,20,20,0,0.0,-3.031977102329013,3.031977102329013,3.0323178475372443,3.1081470343882343,3.1406484070718683,0.0466383560859001,"[""h30""]","[""h30_p10""]",1,1,1.0,1.0,,,h30_p10,2897.5,2897.5
session01,v_gt_2200,2200.0,pooled,base,140,140,0,0.0,-0.6204090657067283,0.6204090657067283,1.1982565887058734,3.121145059893936,3.2256127623017044,1.0288206634532717,"[""h10"",""h20"",""h30""]","[""h10_p09"",""h10_p10"",""h20_p08"",""h20_p09"",""h20_p10"",""h30_p09"",""h30_p10""]",3,7,0.8571428571428571,0.42857142857142855,-0.8698475014387154,3.488418785664786e-44,h30_p10,2222.5,2897.5
session01,v_gt_2200,2200.0,pooled,h1,140,140,0,0.0,-0.5422325878495796,0.5422325878495796,1.1495768296928173,3.012716857504363,3.1176059783544368,1.017301760249993,"[""h10"",""h20"",""h30""]","[""h10_p09"",""h10_p10"",""h20_p08"",""h20_p09"",""h20_p10"",""h30_p09"",""h30_p10""]",3,7,0.42857142857142855,0.42857142857142855,-0.6642054069707797,3.6934227269399844e-19,h30_p10,2222.5,2897.5
session01,v_gt_2200,2200.0,pooled,hb2,140,140,0,0.0,-0.5534440638964919,0.5534440638964919,1.1586859357230948,3.0359479897785984,3.1406484070718683,1.0216201944211762,"[""h10"",""h20"",""h30""]","[""h10_p09"",""h10_p10"",""h20_p08"",""h20_p09"",""h20_p10"",""h30_p09"",""h30_p10""]",3,7,0.42857142857142855,0.42857142857142855,-0.7423264260982635,9.117706259367857e-26,h30_p10,2222.5,2897.5
session01,v_gt_2200,2200.0,height:h10,base,40,40,0,0.0,-0.21720966583923632,0.21720966583923632,0.2603398542554329,0.3691305618335402,0.3842696525931011,0.14534415666501335,"[""h10""]","[""h10_p09"",""h10_p10""]",1,2,0.5,0.5,-0.86629616364842,5.168296084270113e-13,h10_p10,2472.5,2852.5
session01,v_gt_2200,2200.0,height:h10,h1,40,40,0,0.0,-0.17774628941748127,0.17774628941748127,0.22881663544168593,0.3302800280977847,0.3454801893307913,0.1459304690533251,"[""h10""]","[""h10_p09"",""h10_p10""]",1,2,0.5,0.5,-0.86629616364842,5.168296084270113e-13,h10_p10,2472.5,2852.5
session01,v_gt_2200,2200.0,height:h10,hb2,40,40,0,0.0,-0.17158960426026404,0.17158960426026404,0.22288665643329564,0.3222454920391512,0.33739302509481206,0.14406362314498927,"[""h10""]","[""h10_p09"",""h10_p10""]",1,2,0.5,0.5,-0.86629616364842,5.168296084270113e-13,h10_p10,2472.5,2852.5
session01,v_gt_2200,2200.0,height:h20,base,60,60,0,0.0,-0.21244652984788773,0.21244652984788773,0.23985857988904585,0.3735314818909655,0.3740846973336538,0.11228871821916055,"[""h20""]","[""h20_p08"",""h20_p09"",""h20_p10""]",1,3,1.0,0.3333333333333333,-0.4714700072844769,0.00014329532451587296,h20_p10,2222.5,2862.5
session01,v_gt_2200,2200.0,height:h20,h1,60,60,0,0.0,-0.13262434779299573,0.13262434779299573,0.17345910372325737,0.29435910994967324,0.29491455704084757,0.1127416863196344,"[""h20""]","[""h20_p08"",""h20_p09"",""h20_p10""]",1,3,0.3333333333333333,0.3333333333333333,-0.4714700072844769,0.00014329532451587296,h20_p10,2222.5,2862.5
session01,v_gt_2200,2200.0,height:h20,hb2,60,60,0,0.0,-0.14457043782255935,0.14457043782255935,0.18193599177151726,0.3044495115800405,0.3050035295931366,0.11138615199970227,"[""h20""]","[""h20_p08"",""h20_p09"",""h20_p10""]",1,3,0.3333333333333333,0.3333333333333333,-0.4714700072844769,0.00014329532451587296,h20_p10,2222.5,2862.5
session01,v_gt_2200,2200.0,height:h30,base,40,40,0,0.0,-1.6355522693624809,1.6355522693624809,2.2071001191804385,3.160386417846368,3.2256127623017044,1.5008577753454575,"[""h30""]","[""h30_p09"",""h30_p10""]",1,2,1.0,0.5,-0.86629616364842,5.168296084270113e-13,h30_p10,2537.5,2897.5
session01,v_gt_2200,2200.0,height:h30,h1,40,40,0,0.0,-1.5211312463665536,1.5211312463665536,2.127875692358811,3.0521165134911263,3.1176059783544368,1.5069121742767266,"[""h30""]","[""h30_p09"",""h30_p10""]",1,2,0.5,0.5,-0.86629616364842,5.168296084270113e-13,h30_p10,2537.5,2897.5
session01,v_gt_2200,2200.0,height:h30,hb2,40,40,0,0.0,-1.5486089626436186,1.5486089626436186,2.1446692804439382,3.075276672925374,3.1406484070718683,1.502618774963086,"[""h30""]","[""h30_p09"",""h30_p10""]",1,2,0.5,0.5,-0.86629616364842,5.168296084270113e-13,h30_p10,2537.5,2897.5
session01,v_gt_2200,2200.0,position:h10:p01,base,0,0,0,,,,,,,,[],[],0,0,,,,,,,
session01,v_gt_2200,2200.0,position:h10:p01,h1,0,0,0,,,,,,,,[],[],0,0,,,,,,,
session01,v_gt_2200,2200.0,position:h10:p01,hb2,0,0,0,,,,,,,,[],[],0,0,,,,,,,
session01,v_gt_2200,2200.0,position:h10:p02,base,0,0,0,,,,,,,,[],[],0,0,,,,,,,
session01,v_gt_2200,2200.0,position:h10:p02,h1,0,0,0,,,,,,,,[],[],0,0,,,,,,,
session01,v_gt_2200,2200.0,position:h10:p02,hb2,0,0,0,,,,,,,,[],[],0,0,,,,,,,
session01,v_gt_2200,2200.0,position:h10:p03,base,0,0,0,,,,,,,,[],[],0,0,,,,,,,
session01,v_gt_2200,2200.0,position:h10:p03,h1,0,0,0,,,,,,,,[],[],0,0,,,,,,,
session01,v_gt_2200,2200.0,position:h10:p03,hb2,0,0,0,,,,,,,,[],[],0,0,,,,,,,
session01,v_gt_2200,2200.0,position:h10:p04,base,0,0,0,,,,,,,,[],[],0,0,,,,,,,
session01,v_gt_2200,2200.0,position:h10:p04,h1,0,0,0,,,,,,,,[],[],0,0,,,,,,,
session01,v_gt_2200,2200.0,position:h10:p04,hb2,0,0,0,,,,,,,,[],[],0,0,,,,,,,
session01,v_gt_2200,2200.0,position:h10:p05,base,0,0,0,,,,,,,,[],[],0,0,,,,,,,
session01,v_gt_2200,2200.0,position:h10:p05,h1,0,0,0,,,,,,,,[],[],0,0,,,,,,,
session01,v_gt_2200,2200.0,position:h10:p05,hb2,0,0,0,,,,,,,,[],[],0,0,,,,,,,
session01,v_gt_2200,2200.0,position:h10:p06,base,0,0,0,,,,,,,,[],[],0,0,,,,,,,
session01,v_gt_2200,2200.0,position:h10:p06,h1,0,0,0,,,,,,,,[],[],0,0,,,,,,,
session01,v_gt_2200,2200.0,position:h10:p06,hb2,0,0,0,,,,,,,,[],[],0,0,,,,,,,
session01,v_gt_2200,2200.0,position:h10:p07,base,0,0,0,,,,,,,,[],[],0,0,,,,,,,
session01,v_gt_2200,2200.0,position:h10:p07,h1,0,0,0,,,,,,,,[],[],0,0,,,,,,,
session01,v_gt_2200,2200.0,position:h10:p07,hb2,0,0,0,,,,,,,,[],[],0,0,,,,,,,
session01,v_gt_2200,2200.0,position:h10:p08,base,0,0,0,,,,,,,,[],[],0,0,,,,,,,
session01,v_gt_2200,2200.0,position:h10:p08,h1,0,0,0,,,,,,,,[],[],0,0,,,,,,,
session01,v_gt_2200,2200.0,position:h10:p08,hb2,0,0,0,,,,,,,,[],[],0,0,,,,,,,
session01,v_gt_2200,2200.0,position:h10:p09,base,20,20,0,0.0,-0.07382308509412283,0.07382308509412283,0.07390358682277268,0.07809598994808074,0.080377733407758,0.0035381012536460166,"[""h10""]","[""h10_p09""]",1,1,0.0,0.0,,,h10_p09,2472.5,2472.5
session01,v_gt_2200,2200.0,position:h10:p09,h1,20,20,0,0.0,-0.033781293065318074,0.033781293065318074,0.03395827075784783,0.03807143464283911,0.04036238256238711,0.0035523738095142275,"[""h10""]","[""h10_p09""]",1,1,0.0,0.0,,,h10_p09,2472.5,2472.5
session01,v_gt_2200,2200.0,position:h10:p09,hb2,20,20,0,0.0,-0.02946884174155793,0.02946884174155793,0.029671274061083792,0.03379203771467134,0.03610410411097931,0.003549925250355662,"[""h10""]","[""h10_p09""]",1,1,0.0,0.0,,,h10_p09,2472.5,2472.5
session01,v_gt_2200,2200.0,position:h10:p10,base,20,20,0,0.0,-0.3605962465843498,0.3605962465843498,0.3606826018568251,0.3769123765623343,0.3842696525931011,0.008097188042628437,"[""h10""]","[""h10_p10""]",1,1,1.0,1.0,,,h10_p10,2852.5,2852.5
session01,v_gt_2200,2200.0,position:h10:p10,h1,20,20,0,0.0,-0.3217112857696445,0.3217112857696445,0.32180885810810667,0.3380932343491804,0.3454801893307913,0.008129851768290449,"[""h10""]","[""h10_p10""]",1,1,1.0,1.0,,,h10_p10,2852.5,2852.5
session01,v_gt_2200,2200.0,position:h10:p10,hb2,20,20,0,0.0,-0.31371036677897013,0.31371036677897013,0.3138097173887705,0.3300295723658667,0.33739302509481206,0.00810097479670605,"[""h10""]","[""h10_p10""]",1,1,1.0,1.0,,,h10_p10,2852.5,2852.5
session01,v_gt_2200,2200.0,position:h20:p01,base,0,0,0,,,,,,,,[],[],0,0,,,,,,,
session01,v_gt_2200,2200.0,position:h20:p01,h1,0,0,0,,,,,,,,[],[],0,0,,,,,,,
session01,v_gt_2200,2200.0,position:h20:p01,hb2,0,0,0,,,,,,,,[],[],0,0,,,,,,,
session01,v_gt_2200,2200.0,position:h20:p02,base,0,0,0,,,,,,,,[],[],0,0,,,,,,,
session01,v_gt_2200,2200.0,position:h20:p02,h1,0,0,0,,,,,,,,[],[],0,0,,,,,,,
session01,v_gt_2200,2200.0,position:h20:p02,hb2,0,0,0,,,,,,,,[],[],0,0,,,,,,,
session01,v_gt_2200,2200.0,position:h20:p03,base,0,0,0,,,,,,,,[],[],0,0,,,,,,,
session01,v_gt_2200,2200.0,position:h20:p03,h1,0,0,0,,,,,,,,[],[],0,0,,,,,,,
session01,v_gt_2200,2200.0,position:h20:p03,hb2,0,0,0,,,,,,,,[],[],0,0,,,,,,,
session01,v_gt_2200,2200.0,position:h20:p04,base,0,0,0,,,,,,,,[],[],0,0,,,,,,,
session01,v_gt_2200,2200.0,position:h20:p04,h1,0,0,0,,,,,,,,[],[],0,0,,,,,,,
session01,v_gt_2200,2200.0,position:h20:p04,hb2,0,0,0,,,,,,,,[],[],0,0,,,,,,,
session01,v_gt_2200,2200.0,position:h20:p05,base,0,0,0,,,,,,,,[],[],0,0,,,,,,,
session01,v_gt_2200,2200.0,position:h20:p05,h1,0,0,0,,,,,,,,[],[],0,0,,,,,,,
session01,v_gt_2200,2200.0,position:h20:p05,hb2,0,0,0,,,,,,,,[],[],0,0,,,,,,,
session01,v_gt_2200,2200.0,position:h20:p06,base,0,0,0,,,,,,,,[],[],0,0,,,,,,,
session01,v_gt_2200,2200.0,position:h20:p06,h1,0,0,0,,,,,,,,[],[],0,0,,,,,,,
session01,v_gt_2200,2200.0,position:h20:p06,hb2,0,0,0,,,,,,,,[],[],0,0,,,,,,,
session01,v_gt_2200,2200.0,position:h20:p07,base,0,0,0,,,,,,,,[],[],0,0,,,,,,,
session01,v_gt_2200,2200.0,position:h20:p07,h1,0,0,0,,,,,,,,[],[],0,0,,,,,,,
session01,v_gt_2200,2200.0,position:h20:p07,hb2,0,0,0,,,,,,,,[],[],0,0,,,,,,,
session01,v_gt_2200,2200.0,position:h20:p08,base,20,20,0,0.0,-0.149933920237814,0.149933920237814,0.14994528004626048,0.15216929560736148,0.15279967633223634,0.0018936376222843387,"[""h20""]","[""h20_p08""]",1,1,1.0,0.0,,,h20_p08,2222.5,2222.5
session01,v_gt_2200,2200.0,position:h20:p08,h1,20,20,0,0.0,-0.06985956487041296,0.06985956487041296,0.06988413921284856,0.07210395765284865,0.07273688130780798,0.001901276479066708,"[""h20""]","[""h20_p08""]",1,1,0.0,0.0,,,h20_p08,2222.5,2222.5
session01,v_gt_2200,2200.0,position:h20:p08,hb2,20,20,0,0.0,-0.08216045963921222,0.08216045963921222,0.08218128056808041,0.08440058941639102,0.08503206052334633,0.001897851328804067,"[""h20""]","[""h20_p08""]",1,1,0.0,0.0,,,h20_p08,2222.5,2222.5
session01,v_gt_2200,2200.0,position:h20:p09,base,20,20,0,0.0,-0.11858036526916109,0.11858036526916109,0.11859835624185668,0.12212154577208274,0.122794999577156,0.002119353402555415,"[""h20""]","[""h20_p09""]",1,1,1.0,0.0,,,h20_p09,2507.5,2507.5
session01,v_gt_2200,2200.0,position:h20:p09,h1,20,20,0,0.0,-0.038379530942319384,0.038379530942319384,0.03843553000951251,0.041934996422676465,0.04261116691287725,0.0021279027875712644,"[""h20""]","[""h20_p09""]",1,1,0.0,0.0,,,h20_p09,2507.5,2507.5
session01,v_gt_2200,2200.0,position:h20:p09,hb2,20,20,0,0.0,-0.05180990974397304,0.05180990974397304,0.05185105601705103,0.05535765881580588,0.056017400365348635,0.0021189029944092674,"[""h20""]","[""h20_p09""]",1,1,0.0,0.0,,,h20_p09,2507.5,2507.5
session01,v_gt_2200,2200.0,position:h20:p10,base,20,20,0,0.0,-0.3688253040366881,0.3688253040366881,0.3688458457509689,0.37392941131052326,0.3740846973336538,0.003993814953958634,"[""h20""]","[""h20_p10""]",1,1,1.0,1.0,,,h20_p10,2862.5,2862.5
session01,v_gt_2200,2200.0,position:h20:p10,h1,20,20,0,0.0,-0.2896339475662549,0.2896339475662549,0.2896603167725851,0.29475864460024753,0.29491455704084757,0.004009925840270361,"[""h20""]","[""h20_p10""]",1,1,1.0,1.0,,,h20_p10,2862.5,2862.5
session01,v_gt_2200,2200.0,position:h20:p10,hb2,20,20,0,0.0,-0.2997409440844928,0.2997409440844928,0.2997662763216768,0.3048426573760574,0.3050035295931366,0.003998270560451395,"[""h20""]","[""h20_p10""]",1,1,1.0,1.0,,,h20_p10,2862.5,2862.5
session01,v_gt_2200,2200.0,position:h30:p01,base,0,0,0,,,,,,,,[],[],0,0,,,,,,,
session01,v_gt_2200,2200.0,position:h30:p01,h1,0,0,0,,,,,,,,[],[],0,0,,,,,,,
session01,v_gt_2200,2200.0,position:h30:p01,hb2,0,0,0,,,,,,,,[],[],0,0,,,,,,,
session01,v_gt_2200,2200.0,position:h30:p02,base,0,0,0,,,,,,,,[],[],0,0,,,,,,,
session01,v_gt_2200,2200.0,position:h30:p02,h1,0,0,0,,,,,,,,[],[],0,0,,,,,,,
session01,v_gt_2200,2200.0,position:h30:p02,hb2,0,0,0,,,,,,,,[],[],0,0,,,,,,,
session01,v_gt_2200,2200.0,position:h30:p03,base,0,0,0,,,,,,,,[],[],0,0,,,,,,,
session01,v_gt_2200,2200.0,position:h30:p03,h1,0,0,0,,,,,,,,[],[],0,0,,,,,,,
session01,v_gt_2200,2200.0,position:h30:p03,hb2,0,0,0,,,,,,,,[],[],0,0,,,,,,,
session01,v_gt_2200,2200.0,position:h30:p04,base,0,0,0,,,,,,,,[],[],0,0,,,,,,,
session01,v_gt_2200,2200.0,position:h30:p04,h1,0,0,0,,,,,,,,[],[],0,0,,,,,,,
session01,v_gt_2200,2200.0,position:h30:p04,hb2,0,0,0,,,,,,,,[],[],0,0,,,,,,,
session01,v_gt_2200,2200.0,position:h30:p05,base,0,0,0,,,,,,,,[],[],0,0,,,,,,,
session01,v_gt_2200,2200.0,position:h30:p05,h1,0,0,0,,,,,,,,[],[],0,0,,,,,,,
session01,v_gt_2200,2200.0,position:h30:p05,hb2,0,0,0,,,,,,,,[],[],0,0,,,,,,,
session01,v_gt_2200,2200.0,position:h30:p06,base,0,0,0,,,,,,,,[],[],0,0,,,,,,,
session01,v_gt_2200,2200.0,position:h30:p06,h1,0,0,0,,,,,,,,[],[],0,0,,,,,,,
session01,v_gt_2200,2200.0,position:h30:p06,hb2,0,0,0,,,,,,,,[],[],0,0,,,,,,,
session01,v_gt_2200,2200.0,position:h30:p07,base,0,0,0,,,,,,,,[],[],0,0,,,,,,,
session01,v_gt_2200,2200.0,position:h30:p07,h1,0,0,0,,,,,,,,[],[],0,0,,,,,,,
session01,v_gt_2200,2200.0,position:h30:p07,hb2,0,0,0,,,,,,,,[],[],0,0,,,,,,,
session01,v_gt_2200,2200.0,position:h30:p08,base,0,0,0,,,,,,,,[],[],0,0,,,,,,,
session01,v_gt_2200,2200.0,position:h30:p08,h1,0,0,0,,,,,,,,[],[],0,0,,,,,,,
session01,v_gt_2200,2200.0,position:h30:p08,hb2,0,0,0,,,,,,,,[],[],0,0,,,,,,,
session01,v_gt_2200,2200.0,position:h30:p09,base,20,20,0,0.0,-0.15392184283028118,0.15392184283028118,0.15393727142160601,0.15606427612082802,0.15955579533985542,0.002236028542190908,"[""h30""]","[""h30_p09""]",1,1,1.0,0.0,,,h30_p09,2537.5,2537.5
session01,v_gt_2200,2200.0,position:h30:p09,h1,20,20,0,0.0,-0.03352398324244703,0.03352398324244703,0.03359532234482283,0.03567505902133448,0.03918066288620636,0.0022450485899518577,"[""h30""]","[""h30_p09""]",1,1,0.0,0.0,,,h30_p09,2537.5,2537.5
session01,v_gt_2200,2200.0,position:h30:p09,hb2,20,20,0,0.0,-0.0652408229582246,0.0652408229582246,0.06527722778221122,0.06739389480098233,0.07086493507947367,0.0022364178745865274,"[""h30""]","[""h30_p09""]",1,1,0.0,0.0,,,h30_p09,2537.5,2537.5
session01,v_gt_2200,2200.0,position:h30:p10,base,20,20,0,0.0,-3.117182695894681,3.117182695894681,3.117512660542035,3.1931839017493737,3.2256127623017044,0.04653497897337552,"[""h30""]","[""h30_p10""]",1,1,1.0,1.0,,,h30_p10,2897.5,2897.5
session01,v_gt_2200,2200.0,position:h30:p10,h1,20,20,0,0.0,-3.00873850949066,3.00873850949066,3.0090831292238387,3.085046301103885,3.1176059783544368,0.04672269917684307,"[""h30""]","[""h30_p10""]",1,1,1.0,1.0,,,h30_p10,2897.5,2897.5
session01,v_gt_2200,2200.0,position:h30:p10,hb2,20,20,0,0.0,-3.031977102329013,3.031977102329013,3.0323178475372443,3.1081470343882343,3.1406484070718683,0.0466383560859001,"[""h30""]","[""h30_p10""]",1,1,1.0,1.0,,,h30_p10,2897.5,2897.5
session01,v_gt_2400,2400.0,pooled,base,120,120,0,0.0,-0.6988215899515474,0.6988215899515474,1.2928165878957918,3.1224286942807686,3.2256127623017044,1.0922291362499847,"[""h10"",""h20"",""h30""]","[""h10_p09"",""h10_p10"",""h20_p09"",""h20_p10"",""h30_p09"",""h30_p10""]",3,6,0.8333333333333334,0.5,-0.9778774273877344,4.9624287013014826e-82,h30_p10,2472.5,2897.5
session01,v_gt_2400,2400.0,pooled,h1,120,120,0,0.0,-0.6209614250127741,0.6209614250127741,1.2413570812255295,3.014005670019853,3.1176059783544368,1.079390262872861,"[""h10"",""h20"",""h30""]","[""h10_p09"",""h10_p10"",""h20_p09"",""h20_p10"",""h30_p09"",""h30_p10""]",3,6,0.5,0.5,-0.8051782447347003,1.5154443348664326e-28,h30_p10,2472.5,2897.5
session01,v_gt_2400,2400.0,pooled,hb2,120,120,0,0.0,-0.6319913312727051,0.6319913312727051,1.2510740665938285,3.037234715682401,3.1406484070718683,1.084236916635257,"[""h10"",""h20"",""h30""]","[""h10_p09"",""h10_p10"",""h20_p09"",""h20_p10"",""h30_p09"",""h30_p10""]",3,6,0.5,0.5,-0.929701962079955,5.12556914898836e-53,h30_p10,2472.5,2897.5
session01,v_gt_2400,2400.0,height:h10,base,40,40,0,0.0,-0.21720966583923632,0.21720966583923632,0.2603398542554329,0.3691305618335402,0.3842696525931011,0.14534415666501335,"[""h10""]","[""h10_p09"",""h10_p10""]",1,2,0.5,0.5,-0.86629616364842,5.168296084270113e-13,h10_p10,2472.5,2852.5
session01,v_gt_2400,2400.0,height:h10,h1,40,40,0,0.0,-0.17774628941748127,0.17774628941748127,0.22881663544168593,0.3302800280977847,0.3454801893307913,0.1459304690533251,"[""h10""]","[""h10_p09"",""h10_p10""]",1,2,0.5,0.5,-0.86629616364842,5.168296084270113e-13,h10_p10,2472.5,2852.5
session01,v_gt_2400,2400.0,height:h10,hb2,40,40,0,0.0,-0.17158960426026404,0.17158960426026404,0.22288665643329564,0.3222454920391512,0.33739302509481206,0.14406362314498927,"[""h10""]","[""h10_p09"",""h10_p10""]",1,2,0.5,0.5,-0.86629616364842,5.168296084270113e-13,h10_p10,2472.5,2852.5
session01,v_gt_2400,2400.0,height:h20,base,40,40,0,0.0,-0.24370283465292458,0.24370283465292458,0.27396425682104764,0.373594552817341,0.3740846973336538,0.12675574087090308,"[""h20""]","[""h20_p09"",""h20_p10""]",1,2,1.0,0.5,-0.86629616364842,5.168296084270113e-13,h20_p10,2507.5,2862.5
session01,v_gt_2400,2400.0,height:h20,h1,40,40,0,0.0,-0.16400673925428713,0.16400673925428713,0.20661605586196158,0.2944224353015882,0.29491455704084757,0.1272670683495407,"[""h20""]","[""h20_p09"",""h20_p10""]",1,2,0.5,0.5,-0.86629616364842,5.168296084270113e-13,h20_p10,2507.5,2862.5
session01,v_gt_2400,2400.0,height:h20,hb2,40,40,0,0.0,-0.17577542691423292,0.17577542691423292,0.21511433289049714,0.30452238965452966,0.3050035295931366,0.12558448176240192,"[""h20""]","[""h20_p09"",""h20_p10""]",1,2,0.5,0.5,-0.86629616364842,5.168296084270113e-13,h20_p10,2507.5,2862.5
session01,v_gt_2400,2400.0,height:h30,base,40,40,0,0.0,-1.6355522693624809,1.6355522693624809,2.2071001191804385,3.160386417846368,3.2256127623017044,1.5008577753454575,"[""h30""]","[""h30_p09"",""h30_p10""]",1,2,1.0,0.5,-0.86629616364842,5.168296084270113e-13,h30_p10,2537.5,2897.5
session01,v_gt_2400,2400.0,height:h30,h1,40,40,0,0.0,-1.5211312463665536,1.5211312463665536,2.127875692358811,3.0521165134911263,3.1176059783544368,1.5069121742767266,"[""h30""]","[""h30_p09"",""h30_p10""]",1,2,0.5,0.5,-0.86629616364842,5.168296084270113e-13,h30_p10,2537.5,2897.5
session01,v_gt_2400,2400.0,height:h30,hb2,40,40,0,0.0,-1.5486089626436186,1.5486089626436186,2.1446692804439382,3.075276672925374,3.1406484070718683,1.502618774963086,"[""h30""]","[""h30_p09"",""h30_p10""]",1,2,0.5,0.5,-0.86629616364842,5.168296084270113e-13,h30_p10,2537.5,2897.5
session01,v_gt_2400,2400.0,position:h10:p01,base,0,0,0,,,,,,,,[],[],0,0,,,,,,,
session01,v_gt_2400,2400.0,position:h10:p01,h1,0,0,0,,,,,,,,[],[],0,0,,,,,,,
session01,v_gt_2400,2400.0,position:h10:p01,hb2,0,0,0,,,,,,,,[],[],0,0,,,,,,,
session01,v_gt_2400,2400.0,position:h10:p02,base,0,0,0,,,,,,,,[],[],0,0,,,,,,,
session01,v_gt_2400,2400.0,position:h10:p02,h1,0,0,0,,,,,,,,[],[],0,0,,,,,,,
session01,v_gt_2400,2400.0,position:h10:p02,hb2,0,0,0,,,,,,,,[],[],0,0,,,,,,,
session01,v_gt_2400,2400.0,position:h10:p03,base,0,0,0,,,,,,,,[],[],0,0,,,,,,,
session01,v_gt_2400,2400.0,position:h10:p03,h1,0,0,0,,,,,,,,[],[],0,0,,,,,,,
session01,v_gt_2400,2400.0,position:h10:p03,hb2,0,0,0,,,,,,,,[],[],0,0,,,,,,,
session01,v_gt_2400,2400.0,position:h10:p04,base,0,0,0,,,,,,,,[],[],0,0,,,,,,,
session01,v_gt_2400,2400.0,position:h10:p04,h1,0,0,0,,,,,,,,[],[],0,0,,,,,,,
session01,v_gt_2400,2400.0,position:h10:p04,hb2,0,0,0,,,,,,,,[],[],0,0,,,,,,,
session01,v_gt_2400,2400.0,position:h10:p05,base,0,0,0,,,,,,,,[],[],0,0,,,,,,,
session01,v_gt_2400,2400.0,position:h10:p05,h1,0,0,0,,,,,,,,[],[],0,0,,,,,,,
session01,v_gt_2400,2400.0,position:h10:p05,hb2,0,0,0,,,,,,,,[],[],0,0,,,,,,,
session01,v_gt_2400,2400.0,position:h10:p06,base,0,0,0,,,,,,,,[],[],0,0,,,,,,,
session01,v_gt_2400,2400.0,position:h10:p06,h1,0,0,0,,,,,,,,[],[],0,0,,,,,,,
session01,v_gt_2400,2400.0,position:h10:p06,hb2,0,0,0,,,,,,,,[],[],0,0,,,,,,,
session01,v_gt_2400,2400.0,position:h10:p07,base,0,0,0,,,,,,,,[],[],0,0,,,,,,,
session01,v_gt_2400,2400.0,position:h10:p07,h1,0,0,0,,,,,,,,[],[],0,0,,,,,,,
session01,v_gt_2400,2400.0,position:h10:p07,hb2,0,0,0,,,,,,,,[],[],0,0,,,,,,,
session01,v_gt_2400,2400.0,position:h10:p08,base,0,0,0,,,,,,,,[],[],0,0,,,,,,,
session01,v_gt_2400,2400.0,position:h10:p08,h1,0,0,0,,,,,,,,[],[],0,0,,,,,,,
session01,v_gt_2400,2400.0,position:h10:p08,hb2,0,0,0,,,,,,,,[],[],0,0,,,,,,,
session01,v_gt_2400,2400.0,position:h10:p09,base,20,20,0,0.0,-0.07382308509412283,0.07382308509412283,0.07390358682277268,0.07809598994808074,0.080377733407758,0.0035381012536460166,"[""h10""]","[""h10_p09""]",1,1,0.0,0.0,,,h10_p09,2472.5,2472.5
session01,v_gt_2400,2400.0,position:h10:p09,h1,20,20,0,0.0,-0.033781293065318074,0.033781293065318074,0.03395827075784783,0.03807143464283911,0.04036238256238711,0.0035523738095142275,"[""h10""]","[""h10_p09""]",1,1,0.0,0.0,,,h10_p09,2472.5,2472.5
session01,v_gt_2400,2400.0,position:h10:p09,hb2,20,20,0,0.0,-0.02946884174155793,0.02946884174155793,0.029671274061083792,0.03379203771467134,0.03610410411097931,0.003549925250355662,"[""h10""]","[""h10_p09""]",1,1,0.0,0.0,,,h10_p09,2472.5,2472.5
session01,v_gt_2400,2400.0,position:h10:p10,base,20,20,0,0.0,-0.3605962465843498,0.3605962465843498,0.3606826018568251,0.3769123765623343,0.3842696525931011,0.008097188042628437,"[""h10""]","[""h10_p10""]",1,1,1.0,1.0,,,h10_p10,2852.5,2852.5
session01,v_gt_2400,2400.0,position:h10:p10,h1,20,20,0,0.0,-0.3217112857696445,0.3217112857696445,0.32180885810810667,0.3380932343491804,0.3454801893307913,0.008129851768290449,"[""h10""]","[""h10_p10""]",1,1,1.0,1.0,,,h10_p10,2852.5,2852.5
session01,v_gt_2400,2400.0,position:h10:p10,hb2,20,20,0,0.0,-0.31371036677897013,0.31371036677897013,0.3138097173887705,0.3300295723658667,0.33739302509481206,0.00810097479670605,"[""h10""]","[""h10_p10""]",1,1,1.0,1.0,,,h10_p10,2852.5,2852.5
session01,v_gt_2400,2400.0,position:h20:p01,base,0,0,0,,,,,,,,[],[],0,0,,,,,,,
session01,v_gt_2400,2400.0,position:h20:p01,h1,0,0,0,,,,,,,,[],[],0,0,,,,,,,
session01,v_gt_2400,2400.0,position:h20:p01,hb2,0,0,0,,,,,,,,[],[],0,0,,,,,,,
session01,v_gt_2400,2400.0,position:h20:p02,base,0,0,0,,,,,,,,[],[],0,0,,,,,,,
session01,v_gt_2400,2400.0,position:h20:p02,h1,0,0,0,,,,,,,,[],[],0,0,,,,,,,
session01,v_gt_2400,2400.0,position:h20:p02,hb2,0,0,0,,,,,,,,[],[],0,0,,,,,,,
session01,v_gt_2400,2400.0,position:h20:p03,base,0,0,0,,,,,,,,[],[],0,0,,,,,,,
session01,v_gt_2400,2400.0,position:h20:p03,h1,0,0,0,,,,,,,,[],[],0,0,,,,,,,
session01,v_gt_2400,2400.0,position:h20:p03,hb2,0,0,0,,,,,,,,[],[],0,0,,,,,,,
session01,v_gt_2400,2400.0,position:h20:p04,base,0,0,0,,,,,,,,[],[],0,0,,,,,,,
session01,v_gt_2400,2400.0,position:h20:p04,h1,0,0,0,,,,,,,,[],[],0,0,,,,,,,
session01,v_gt_2400,2400.0,position:h20:p04,hb2,0,0,0,,,,,,,,[],[],0,0,,,,,,,
session01,v_gt_2400,2400.0,position:h20:p05,base,0,0,0,,,,,,,,[],[],0,0,,,,,,,
session01,v_gt_2400,2400.0,position:h20:p05,h1,0,0,0,,,,,,,,[],[],0,0,,,,,,,
session01,v_gt_2400,2400.0,position:h20:p05,hb2,0,0,0,,,,,,,,[],[],0,0,,,,,,,
session01,v_gt_2400,2400.0,position:h20:p06,base,0,0,0,,,,,,,,[],[],0,0,,,,,,,
session01,v_gt_2400,2400.0,position:h20:p06,h1,0,0,0,,,,,,,,[],[],0,0,,,,,,,
session01,v_gt_2400,2400.0,position:h20:p06,hb2,0,0,0,,,,,,,,[],[],0,0,,,,,,,
session01,v_gt_2400,2400.0,position:h20:p07,base,0,0,0,,,,,,,,[],[],0,0,,,,,,,
session01,v_gt_2400,2400.0,position:h20:p07,h1,0,0,0,,,,,,,,[],[],0,0,,,,,,,
session01,v_gt_2400,2400.0,position:h20:p07,hb2,0,0,0,,,,,,,,[],[],0,0,,,,,,,
session01,v_gt_2400,2400.0,position:h20:p08,base,0,0,0,,,,,,,,[],[],0,0,,,,,,,
session01,v_gt_2400,2400.0,position:h20:p08,h1,0,0,0,,,,,,,,[],[],0,0,,,,,,,
session01,v_gt_2400,2400.0,position:h20:p08,hb2,0,0,0,,,,,,,,[],[],0,0,,,,,,,
session01,v_gt_2400,2400.0,position:h20:p09,base,20,20,0,0.0,-0.11858036526916109,0.11858036526916109,0.11859835624185668,0.12212154577208274,0.122794999577156,0.002119353402555415,"[""h20""]","[""h20_p09""]",1,1,1.0,0.0,,,h20_p09,2507.5,2507.5
session01,v_gt_2400,2400.0,position:h20:p09,h1,20,20,0,0.0,-0.038379530942319384,0.038379530942319384,0.03843553000951251,0.041934996422676465,0.04261116691287725,0.0021279027875712644,"[""h20""]","[""h20_p09""]",1,1,0.0,0.0,,,h20_p09,2507.5,2507.5
session01,v_gt_2400,2400.0,position:h20:p09,hb2,20,20,0,0.0,-0.05180990974397304,0.05180990974397304,0.05185105601705103,0.05535765881580588,0.056017400365348635,0.0021189029944092674,"[""h20""]","[""h20_p09""]",1,1,0.0,0.0,,,h20_p09,2507.5,2507.5
session01,v_gt_2400,2400.0,position:h20:p10,base,20,20,0,0.0,-0.3688253040366881,0.3688253040366881,0.3688458457509689,0.37392941131052326,0.3740846973336538,0.003993814953958634,"[""h20""]","[""h20_p10""]",1,1,1.0,1.0,,,h20_p10,2862.5,2862.5
session01,v_gt_2400,2400.0,position:h20:p10,h1,20,20,0,0.0,-0.2896339475662549,0.2896339475662549,0.2896603167725851,0.29475864460024753,0.29491455704084757,0.004009925840270361,"[""h20""]","[""h20_p10""]",1,1,1.0,1.0,,,h20_p10,2862.5,2862.5
session01,v_gt_2400,2400.0,position:h20:p10,hb2,20,20,0,0.0,-0.2997409440844928,0.2997409440844928,0.2997662763216768,0.3048426573760574,0.3050035295931366,0.003998270560451395,"[""h20""]","[""h20_p10""]",1,1,1.0,1.0,,,h20_p10,2862.5,2862.5
session01,v_gt_2400,2400.0,position:h30:p01,base,0,0,0,,,,,,,,[],[],0,0,,,,,,,
session01,v_gt_2400,2400.0,position:h30:p01,h1,0,0,0,,,,,,,,[],[],0,0,,,,,,,
session01,v_gt_2400,2400.0,position:h30:p01,hb2,0,0,0,,,,,,,,[],[],0,0,,,,,,,
session01,v_gt_2400,2400.0,position:h30:p02,base,0,0,0,,,,,,,,[],[],0,0,,,,,,,
session01,v_gt_2400,2400.0,position:h30:p02,h1,0,0,0,,,,,,,,[],[],0,0,,,,,,,
session01,v_gt_2400,2400.0,position:h30:p02,hb2,0,0,0,,,,,,,,[],[],0,0,,,,,,,
session01,v_gt_2400,2400.0,position:h30:p03,base,0,0,0,,,,,,,,[],[],0,0,,,,,,,
session01,v_gt_2400,2400.0,position:h30:p03,h1,0,0,0,,,,,,,,[],[],0,0,,,,,,,
session01,v_gt_2400,2400.0,position:h30:p03,hb2,0,0,0,,,,,,,,[],[],0,0,,,,,,,
session01,v_gt_2400,2400.0,position:h30:p04,base,0,0,0,,,,,,,,[],[],0,0,,,,,,,
session01,v_gt_2400,2400.0,position:h30:p04,h1,0,0,0,,,,,,,,[],[],0,0,,,,,,,
session01,v_gt_2400,2400.0,position:h30:p04,hb2,0,0,0,,,,,,,,[],[],0,0,,,,,,,
session01,v_gt_2400,2400.0,position:h30:p05,base,0,0,0,,,,,,,,[],[],0,0,,,,,,,
session01,v_gt_2400,2400.0,position:h30:p05,h1,0,0,0,,,,,,,,[],[],0,0,,,,,,,
session01,v_gt_2400,2400.0,position:h30:p05,hb2,0,0,0,,,,,,,,[],[],0,0,,,,,,,
session01,v_gt_2400,2400.0,position:h30:p06,base,0,0,0,,,,,,,,[],[],0,0,,,,,,,
session01,v_gt_2400,2400.0,position:h30:p06,h1,0,0,0,,,,,,,,[],[],0,0,,,,,,,
session01,v_gt_2400,2400.0,position:h30:p06,hb2,0,0,0,,,,,,,,[],[],0,0,,,,,,,
session01,v_gt_2400,2400.0,position:h30:p07,base,0,0,0,,,,,,,,[],[],0,0,,,,,,,
session01,v_gt_2400,2400.0,position:h30:p07,h1,0,0,0,,,,,,,,[],[],0,0,,,,,,,
session01,v_gt_2400,2400.0,position:h30:p07,hb2,0,0,0,,,,,,,,[],[],0,0,,,,,,,
session01,v_gt_2400,2400.0,position:h30:p08,base,0,0,0,,,,,,,,[],[],0,0,,,,,,,
session01,v_gt_2400,2400.0,position:h30:p08,h1,0,0,0,,,,,,,,[],[],0,0,,,,,,,
session01,v_gt_2400,2400.0,position:h30:p08,hb2,0,0,0,,,,,,,,[],[],0,0,,,,,,,
session01,v_gt_2400,2400.0,position:h30:p09,base,20,20,0,0.0,-0.15392184283028118,0.15392184283028118,0.15393727142160601,0.15606427612082802,0.15955579533985542,0.002236028542190908,"[""h30""]","[""h30_p09""]",1,1,1.0,0.0,,,h30_p09,2537.5,2537.5
session01,v_gt_2400,2400.0,position:h30:p09,h1,20,20,0,0.0,-0.03352398324244703,0.03352398324244703,0.03359532234482283,0.03567505902133448,0.03918066288620636,0.0022450485899518577,"[""h30""]","[""h30_p09""]",1,1,0.0,0.0,,,h30_p09,2537.5,2537.5
session01,v_gt_2400,2400.0,position:h30:p09,hb2,20,20,0,0.0,-0.0652408229582246,0.0652408229582246,0.06527722778221122,0.06739389480098233,0.07086493507947367,0.0022364178745865274,"[""h30""]","[""h30_p09""]",1,1,0.0,0.0,,,h30_p09,2537.5,2537.5
session01,v_gt_2400,2400.0,position:h30:p10,base,20,20,0,0.0,-3.117182695894681,3.117182695894681,3.117512660542035,3.1931839017493737,3.2256127623017044,0.04653497897337552,"[""h30""]","[""h30_p10""]",1,1,1.0,1.0,,,h30_p10,2897.5,2897.5
session01,v_gt_2400,2400.0,position:h30:p10,h1,20,20,0,0.0,-3.00873850949066,3.00873850949066,3.0090831292238387,3.085046301103885,3.1176059783544368,0.04672269917684307,"[""h30""]","[""h30_p10""]",1,1,1.0,1.0,,,h30_p10,2897.5,2897.5
session01,v_gt_2400,2400.0,position:h30:p10,hb2,20,20,0,0.0,-3.031977102329013,3.031977102329013,3.0323178475372443,3.1081470343882343,3.1406484070718683,0.0466383560859001,"[""h30""]","[""h30_p10""]",1,1,1.0,1.0,,,h30_p10,2897.5,2897.5
session01,v_gt_2600,2600.0,pooled,base,60,60,0,0.0,-1.2822014155052393,1.2822014155052393,1.8243742658648596,3.1574801167010937,3.2256127623017044,1.3087583682511563,"[""h10"",""h20"",""h30""]","[""h10_p10"",""h20_p10"",""h30_p10""]",3,3,1.0,1.0,-0.8745768635127046,6.942316746721435e-20,h30_p10,2852.5,2897.5
session01,v_gt_2600,2600.0,pooled,h1,60,60,0,0.0,-1.2066945809421867,1.2066945809421867,1.75518710482664,3.0491984884458017,3.1176059783544368,1.2853423844890053,"[""h10"",""h20"",""h30""]","[""h10_p10"",""h20_p10"",""h30_p10""]",3,3,1.0,1.0,-0.4714700072844769,0.00014329532451587296,h30_p10,2852.5,2897.5
session01,v_gt_2600,2600.0,pooled,hb2,60,60,0,0.0,-1.215142804397492,1.215142804397492,1.7685481698877843,3.072363984195493,3.1406484070718683,1.2958305735669868,"[""h10"",""h20"",""h30""]","[""h10_p10"",""h20_p10"",""h30_p10""]",3,3,1.0,1.0,-0.4714700072844769,0.00014329532451587296,h30_p10,2852.5,2897.5
session01,v_gt_2600,2600.0,height:h10,base,20,20,0,0.0,-0.3605962465843498,0.3605962465843498,0.3606826018568251,0.3769123765623343,0.3842696525931011,0.008097188042628437,"[""h10""]","[""h10_p10""]",1,1,1.0,1.0,,,h10_p10,2852.5,2852.5
session01,v_gt_2600,2600.0,height:h10,h1,20,20,0,0.0,-0.3217112857696445,0.3217112857696445,0.32180885810810667,0.3380932343491804,0.3454801893307913,0.008129851768290449,"[""h10""]","[""h10_p10""]",1,1,1.0,1.0,,,h10_p10,2852.5,2852.5
session01,v_gt_2600,2600.0,height:h10,hb2,20,20,0,0.0,-0.31371036677897013,0.31371036677897013,0.3138097173887705,0.3300295723658667,0.33739302509481206,0.00810097479670605,"[""h10""]","[""h10_p10""]",1,1,1.0,1.0,,,h10_p10,2852.5,2852.5
session01,v_gt_2600,2600.0,height:h20,base,20,20,0,0.0,-0.3688253040366881,0.3688253040366881,0.3688458457509689,0.37392941131052326,0.3740846973336538,0.003993814953958634,"[""h20""]","[""h20_p10""]",1,1,1.0,1.0,,,h20_p10,2862.5,2862.5
session01,v_gt_2600,2600.0,height:h20,h1,20,20,0,0.0,-0.2896339475662549,0.2896339475662549,0.2896603167725851,0.29475864460024753,0.29491455704084757,0.004009925840270361,"[""h20""]","[""h20_p10""]",1,1,1.0,1.0,,,h20_p10,2862.5,2862.5
session01,v_gt_2600,2600.0,height:h20,hb2,20,20,0,0.0,-0.2997409440844928,0.2997409440844928,0.2997662763216768,0.3048426573760574,0.3050035295931366,0.003998270560451395,"[""h20""]","[""h20_p10""]",1,1,1.0,1.0,,,h20_p10,2862.5,2862.5
session01,v_gt_2600,2600.0,height:h30,base,20,20,0,0.0,-3.117182695894681,3.117182695894681,3.117512660542035,3.1931839017493737,3.2256127623017044,0.04653497897337552,"[""h30""]","[""h30_p10""]",1,1,1.0,1.0,,,h30_p10,2897.5,2897.5
session01,v_gt_2600,2600.0,height:h30,h1,20,20,0,0.0,-3.00873850949066,3.00873850949066,3.0090831292238387,3.085046301103885,3.1176059783544368,0.04672269917684307,"[""h30""]","[""h30_p10""]",1,1,1.0,1.0,,,h30_p10,2897.5,2897.5
session01,v_gt_2600,2600.0,height:h30,hb2,20,20,0,0.0,-3.031977102329013,3.031977102329013,3.0323178475372443,3.1081470343882343,3.1406484070718683,0.0466383560859001,"[""h30""]","[""h30_p10""]",1,1,1.0,1.0,,,h30_p10,2897.5,2897.5
session01,v_gt_2600,2600.0,position:h10:p01,base,0,0,0,,,,,,,,[],[],0,0,,,,,,,
session01,v_gt_2600,2600.0,position:h10:p01,h1,0,0,0,,,,,,,,[],[],0,0,,,,,,,
session01,v_gt_2600,2600.0,position:h10:p01,hb2,0,0,0,,,,,,,,[],[],0,0,,,,,,,
session01,v_gt_2600,2600.0,position:h10:p02,base,0,0,0,,,,,,,,[],[],0,0,,,,,,,
session01,v_gt_2600,2600.0,position:h10:p02,h1,0,0,0,,,,,,,,[],[],0,0,,,,,,,
session01,v_gt_2600,2600.0,position:h10:p02,hb2,0,0,0,,,,,,,,[],[],0,0,,,,,,,
session01,v_gt_2600,2600.0,position:h10:p03,base,0,0,0,,,,,,,,[],[],0,0,,,,,,,
session01,v_gt_2600,2600.0,position:h10:p03,h1,0,0,0,,,,,,,,[],[],0,0,,,,,,,
session01,v_gt_2600,2600.0,position:h10:p03,hb2,0,0,0,,,,,,,,[],[],0,0,,,,,,,
session01,v_gt_2600,2600.0,position:h10:p04,base,0,0,0,,,,,,,,[],[],0,0,,,,,,,
session01,v_gt_2600,2600.0,position:h10:p04,h1,0,0,0,,,,,,,,[],[],0,0,,,,,,,
session01,v_gt_2600,2600.0,position:h10:p04,hb2,0,0,0,,,,,,,,[],[],0,0,,,,,,,
session01,v_gt_2600,2600.0,position:h10:p05,base,0,0,0,,,,,,,,[],[],0,0,,,,,,,
session01,v_gt_2600,2600.0,position:h10:p05,h1,0,0,0,,,,,,,,[],[],0,0,,,,,,,
session01,v_gt_2600,2600.0,position:h10:p05,hb2,0,0,0,,,,,,,,[],[],0,0,,,,,,,
session01,v_gt_2600,2600.0,position:h10:p06,base,0,0,0,,,,,,,,[],[],0,0,,,,,,,
session01,v_gt_2600,2600.0,position:h10:p06,h1,0,0,0,,,,,,,,[],[],0,0,,,,,,,
session01,v_gt_2600,2600.0,position:h10:p06,hb2,0,0,0,,,,,,,,[],[],0,0,,,,,,,
session01,v_gt_2600,2600.0,position:h10:p07,base,0,0,0,,,,,,,,[],[],0,0,,,,,,,
session01,v_gt_2600,2600.0,position:h10:p07,h1,0,0,0,,,,,,,,[],[],0,0,,,,,,,
session01,v_gt_2600,2600.0,position:h10:p07,hb2,0,0,0,,,,,,,,[],[],0,0,,,,,,,
session01,v_gt_2600,2600.0,position:h10:p08,base,0,0,0,,,,,,,,[],[],0,0,,,,,,,
session01,v_gt_2600,2600.0,position:h10:p08,h1,0,0,0,,,,,,,,[],[],0,0,,,,,,,
session01,v_gt_2600,2600.0,position:h10:p08,hb2,0,0,0,,,,,,,,[],[],0,0,,,,,,,
session01,v_gt_2600,2600.0,position:h10:p09,base,0,0,0,,,,,,,,[],[],0,0,,,,,,,
session01,v_gt_2600,2600.0,position:h10:p09,h1,0,0,0,,,,,,,,[],[],0,0,,,,,,,
session01,v_gt_2600,2600.0,position:h10:p09,hb2,0,0,0,,,,,,,,[],[],0,0,,,,,,,
session01,v_gt_2600,2600.0,position:h10:p10,base,20,20,0,0.0,-0.3605962465843498,0.3605962465843498,0.3606826018568251,0.3769123765623343,0.3842696525931011,0.008097188042628437,"[""h10""]","[""h10_p10""]",1,1,1.0,1.0,,,h10_p10,2852.5,2852.5
session01,v_gt_2600,2600.0,position:h10:p10,h1,20,20,0,0.0,-0.3217112857696445,0.3217112857696445,0.32180885810810667,0.3380932343491804,0.3454801893307913,0.008129851768290449,"[""h10""]","[""h10_p10""]",1,1,1.0,1.0,,,h10_p10,2852.5,2852.5
session01,v_gt_2600,2600.0,position:h10:p10,hb2,20,20,0,0.0,-0.31371036677897013,0.31371036677897013,0.3138097173887705,0.3300295723658667,0.33739302509481206,0.00810097479670605,"[""h10""]","[""h10_p10""]",1,1,1.0,1.0,,,h10_p10,2852.5,2852.5
session01,v_gt_2600,2600.0,position:h20:p01,base,0,0,0,,,,,,,,[],[],0,0,,,,,,,
session01,v_gt_2600,2600.0,position:h20:p01,h1,0,0,0,,,,,,,,[],[],0,0,,,,,,,
session01,v_gt_2600,2600.0,position:h20:p01,hb2,0,0,0,,,,,,,,[],[],0,0,,,,,,,
session01,v_gt_2600,2600.0,position:h20:p02,base,0,0,0,,,,,,,,[],[],0,0,,,,,,,
session01,v_gt_2600,2600.0,position:h20:p02,h1,0,0,0,,,,,,,,[],[],0,0,,,,,,,
session01,v_gt_2600,2600.0,position:h20:p02,hb2,0,0,0,,,,,,,,[],[],0,0,,,,,,,
session01,v_gt_2600,2600.0,position:h20:p03,base,0,0,0,,,,,,,,[],[],0,0,,,,,,,
session01,v_gt_2600,2600.0,position:h20:p03,h1,0,0,0,,,,,,,,[],[],0,0,,,,,,,
session01,v_gt_2600,2600.0,position:h20:p03,hb2,0,0,0,,,,,,,,[],[],0,0,,,,,,,
session01,v_gt_2600,2600.0,position:h20:p04,base,0,0,0,,,,,,,,[],[],0,0,,,,,,,
session01,v_gt_2600,2600.0,position:h20:p04,h1,0,0,0,,,,,,,,[],[],0,0,,,,,,,
session01,v_gt_2600,2600.0,position:h20:p04,hb2,0,0,0,,,,,,,,[],[],0,0,,,,,,,
session01,v_gt_2600,2600.0,position:h20:p05,base,0,0,0,,,,,,,,[],[],0,0,,,,,,,
session01,v_gt_2600,2600.0,position:h20:p05,h1,0,0,0,,,,,,,,[],[],0,0,,,,,,,
session01,v_gt_2600,2600.0,position:h20:p05,hb2,0,0,0,,,,,,,,[],[],0,0,,,,,,,
session01,v_gt_2600,2600.0,position:h20:p06,base,0,0,0,,,,,,,,[],[],0,0,,,,,,,
session01,v_gt_2600,2600.0,position:h20:p06,h1,0,0,0,,,,,,,,[],[],0,0,,,,,,,
session01,v_gt_2600,2600.0,position:h20:p06,hb2,0,0,0,,,,,,,,[],[],0,0,,,,,,,
session01,v_gt_2600,2600.0,position:h20:p07,base,0,0,0,,,,,,,,[],[],0,0,,,,,,,
session01,v_gt_2600,2600.0,position:h20:p07,h1,0,0,0,,,,,,,,[],[],0,0,,,,,,,
session01,v_gt_2600,2600.0,position:h20:p07,hb2,0,0,0,,,,,,,,[],[],0,0,,,,,,,
session01,v_gt_2600,2600.0,position:h20:p08,base,0,0,0,,,,,,,,[],[],0,0,,,,,,,
session01,v_gt_2600,2600.0,position:h20:p08,h1,0,0,0,,,,,,,,[],[],0,0,,,,,,,
session01,v_gt_2600,2600.0,position:h20:p08,hb2,0,0,0,,,,,,,,[],[],0,0,,,,,,,
session01,v_gt_2600,2600.0,position:h20:p09,base,0,0,0,,,,,,,,[],[],0,0,,,,,,,
session01,v_gt_2600,2600.0,position:h20:p09,h1,0,0,0,,,,,,,,[],[],0,0,,,,,,,
session01,v_gt_2600,2600.0,position:h20:p09,hb2,0,0,0,,,,,,,,[],[],0,0,,,,,,,
session01,v_gt_2600,2600.0,position:h20:p10,base,20,20,0,0.0,-0.3688253040366881,0.3688253040366881,0.3688458457509689,0.37392941131052326,0.3740846973336538,0.003993814953958634,"[""h20""]","[""h20_p10""]",1,1,1.0,1.0,,,h20_p10,2862.5,2862.5
session01,v_gt_2600,2600.0,position:h20:p10,h1,20,20,0,0.0,-0.2896339475662549,0.2896339475662549,0.2896603167725851,0.29475864460024753,0.29491455704084757,0.004009925840270361,"[""h20""]","[""h20_p10""]",1,1,1.0,1.0,,,h20_p10,2862.5,2862.5
session01,v_gt_2600,2600.0,position:h20:p10,hb2,20,20,0,0.0,-0.2997409440844928,0.2997409440844928,0.2997662763216768,0.3048426573760574,0.3050035295931366,0.003998270560451395,"[""h20""]","[""h20_p10""]",1,1,1.0,1.0,,,h20_p10,2862.5,2862.5
session01,v_gt_2600,2600.0,position:h30:p01,base,0,0,0,,,,,,,,[],[],0,0,,,,,,,
session01,v_gt_2600,2600.0,position:h30:p01,h1,0,0,0,,,,,,,,[],[],0,0,,,,,,,
session01,v_gt_2600,2600.0,position:h30:p01,hb2,0,0,0,,,,,,,,[],[],0,0,,,,,,,
session01,v_gt_2600,2600.0,position:h30:p02,base,0,0,0,,,,,,,,[],[],0,0,,,,,,,
session01,v_gt_2600,2600.0,position:h30:p02,h1,0,0,0,,,,,,,,[],[],0,0,,,,,,,
session01,v_gt_2600,2600.0,position:h30:p02,hb2,0,0,0,,,,,,,,[],[],0,0,,,,,,,
session01,v_gt_2600,2600.0,position:h30:p03,base,0,0,0,,,,,,,,[],[],0,0,,,,,,,
session01,v_gt_2600,2600.0,position:h30:p03,h1,0,0,0,,,,,,,,[],[],0,0,,,,,,,
session01,v_gt_2600,2600.0,position:h30:p03,hb2,0,0,0,,,,,,,,[],[],0,0,,,,,,,
session01,v_gt_2600,2600.0,position:h30:p04,base,0,0,0,,,,,,,,[],[],0,0,,,,,,,
session01,v_gt_2600,2600.0,position:h30:p04,h1,0,0,0,,,,,,,,[],[],0,0,,,,,,,
session01,v_gt_2600,2600.0,position:h30:p04,hb2,0,0,0,,,,,,,,[],[],0,0,,,,,,,
session01,v_gt_2600,2600.0,position:h30:p05,base,0,0,0,,,,,,,,[],[],0,0,,,,,,,
session01,v_gt_2600,2600.0,position:h30:p05,h1,0,0,0,,,,,,,,[],[],0,0,,,,,,,
session01,v_gt_2600,2600.0,position:h30:p05,hb2,0,0,0,,,,,,,,[],[],0,0,,,,,,,
session01,v_gt_2600,2600.0,position:h30:p06,base,0,0,0,,,,,,,,[],[],0,0,,,,,,,
session01,v_gt_2600,2600.0,position:h30:p06,h1,0,0,0,,,,,,,,[],[],0,0,,,,,,,
session01,v_gt_2600,2600.0,position:h30:p06,hb2,0,0,0,,,,,,,,[],[],0,0,,,,,,,
session01,v_gt_2600,2600.0,position:h30:p07,base,0,0,0,,,,,,,,[],[],0,0,,,,,,,
session01,v_gt_2600,2600.0,position:h30:p07,h1,0,0,0,,,,,,,,[],[],0,0,,,,,,,
session01,v_gt_2600,2600.0,position:h30:p07,hb2,0,0,0,,,,,,,,[],[],0,0,,,,,,,
session01,v_gt_2600,2600.0,position:h30:p08,base,0,0,0,,,,,,,,[],[],0,0,,,,,,,
session01,v_gt_2600,2600.0,position:h30:p08,h1,0,0,0,,,,,,,,[],[],0,0,,,,,,,
session01,v_gt_2600,2600.0,position:h30:p08,hb2,0,0,0,,,,,,,,[],[],0,0,,,,,,,
session01,v_gt_2600,2600.0,position:h30:p09,base,0,0,0,,,,,,,,[],[],0,0,,,,,,,
session01,v_gt_2600,2600.0,position:h30:p09,h1,0,0,0,,,,,,,,[],[],0,0,,,,,,,
session01,v_gt_2600,2600.0,position:h30:p09,hb2,0,0,0,,,,,,,,[],[],0,0,,,,,,,
session01,v_gt_2600,2600.0,position:h30:p10,base,20,20,0,0.0,-3.117182695894681,3.117182695894681,3.117512660542035,3.1931839017493737,3.2256127623017044,0.04653497897337552,"[""h30""]","[""h30_p10""]",1,1,1.0,1.0,,,h30_p10,2897.5,2897.5
session01,v_gt_2600,2600.0,position:h30:p10,h1,20,20,0,0.0,-3.00873850949066,3.00873850949066,3.0090831292238387,3.085046301103885,3.1176059783544368,0.04672269917684307,"[""h30""]","[""h30_p10""]",1,1,1.0,1.0,,,h30_p10,2897.5,2897.5
session01,v_gt_2600,2600.0,position:h30:p10,hb2,20,20,0,0.0,-3.031977102329013,3.031977102329013,3.0323178475372443,3.1081470343882343,3.1406484070718683,0.0466383560859001,"[""h30""]","[""h30_p10""]",1,1,1.0,1.0,,,h30_p10,2897.5,2897.5
