position_id,position_rank,height_label,true_height_mm,scope,source,held_out,offset_sensitive,condition_count,count,raw_mean_mm,raw_bias_mm,raw_mae_mm,raw_rmse_mm,raw_p95_mm,raw_max_mm,k_required,k_conditionwise_mean,k_conditionwise_median,k_conditionwise_std,k_conditionwise_min,k_conditionwise_max,frozen_k_full,k_required_minus_frozen,k_required_relative_to_frozen
laser001,1,6mm,6.0,ground4a_development_condition_mean,ground4a_condition_comparison.csv,False,False,1,1,5.99419060207487,-0.005809397925130355,0.005809397925130355,0.005809397925130355,0.005809397925130355,0.005809397925130355,1.0009691713712139,1.0009691713712139,1.0009691713712139,0.0,1.0009691713712139,1.0009691713712139,1.00403395913372,-0.0030647877625060715,-0.00305247420630117
laser001,1,10mm,10.0,ground4a_development_condition_mean,ground4a_condition_comparison.csv,False,False,1,1,9.96809952692732,-0.03190047307267996,0.03190047307267996,0.03190047307267996,0.03190047307267996,0.03190047307267996,1.0032002562761844,1.0032002562761844,1.0032002562761844,0.0,1.0032002562761844,1.0032002562761844,1.00403395913372,-0.0008337028575355898,-0.000830353246472737
laser001,1,20mm,20.0,ground4a_development_condition_mean,ground4a_condition_comparison.csv,False,False,1,1,19.950918370767766,-0.04908162923223358,0.04908162923223358,0.04908162923223358,0.04908162923223358,0.04908162923223358,1.0024601187935362,1.0024601187935362,1.0024601187935362,0.0,1.0024601187935362,1.0024601187935362,1.00403395913372,-0.0015738403401837076,-0.0015675170405009542
laser001,1,30mm,30.0,ground4a_development_condition_mean,ground4a_condition_comparison.csv,False,False,1,1,29.90314473034483,-0.096855269655169,0.096855269655169,0.096855269655169,0.096855269655169,0.096855269655169,1.0032389660194128,1.0032389660194128,1.0032389660194128,0.0,1.0032389660194128,1.0032389660194128,1.00403395913372,-0.0007949931143071964,-0.0007917990293805355
laser001,1,50mm,50.0,height50_heldout_position_mean,height50_position_metrics.csv,True,False,1,1,49.87532987499187,-0.12467012500813013,0.12467012500813013,0.12467012500813013,0.12467012500813013,0.12467012500813013,1.0024996350965618,1.0024996350965618,1.0024996350965618,0.0,1.0024996350965618,1.0024996350965618,1.00403395913372,-0.0015343240371581413,-0.0015281595041685136
laser002,2,6mm,6.0,ground4a_development_condition_mean,ground4a_condition_comparison.csv,False,False,1,1,5.965163966871154,-0.034836033128845756,0.034836033128845756,0.034836033128845756,0.034836033128845756,0.034836033128845756,1.0058399120832746,1.0058399120832746,1.0058399120832746,0.0,1.0058399120832746,1.0058399120832746,1.00403395913372,0.0018059529495546567,0.0017986970790437873
laser002,2,10mm,10.0,ground4a_development_condition_mean,ground4a_condition_comparison.csv,False,False,1,1,9.952680960585774,-0.04731903941422644,0.04731903941422644,0.04731903941422644,0.04731903941422644,0.04731903941422644,1.0047544013117287,1.0047544013117287,1.0047544013117287,0.0,1.0047544013117287,1.0047544013117287,1.00403395913372,0.0007204421780087067,0.0007175476202321285
laser002,2,20mm,20.0,ground4a_development_condition_mean,ground4a_condition_comparison.csv,False,False,1,1,19.919731033716293,-0.0802689662837075,0.0802689662837075,0.0802689662837075,0.0802689662837075,0.0802689662837075,1.0040296209897535,1.0040296209897535,1.0040296209897535,0.0,1.0040296209897535,1.0040296209897535,1.00403395913372,-4.338143966498009e-06,-4.3207143812784565e-06
laser002,2,30mm,30.0,ground4a_development_condition_mean,ground4a_condition_comparison.csv,False,False,1,1,29.876714278369818,-0.12328572163018237,0.12328572163018237,0.12328572163018237,0.12328572163018237,0.12328572163018237,1.004126481931095,1.004126481931095,1.004126481931095,0.0,1.004126481931095,1.004126481931095,1.00403395913372,9.252279737514968e-05,9.215106374993454e-05
laser002,2,50mm,50.0,height50_heldout_position_mean,height50_position_metrics.csv,True,False,1,1,49.88760006319131,-0.11239993680869276,0.11239993680869276,0.11239993680869276,0.11239993680869276,0.11239993680869276,1.0022530636203448,1.0022530636203448,1.0022530636203448,0.0,1.0022530636203448,1.0022530636203448,1.00403395913372,-0.0017808955133751248,-0.0017737403174208355
laser003,3,6mm,6.0,ground4a_development_condition_mean,ground4a_condition_comparison.csv,False,False,1,1,5.990388953624965,-0.00961104637503496,0.00961104637503496,0.00961104637503496,0.00961104637503496,0.00961104637503496,1.0016044110740454,1.0016044110740454,1.0016044110740454,0.0,1.0016044110740454,1.0016044110740454,1.00403395913372,-0.0024295480596745467,-0.0024197867388576766
laser003,3,10mm,10.0,ground4a_development_condition_mean,ground4a_condition_comparison.csv,False,False,1,1,9.971142471206518,-0.028857528793482246,0.028857528793482246,0.028857528793482246,0.028857528793482246,0.028857528793482246,1.0028941045498863,1.0028941045498863,1.0028941045498863,0.0,1.0028941045498863,1.0028941045498863,1.00403395913372,-0.0011398545838336993,-0.0011352749311558386
laser003,3,20mm,20.0,ground4a_development_condition_mean,ground4a_condition_comparison.csv,False,False,1,1,19.925192867143263,-0.07480713285673701,0.07480713285673701,0.07480713285673701,0.07480713285673701,0.07480713285673701,1.003754399435706,1.003754399435706,1.003754399435706,0.0,1.003754399435706,1.003754399435706,1.00403395913372,-0.0002795596980138537,-0.0002784364965653374
laser003,3,30mm,30.0,ground4a_development_condition_mean,ground4a_condition_comparison.csv,False,False,1,1,29.915652433900014,-0.08434756609998573,0.08434756609998573,0.08434756609998573,0.08434756609998573,0.08434756609998573,1.0028195128381825,1.0028195128381825,1.0028195128381825,0.0,1.0028195128381825,1.0028195128381825,1.00403395913372,-0.0012144462955374635,-0.0012095669518840113
laser003,3,50mm,50.0,height50_heldout_position_mean,height50_position_metrics.csv,True,False,1,1,49.93767500525035,-0.06232499474965181,0.06232499474965181,0.06232499474965181,0.06232499474965181,0.06232499474965181,1.0012480555961627,1.0012480555961627,1.0012480555961627,0.0,1.0012480555961627,1.0012480555961627,1.00403395913372,-0.002785903537557255,-0.0027747104689177515
laser004,4,6mm,6.0,ground4a_development_condition_mean,ground4a_condition_comparison.csv,False,False,1,1,6.005431132395192,0.0054311323951923285,0.0054311323951923285,0.0054311323951923285,0.0054311323951923285,0.0054311323951923285,0.9990956298930987,0.9990956298930987,0.9990956298930987,0.0,0.9990956298930987,0.9990956298930987,1.00403395913372,-0.004938329240621209,-0.004918488259980758
laser004,4,10mm,10.0,ground4a_development_condition_mean,ground4a_condition_comparison.csv,False,False,1,1,9.95198282123646,-0.04801717876354061,0.04801717876354061,0.04801717876354061,0.04801717876354061,0.04801717876354061,1.004824885615867,1.004824885615867,1.004824885615867,0.0,1.004824885615867,1.004824885615867,1.00403395913372,0.0007909264821470696,0.0007877487359386759
laser004,4,20mm,20.0,ground4a_development_condition_mean,ground4a_condition_comparison.csv,False,False,1,1,19.895023101454683,-0.104976898545317,0.104976898545317,0.104976898545317,0.104976898545317,0.104976898545317,1.0052765406710003,1.0052765406710003,1.0052765406710003,0.0,1.0052765406710003,1.0052765406710003,1.00403395913372,0.0012425815372802962,0.0012375891532119265
laser004,4,30mm,30.0,ground4a_development_condition_mean,ground4a_condition_comparison.csv,False,False,1,1,29.914729663379322,-0.08527033662067751,0.08527033662067751,0.08527033662067751,0.08527033662067751,0.08527033662067751,1.002850446505123,1.002850446505123,1.002850446505123,0.0,1.002850446505123,1.002850446505123,1.00403395913372,-0.001183512628597061,-0.0011787575687361995
laser004,4,50mm,50.0,height50_heldout_position_mean,height50_position_metrics.csv,True,False,1,1,49.8668014009138,-0.13319859908619947,0.13319859908619947,0.13319859908619947,0.13319859908619947,0.13319859908619947,1.0026710876844762,1.0026710876844762,1.0026710876844762,0.0,1.0026710876844762,1.0026710876844762,1.00403395913372,-0.001362871449243741,-0.001357395770178571
laser005,5,6mm,6.0,ground4a_development_condition_mean,ground4a_condition_comparison.csv,False,False,1,1,5.935725820143229,-0.06427417985677142,0.06427417985677142,0.06427417985677142,0.06427417985677142,0.06427417985677142,1.0108283606427124,1.0108283606427124,1.0108283606427124,0.0,1.0108283606427124,1.0108283606427124,1.00403395913372,0.006794401508992465,0.0067671032908633855
laser005,5,10mm,10.0,ground4a_development_condition_mean,ground4a_condition_comparison.csv,False,False,1,1,9.916181615420795,-0.08381838457920487,0.08381838457920487,0.08381838457920487,0.08381838457920487,0.08381838457920487,1.008452687519242,1.008452687519242,1.008452687519242,0.0,1.008452687519242,1.008452687519242,1.00403395913372,0.004418728385522153,0.004400975032094134
laser005,5,20mm,20.0,ground4a_development_condition_mean,ground4a_condition_comparison.csv,False,False,1,1,19.868729015779728,-0.13127098422027217,0.13127098422027217,0.13127098422027217,0.13127098422027217,0.13127098422027217,1.0066069140162925,1.0066069140162925,1.0066069140162925,0.0,1.0066069140162925,1.0066069140162925,1.00403395913372,0.0025729548825725868,0.002562617388750965
laser005,5,30mm,30.0,ground4a_development_condition_mean,ground4a_condition_comparison.csv,False,False,1,1,29.83070609893663,-0.1692939010633694,0.1692939010633694,0.1692939010633694,0.1692939010633694,0.1692939010633694,1.005675155676902,1.005675155676902,1.005675155676902,0.0,1.005675155676902,1.005675155676902,1.00403395913372,0.0016411965431819553,0.0016346026230009691
laser005,5,50mm,50.0,height50_heldout_position_mean,height50_position_metrics.csv,True,False,1,1,49.91137573303696,-0.08862426696303771,0.08862426696303771,0.08862426696303771,0.08862426696303771,0.08862426696303771,1.0017756326220513,1.0017756326220513,1.0017756326220513,0.0,1.0017756326220513,1.0017756326220513,1.00403395913372,-0.0022583265116686846,-0.0022492531165152485
