cv_scheme,heldout_group,model,heldout_height_mm,heldout_position_rank,train_condition_count,train_point_count,test_condition_count,test_point_count,train_q1_min,train_q1_max,train_q2_min,train_q2_max,test_q1_min,test_q1_max,test_q2_min,test_q2_max,bbox_oob_point_count,bbox_oob_point_rate,hull_oob_point_count,hull_oob_point_rate,bbox_extrapolation,hull_extrapolation,support_state,raw_bias_mm,b0_bias_mm,corrected_bias_mm,delta_bias_mm_vs_b0,improved_bias_mm_vs_b0,raw_mae_mm,b0_mae_mm,corrected_mae_mm,delta_mae_mm_vs_b0,improved_mae_mm_vs_b0,raw_rmse_mm,b0_rmse_mm,corrected_rmse_mm,delta_rmse_mm_vs_b0,improved_rmse_mm_vs_b0,raw_p95_abs_mm,b0_p95_abs_mm,corrected_p95_abs_mm,delta_p95_abs_mm_vs_b0,improved_p95_abs_mm_vs_b0,raw_max_abs_mm,b0_max_abs_mm,corrected_max_abs_mm,delta_max_abs_mm_vs_b0,improved_max_abs_mm_vs_b0,no_metric_worsening_vs_b0,q_terms_present
LOHO_height,height_1mm,B0,1.0,,39,9946,5,1214,-1.708115426648687,2.1162292083463825,-0.50189189917237,1.4172012570760066,-1.7313021905797878,2.109980376993534,1.3689672751797735,1.4605125871893883,551,0.4538714991762768,1214,1.0,True,True,BBOX_EXTRAPOLATION,-0.021416585574407402,0.05628712105178622,0.05628712105178622,0.0,False,0.030333492275117523,0.05628712105178622,0.05628712105178622,0.0,False,0.03482044945744536,0.06262614117963064,0.06262614117963064,0.0,False,0.051995641953723755,0.08999915066307342,0.08999915066307342,0.0,False,0.05515646482318219,0.09076535777040151,0.09076535777040151,0.0,False,True,False
LOHO_height,height_1mm,B1,1.0,,39,9946,5,1214,-1.708115426648687,2.1162292083463825,-0.50189189917237,1.4172012570760066,-1.7313021905797878,2.109980376993534,1.3689672751797735,1.4605125871893883,551,0.4538714991762768,1214,1.0,True,True,BBOX_EXTRAPOLATION,-0.021416585574407402,0.05628712105178622,0.056242392165055756,-4.4728886730460715e-05,True,0.030333492275117523,0.05628712105178622,0.056242392165055756,-4.4728886730460715e-05,True,0.03482044945744536,0.06262614117963064,0.06066821242773361,-0.0019579287518970284,True,0.051995641953723755,0.08999915066307342,0.08586735155384097,-0.004131799109232448,True,0.05515646482318219,0.09076535777040151,0.09006969836783815,-0.0006956594025633589,True,True,True
LOHO_height,height_1mm,B2,1.0,,39,9946,5,1214,-1.708115426648687,2.1162292083463825,-0.50189189917237,1.4172012570760066,-1.7313021905797878,2.109980376993534,1.3689672751797735,1.4605125871893883,551,0.4538714991762768,1214,1.0,True,True,BBOX_EXTRAPOLATION,-0.021416585574407402,0.05628712105178622,0.005663674913026828,-0.05062344613875939,True,0.030333492275117523,0.05628712105178622,0.02400710446409415,-0.03228001658769207,True,0.03482044945744536,0.06262614117963064,0.027226914340549892,-0.03539922683908075,True,0.051995641953723755,0.08999915066307342,0.038885319202644174,-0.05111383146042924,True,0.05515646482318219,0.09076535777040151,0.04008321585680614,-0.05068214191359537,True,True,True
LOHO_height,height_1mm,S0,1.0,,39,9946,5,1214,-1.708115426648687,2.1162292083463825,-0.50189189917237,1.4172012570760066,-1.7313021905797878,2.109980376993534,1.3689672751797735,1.4605125871893883,551,0.4538714991762768,1214,1.0,True,True,BBOX_EXTRAPOLATION,-0.021416585574407402,0.05628712105178622,0.005719423786650583,-0.05056769726513563,True,0.030333492275117523,0.05628712105178622,0.021265367194475873,-0.03502175385731034,True,0.03482044945744536,0.06262614117963064,0.02332571139304677,-0.039300429786583865,True,0.051995641953723755,0.08999915066307342,0.035564330330777404,-0.05443482033229601,True,0.05515646482318219,0.09076535777040151,0.03949853733134665,-0.05126682043905486,True,True,True
LOHO_height,height_2mm,B0,2.0,,40,10329,4,831,-1.7313021905797878,2.1162292083463825,-0.50189189917237,1.4605125871893883,-1.708115426648687,1.504437664417735,1.337648890885729,1.4172012570760066,0,0.0,0,0.0,False,False,IN_DOMAIN,-0.026795326786539682,0.04896332769214601,0.04896332769214601,0.0,False,0.029297225196013018,0.04896332769214601,0.04896332769214601,0.0,False,0.03501503022265001,0.053902414255616746,0.053902414255616746,0.0,False,0.05399246303366101,0.07678244036151124,0.07678244036151124,0.0,False,0.05770591264596331,0.08076245129763236,0.08076245129763236,0.0,False,True,False
LOHO_height,height_2mm,B1,2.0,,40,10329,4,831,-1.7313021905797878,2.1162292083463825,-0.50189189917237,1.4605125871893883,-1.708115426648687,1.504437664417735,1.337648890885729,1.4172012570760066,0,0.0,0,0.0,False,False,IN_DOMAIN,-0.026795326786539682,0.04896332769214601,0.04582775174695992,-0.0031355759451860907,True,0.029297225196013018,0.04896332769214601,0.04582775174695992,-0.0031355759451860907,True,0.03501503022265001,0.053902414255616746,0.04964305479584743,-0.004259359459769317,True,0.05399246303366101,0.07678244036151124,0.06441196414440925,-0.012370476217101994,True,0.05770591264596331,0.08076245129763236,0.06449721174329498,-0.016265239554337382,True,True,True
LOHO_height,height_2mm,B2,2.0,,40,10329,4,831,-1.7313021905797878,2.1162292083463825,-0.50189189917237,1.4605125871893883,-1.708115426648687,1.504437664417735,1.337648890885729,1.4172012570760066,0,0.0,0,0.0,False,False,IN_DOMAIN,-0.026795326786539682,0.04896332769214601,0.0005211859531175215,-0.048442141739028485,True,0.029297225196013018,0.04896332769214601,0.018646300134497456,-0.030317027557648552,True,0.03501503022265001,0.053902414255616746,0.021871588986177762,-0.032030825269438984,True,0.05399246303366101,0.07678244036151124,0.030337356823265736,-0.04644508353824551,True,0.05770591264596331,0.08076245129763236,0.030453968512157332,-0.050308482785475034,True,True,True
LOHO_height,height_2mm,S0,2.0,,40,10329,4,831,-1.7313021905797878,2.1162292083463825,-0.50189189917237,1.4605125871893883,-1.708115426648687,1.504437664417735,1.337648890885729,1.4172012570760066,0,0.0,0,0.0,False,False,IN_DOMAIN,-0.026795326786539682,0.04896332769214601,-0.0033675822789699618,-0.05233090997111597,True,0.029297225196013018,0.04896332769214601,0.018487088399634227,-0.03047623929251178,True,0.03501503022265001,0.053902414255616746,0.01941357336488356,-0.03448884089073319,True,0.05399246303366101,0.07678244036151124,0.026419516130490216,-0.050362924231021025,True,0.05770591264596331,0.08076245129763236,0.027796049369668122,-0.05296640192796424,True,True,True
LOHO_height,height_6mm,B0,6.0,,39,9995,5,1165,-1.7313021905797878,2.109980376993534,-0.50189189917237,1.4605125871893883,-1.6252389372261569,2.1162292083463825,1.1605161960344113,1.2480571225818067,19,0.01630901287553648,43,0.03690987124463519,True,True,BBOX_EXTRAPOLATION,-0.022049125186780583,0.055573486617314,0.055573486617314,0.0,False,0.02401013892776981,0.055573486617314,0.055573486617314,0.0,False,0.033218186636466376,0.060874431551494336,0.060874431551494336,0.0,False,0.05846239137545962,0.08032901905758989,0.08032901905758989,0.0,False,0.0643467836732709,0.08252514615656764,0.08252514615656764,0.0,False,True,False
LOHO_height,height_6mm,B1,6.0,,39,9995,5,1165,-1.7313021905797878,2.109980376993534,-0.50189189917237,1.4605125871893883,-1.6252389372261569,2.1162292083463825,1.1605161960344113,1.2480571225818067,19,0.01630901287553648,43,0.03690987124463519,True,True,BBOX_EXTRAPOLATION,-0.022049125186780583,0.055573486617314,0.05680898095631204,0.0012354943389980416,False,0.02401013892776981,0.055573486617314,0.05680898095631204,0.0012354943389980416,False,0.033218186636466376,0.060874431551494336,0.06122641256968272,0.00035198101818838257,False,0.05846239137545962,0.08032901905758989,0.0895462920194525,0.009217272961862602,False,0.0643467836732709,0.08252514615656764,0.09506201308897222,0.012536866932404578,False,False,True
LOHO_height,height_6mm,B2,6.0,,39,9995,5,1165,-1.7313021905797878,2.109980376993534,-0.50189189917237,1.4605125871893883,-1.6252389372261569,2.1162292083463825,1.1605161960344113,1.2480571225818067,19,0.01630901287553648,43,0.03690987124463519,True,True,BBOX_EXTRAPOLATION,-0.022049125186780583,0.055573486617314,0.018748060298503136,-0.03682542631881086,True,0.02401013892776981,0.055573486617314,0.027379998898924535,-0.028193487718389462,True,0.033218186636466376,0.060874431551494336,0.030712483637172324,-0.030161947914322012,True,0.05846239137545962,0.08032901905758989,0.044213059606718313,-0.03611595945087158,True,0.0643467836732709,0.08252514615656764,0.04714509305673292,-0.03538005309983472,True,True,True
LOHO_height,height_6mm,S0,6.0,,39,9995,5,1165,-1.7313021905797878,2.109980376993534,-0.50189189917237,1.4605125871893883,-1.6252389372261569,2.1162292083463825,1.1605161960344113,1.2480571225818067,19,0.01630901287553648,43,0.03690987124463519,True,True,BBOX_EXTRAPOLATION,-0.022049125186780583,0.055573486617314,0.02016555142740773,-0.035407935189906266,True,0.02401013892776981,0.055573486617314,0.021770611534147576,-0.03380287508316642,True,0.033218186636466376,0.060874431551494336,0.030639716080182972,-0.030234715471311364,True,0.05846239137545962,0.08032901905758989,0.05362130604923695,-0.026707713008352944,True,0.0643467836732709,0.08252514615656764,0.059347801320168654,-0.023177344836398987,True,True,True
LOHO_height,height_10mm,B0,10.0,,39,10117,5,1043,-1.7313021905797878,2.1162292083463825,-0.50189189917237,1.4605125871893883,-1.620518312299224,2.082064159227435,0.9934678735650516,1.081285976391399,0,0.0,0,0.0,False,False,IN_DOMAIN,-0.0479135005940128,0.02639316564505203,0.02639316564505203,0.0,False,0.0479135005940128,0.03024822830917522,0.03024822830917522,0.0,False,0.05177724064080717,0.03289039832490241,0.03289039832490241,0.0,False,0.07674346671416879,0.04498622708477586,0.04498622708477586,0.0,False,0.0839443228993728,0.04562529952616002,0.04562529952616002,0.0,False,True,False
LOHO_height,height_10mm,B1,10.0,,39,10117,5,1043,-1.7313021905797878,2.1162292083463825,-0.50189189917237,1.4605125871893883,-1.620518312299224,2.082064159227435,0.9934678735650516,1.081285976391399,0,0.0,0,0.0,False,False,IN_DOMAIN,-0.0479135005940128,0.02639316564505203,0.029031214213400613,0.002638048568348584,False,0.0479135005940128,0.03024822830917522,0.029031214213400613,-0.001217014095774606,True,0.05177724064080717,0.03289039832490241,0.03262240440034249,-0.00026799392455992277,True,0.07674346671416879,0.04498622708477586,0.049333842220079006,0.00434761513530315,False,0.0839443228993728,0.04562529952616002,0.05196896984728064,0.006343670321120619,False,False,True
LOHO_height,height_10mm,B2,10.0,,39,10117,5,1043,-1.7313021905797878,2.1162292083463825,-0.50189189917237,1.4605125871893883,-1.620518312299224,2.082064159227435,0.9934678735650516,1.081285976391399,0,0.0,0,0.0,False,False,IN_DOMAIN,-0.0479135005940128,0.02639316564505203,-0.00256719631741354,-0.02896036196246557,True,0.0479135005940128,0.03024822830917522,0.013776695954081517,-0.0164715323550937,True,0.05177724064080717,0.03289039832490241,0.018803083434923366,-0.014087314889979045,True,0.07674346671416879,0.04498622708477586,0.03276995758602678,-0.012216269498749079,True,0.0839443228993728,0.04562529952616002,0.036683583683766015,-0.008941715842394005,True,True,True
LOHO_height,height_10mm,S0,10.0,,39,10117,5,1043,-1.7313021905797878,2.1162292083463825,-0.50189189917237,1.4605125871893883,-1.620518312299224,2.082064159227435,0.9934678735650516,1.081285976391399,0,0.0,0,0.0,False,False,IN_DOMAIN,-0.0479135005940128,0.02639316564505203,0.00011093468480547347,-0.026282230960246556,True,0.0479135005940128,0.03024822830917522,0.013403357841427104,-0.016844870467748116,True,0.05177724064080717,0.03289039832490241,0.014960997396833134,-0.01792940092806928,True,0.07674346671416879,0.04498622708477586,0.02241150163492105,-0.022574725449854807,True,0.0839443228993728,0.04562529952616002,0.023240848821286773,-0.022384450704873247,True,True,True
LOHO_height,height_20mm,B0,20.0,,39,9958,5,1202,-1.7313021905797878,2.1162292083463825,-0.50189189917237,1.4605125871893883,-1.662634247024558,2.0020886350868983,0.5744484700286845,0.6608856407874013,0,0.0,0,0.0,False,False,IN_DOMAIN,-0.08810818781113242,-0.018954686599903216,-0.018954686599903216,0.0,False,0.08810818781113242,0.026947801113071813,0.026947801113071813,0.0,False,0.09241820879733127,0.03372466014722587,0.03372466014722587,0.0,False,0.12593908092946995,0.056785579718240733,0.056785579718240733,0.0,False,0.13118128734168816,0.06202778613045895,0.06202778613045895,0.0,False,True,False
LOHO_height,height_20mm,B1,20.0,,39,9958,5,1202,-1.7313021905797878,2.1162292083463825,-0.50189189917237,1.4605125871893883,-1.662634247024558,2.0020886350868983,0.5744484700286845,0.6608856407874013,0,0.0,0,0.0,False,False,IN_DOMAIN,-0.08810818781113242,-0.018954686599903216,-0.017336229264935887,0.0016184573349673284,False,0.08810818781113242,0.026947801113071813,0.019406391561755047,-0.0075414095513167655,True,0.09241820879733127,0.03372466014722587,0.0256404726136513,-0.008084187533574566,True,0.12593908092946995,0.056785579718240733,0.04363534391183013,-0.013150235806410601,True,0.13118128734168816,0.06202778613045895,0.04791341025175522,-0.014114375878703733,True,True,True
LOHO_height,height_20mm,B2,20.0,,39,9958,5,1202,-1.7313021905797878,2.1162292083463825,-0.50189189917237,1.4605125871893883,-1.662634247024558,2.0020886350868983,0.5744484700286845,0.6608856407874013,0,0.0,0,0.0,False,False,IN_DOMAIN,-0.08810818781113242,-0.018954686599903216,-0.022612944893457047,-0.0036582582935538316,True,0.08810818781113242,0.026947801113071813,0.028139121876751626,0.001191320763679813,False,0.09241820879733127,0.03372466014722587,0.034792115824895706,0.0010674556776698388,False,0.12593908092946995,0.056785579718240733,0.05867963992303364,0.0018940602047929078,False,0.13118128734168816,0.06202778613045895,0.06380834431989153,0.0017805581894325823,False,False,True
LOHO_height,height_20mm,S0,20.0,,39,9958,5,1202,-1.7313021905797878,2.1162292083463825,-0.50189189917237,1.4605125871893883,-1.662634247024558,2.0020886350868983,0.5744484700286845,0.6608856407874013,0,0.0,0,0.0,False,False,IN_DOMAIN,-0.08810818781113242,-0.018954686599903216,-0.021032437726517784,-0.0020777511266145687,True,0.08810818781113242,0.026947801113071813,0.021032437726517784,-0.005915363386554028,True,0.09241820879733127,0.03372466014722587,0.02759618008844147,-0.006128480058784396,True,0.12593908092946995,0.056785579718240733,0.0458908922325867,-0.010894687485654031,True,0.13118128734168816,0.06202778613045895,0.05008244175617374,-0.01194534437428521,True,False,True
LOHO_height,height_30mm,B0,30.0,,39,9813,5,1347,-1.7313021905797878,2.1162292083463825,-0.50189189917237,1.4605125871893883,-1.6220242535848,2.06022499196604,0.162504055142334,0.245255606366361,0,0.0,290,0.21529324424647364,False,True,HULL_EXTRAPOLATION,-0.11177038576510614,-0.04565049967618173,-0.04565049967618173,0.0,False,0.11177038576510614,0.04565049967618173,0.04565049967618173,0.0,False,0.11626818764526026,0.055764150176595306,0.055764150176595306,0.0,False,0.1600835141017501,0.09396362801282568,0.09396362801282568,0.0,False,0.16927470859732058,0.10315482250839615,0.10315482250839615,0.0,False,True,False
LOHO_height,height_30mm,B1,30.0,,39,9813,5,1347,-1.7313021905797878,2.1162292083463825,-0.50189189917237,1.4605125871893883,-1.6220242535848,2.06022499196604,0.162504055142334,0.245255606366361,0,0.0,290,0.21529324424647364,False,True,HULL_EXTRAPOLATION,-0.11177038576510614,-0.04565049967618173,-0.04354573250542408,0.0021047671707576515,False,0.11177038576510614,0.04565049967618173,0.04354573250542408,-0.0021047671707576515,True,0.11626818764526026,0.055764150176595306,0.05276332443239762,-0.003000825744197688,True,0.1600835141017501,0.09396362801282568,0.08206602953051997,-0.011897598482305705,True,0.16927470859732058,0.10315482250839615,0.08690942841829913,-0.016245394090097023,True,True,True
LOHO_height,height_30mm,B2,30.0,,39,9813,5,1347,-1.7313021905797878,2.1162292083463825,-0.50189189917237,1.4605125871893883,-1.6220242535848,2.06022499196604,0.162504055142334,0.245255606366361,0,0.0,290,0.21529324424647364,False,True,HULL_EXTRAPOLATION,-0.11177038576510614,-0.04565049967618173,-0.025294423542566113,0.02035607613361562,False,0.11177038576510614,0.04565049967618173,0.027413983528127274,-0.01823651614805446,True,0.11626818764526026,0.055764150176595306,0.04047218154156914,-0.015291968635026167,True,0.1600835141017501,0.09396362801282568,0.07245016714298842,-0.021513460869837256,True,0.16927470859732058,0.10315482250839615,0.0810736650686115,-0.022081157439784657,True,True,True
LOHO_height,height_30mm,S0,30.0,,39,9813,5,1347,-1.7313021905797878,2.1162292083463825,-0.50189189917237,1.4605125871893883,-1.6220242535848,2.06022499196604,0.162504055142334,0.245255606366361,0,0.0,290,0.21529324424647364,False,True,HULL_EXTRAPOLATION,-0.11177038576510614,-0.04565049967618173,-0.02310894611470648,0.022541553561475254,False,0.11177038576510614,0.04565049967618173,0.031767813638234665,-0.013882686037947067,True,0.11626818764526026,0.055764150176595306,0.03782005629511348,-0.017944093881481826,True,0.1600835141017501,0.09396362801282568,0.06027992347063922,-0.03368370454218646,True,0.16927470859732058,0.10315482250839615,0.06447030535827028,-0.03868451715012587,True,True,True
LOHO_height,height_36mm,B0,36.0,,39,9699,5,1461,-1.7313021905797878,2.1162292083463825,-0.50189189917237,1.4605125871893883,-1.53868574046521,1.90021120268255,-0.085343892641684,-0.00250151435859995,0,0.0,0,0.0,False,False,IN_DOMAIN,-0.10377364083414298,-0.03662853103612071,-0.03662853103612071,0.0,False,0.10377364083414298,0.039530174865802604,0.039530174865802604,0.0,False,0.10854775609454426,0.04853139300546627,0.04853139300546627,0.0,False,0.14050272375255016,0.07335761395452789,0.07335761395452789,0.0,False,0.1454844161135448,0.07833930631552252,0.07833930631552252,0.0,False,True,False
LOHO_height,height_36mm,B1,36.0,,39,9699,5,1461,-1.7313021905797878,2.1162292083463825,-0.50189189917237,1.4605125871893883,-1.53868574046521,1.90021120268255,-0.085343892641684,-0.00250151435859995,0,0.0,0,0.0,False,False,IN_DOMAIN,-0.10377364083414298,-0.03662853103612071,-0.03746819127764622,-0.0008396602415255139,True,0.10377364083414298,0.039530174865802604,0.03987013965577731,0.0003399647899747088,False,0.10854775609454426,0.04853139300546627,0.04578264358847477,-0.0027487494169915055,True,0.14050272375255016,0.07335761395452789,0.0634615454660125,-0.009896068488515389,True,0.1454844161135448,0.07833930631552252,0.06382811028705,-0.01451119602847252,True,False,True
LOHO_height,height_36mm,B2,36.0,,39,9699,5,1461,-1.7313021905797878,2.1162292083463825,-0.50189189917237,1.4605125871893883,-1.53868574046521,1.90021120268255,-0.085343892641684,-0.00250151435859995,0,0.0,0,0.0,False,False,IN_DOMAIN,-0.10377364083414298,-0.03662853103612071,-0.0010678262447395004,0.03556070479138121,False,0.10377364083414298,0.039530174865802604,0.028925021043999653,-0.010605153821802951,True,0.10854775609454426,0.04853139300546627,0.031009527605494837,-0.017521865399971435,True,0.14050272375255016,0.07335761395452789,0.04248558322239644,-0.030872030732131447,True,0.1454844161135448,0.07833930631552252,0.04294056433091975,-0.03539874198460277,True,True,True
LOHO_height,height_36mm,S0,36.0,,39,9699,5,1461,-1.7313021905797878,2.1162292083463825,-0.50189189917237,1.4605125871893883,-1.53868574046521,1.90021120268255,-0.085343892641684,-0.00250151435859995,0,0.0,0,0.0,False,False,IN_DOMAIN,-0.10377364083414298,-0.03662853103612071,-0.0020286480478346513,0.034599882988286056,False,0.10377364083414298,0.039530174865802604,0.023234665169088668,-0.016295509696713936,True,0.10854775609454426,0.04853139300546627,0.02615977871535232,-0.02237161429011395,True,0.14050272375255016,0.07335761395452789,0.038781353838412407,-0.03457626011611548,True,0.1454844161135448,0.07833930631552252,0.04158813736201812,-0.0367511689535044,True,True,True
LOHO_height,height_40mm,B0,40.0,,39,9722,5,1438,-1.7313021905797878,2.1162292083463825,-0.50189189917237,1.4605125871893883,-1.52849975261423,1.82954393070283,-0.251356210415664,-0.169050841630776,0,0.0,0,0.0,False,False,IN_DOMAIN,-0.09308863333452544,-0.024573650780141332,-0.024573650780141332,0.0,False,0.09308863333452544,0.024573650780141332,0.024573650780141332,0.0,False,0.09597307095993365,0.03389986734568559,0.03389986734568559,0.0,False,0.12812181248393867,0.05960682992955457,0.05960682992955457,0.0,False,0.13744884683507497,0.06893386428069086,0.06893386428069086,0.0,False,True,False
LOHO_height,height_40mm,B1,40.0,,39,9722,5,1438,-1.7313021905797878,2.1162292083463825,-0.50189189917237,1.4605125871893883,-1.52849975261423,1.82954393070283,-0.251356210415664,-0.169050841630776,0,0.0,0,0.0,False,False,IN_DOMAIN,-0.09308863333452544,-0.024573650780141332,-0.02756341550678228,-0.0029897647266409477,True,0.09308863333452544,0.024573650780141332,0.02756341550678228,0.0029897647266409477,False,0.09597307095993365,0.03389986734568559,0.03382800170310693,-7.186564257866124e-05,True,0.12812181248393867,0.05960682992955457,0.050731547397337075,-0.008875282532217497,True,0.13744884683507497,0.06893386428069086,0.05373778194121854,-0.015196082339472318,True,False,True
LOHO_height,height_40mm,B2,40.0,,39,9722,5,1438,-1.7313021905797878,2.1162292083463825,-0.50189189917237,1.4605125871893883,-1.52849975261423,1.82954393070283,-0.251356210415664,-0.169050841630776,0,0.0,0,0.0,False,False,IN_DOMAIN,-0.09308863333452544,-0.024573650780141332,0.02487760347110941,0.04945125425125074,False,0.09308863333452544,0.024573650780141332,0.03165438801730921,0.007080737237167876,False,0.09597307095993365,0.03389986734568559,0.03356671888170107,-0.0003331484639845228,True,0.12812181248393867,0.05960682992955457,0.044866693082049006,-0.014740136847505567,True,0.13744884683507497,0.06893386428069086,0.04496576550399165,-0.023968098776699205,True,False,True
LOHO_height,height_40mm,S0,40.0,,39,9722,5,1438,-1.7313021905797878,2.1162292083463825,-0.50189189917237,1.4605125871893883,-1.52849975261423,1.82954393070283,-0.251356210415664,-0.169050841630776,0,0.0,0,0.0,False,False,IN_DOMAIN,-0.09308863333452544,-0.024573650780141332,0.021644996653016398,0.046218647433157733,False,0.09308863333452544,0.024573650780141332,0.023322432412397395,-0.0012512183677439379,True,0.09597307095993365,0.03389986734568559,0.02926019379304392,-0.004639673552641672,True,0.12812181248393867,0.05960682992955457,0.04709107992736635,-0.012515750002188221,True,0.13744884683507497,0.06893386428069086,0.04890850301681399,-0.02002536126387687,True,True,True
LOHO_height,height_46mm,B0,46.0,,39,9701,5,1459,-1.7313021905797878,2.1162292083463825,-0.251356210415664,1.4605125871893883,-1.61517658893506,1.81451503395698,-0.50189189917237,-0.418600825597812,1459,1.0,1459,1.0,True,True,BBOX_EXTRAPOLATION,-0.11794917672937695,-0.05262144332817994,-0.05262144332817994,0.0,False,0.11794917672937695,0.05262144332817994,0.05262144332817994,0.0,False,0.11861054322694017,0.05408760460024924,0.05408760460024924,0.0,False,0.13433631238613658,0.06900857898493958,0.06900857898493958,0.0,False,0.13567246909563102,0.07034473569443403,0.07034473569443403,0.0,False,True,False
LOHO_height,height_46mm,B1,46.0,,39,9701,5,1459,-1.7313021905797878,2.1162292083463825,-0.251356210415664,1.4605125871893883,-1.61517658893506,1.81451503395698,-0.50189189917237,-0.418600825597812,1459,1.0,1459,1.0,True,True,BBOX_EXTRAPOLATION,-0.11794917672937695,-0.05262144332817994,-0.054119590466685,-0.0014981471385050599,True,0.11794917672937695,0.05262144332817994,0.054119590466685,0.0014981471385050599,False,0.11861054322694017,0.05408760460024924,0.05985380139346808,0.005766196793218846,False,0.13433631238613658,0.06900857898493958,0.08560248516395438,0.01659390617901481,False,0.13567246909563102,0.07034473569443403,0.08586071541148536,0.015515979717051334,False,False,True
LOHO_height,height_46mm,B2,46.0,,39,9701,5,1459,-1.7313021905797878,2.1162292083463825,-0.251356210415664,1.4605125871893883,-1.61517658893506,1.81451503395698,-0.50189189917237,-0.418600825597812,1459,1.0,1459,1.0,True,True,BBOX_EXTRAPOLATION,-0.11794917672937695,-0.05262144332817994,0.011577628986010932,0.06419907231419086,False,0.11794917672937695,0.05262144332817994,0.015430430479265327,-0.037191012848914615,True,0.11861054322694017,0.05408760460024924,0.018097718027875128,-0.035989886572374105,True,0.13433631238613658,0.06900857898493958,0.02564953592073814,-0.043359043064201436,True,0.13567246909563102,0.07034473569443403,0.025798968151728854,-0.04454576754270517,True,True,True
LOHO_height,height_46mm,S0,46.0,,39,9701,5,1459,-1.7313021905797878,2.1162292083463825,-0.251356210415664,1.4605125871893883,-1.61517658893506,1.81451503395698,-0.50189189917237,-0.418600825597812,1459,1.0,1459,1.0,True,True,BBOX_EXTRAPOLATION,-0.11794917672937695,-0.05262144332817994,0.0094221720395965,0.06204361536777644,False,0.11794917672937695,0.05262144332817994,0.027551070874230404,-0.025070372453949535,True,0.11861054322694017,0.05408760460024924,0.028024193804237804,-0.026063410796011433,True,0.13433631238613658,0.06900857898493958,0.03404790820732099,-0.03496067077761859,True,0.13567246909563102,0.07034473569443403,0.034271851033155984,-0.036072884661278046,True,True,True
LOPO_position_rank,rank_1,B0,,1,35,8839,9,2321,-1.06635347449384,2.1162292083463825,-0.50189189917237,1.4380421168634583,-1.7313021905797878,-1.42135333918683,-0.423617618129448,1.4605125871893883,2321,1.0,2321,1.0,True,True,BBOX_EXTRAPOLATION,-0.05135215331133935,0.025086649731276927,0.025086649731276927,0.0,False,0.05451535607278692,0.044200783445051677,0.044200783445051677,0.0,False,0.06918287709850328,0.05271211273184834,0.05271211273184834,0.0,False,0.11613729893264511,0.08397869113473538,0.08397869113473538,0.0,False,0.1289916855481588,0.08566941865018368,0.08566941865018368,0.0,False,True,False
LOPO_position_rank,rank_1,B1,,1,35,8839,9,2321,-1.06635347449384,2.1162292083463825,-0.50189189917237,1.4380421168634583,-1.7313021905797878,-1.42135333918683,-0.423617618129448,1.4605125871893883,2321,1.0,2321,1.0,True,True,BBOX_EXTRAPOLATION,-0.05135215331133935,0.025086649731276927,0.007375922696982941,-0.017710727034293987,True,0.05451535607278692,0.044200783445051677,0.04132263804161981,-0.00287814540343187,True,0.06918287709850328,0.05271211273184834,0.04662281860172452,-0.0060892941301238165,True,0.11613729893264511,0.08397869113473538,0.06897896068558684,-0.01499973044914854,True,0.1289916855481588,0.08566941865018368,0.07016030667943976,-0.015509111970743922,True,True,True
LOPO_position_rank,rank_1,B2,,1,35,8839,9,2321,-1.06635347449384,2.1162292083463825,-0.50189189917237,1.4380421168634583,-1.7313021905797878,-1.42135333918683,-0.423617618129448,1.4605125871893883,2321,1.0,2321,1.0,True,True,BBOX_EXTRAPOLATION,-0.05135215331133935,0.025086649731276927,0.02136182144926331,-0.003724828282013617,True,0.05451535607278692,0.044200783445051677,0.023897546559861378,-0.0203032368851903,True,0.06918287709850328,0.05271211273184834,0.026831178045852472,-0.025880934685995866,True,0.11613729893264511,0.08397869113473538,0.03939828290164012,-0.04458040823309526,True,0.1289916855481588,0.08566941865018368,0.04025567682558437,-0.04541374182459931,True,True,True
LOPO_position_rank,rank_1,S0,,1,35,8839,9,2321,-1.06635347449384,2.1162292083463825,-0.50189189917237,1.4380421168634583,-1.7313021905797878,-1.42135333918683,-0.423617618129448,1.4605125871893883,2321,1.0,2321,1.0,True,True,BBOX_EXTRAPOLATION,-0.05135215331133935,0.025086649731276927,-0.0003727744605106619,-0.025459424191787587,True,0.05451535607278692,0.044200783445051677,0.012709684267839834,-0.031491099177211844,True,0.06918287709850328,0.05271211273184834,0.01575666524478907,-0.03695544748705927,True,0.11613729893264511,0.08397869113473538,0.027021270698544788,-0.05695742043619059,True,0.1289916855481588,0.08566941865018368,0.027507921099513118,-0.058161497550670564,True,True,True
LOPO_position_rank,rank_2,B0,,2,35,8835,9,2325,-1.7313021905797878,2.1162292083463825,-0.50189189917237,1.4605125871893883,-1.06635347449384,-0.3392019958814491,-0.429263752438853,1.4380421168634583,0,0.0,196,0.08430107526881721,False,True,HULL_EXTRAPOLATION,-0.0783336777062426,-0.008832980936601585,-0.008832980936601585,0.0,False,0.0783336777062426,0.036310978726950494,0.036310978726950494,0.0,False,0.08750768673811399,0.03999314600649432,0.03999314600649432,0.0,False,0.13073097590516589,0.0612302791355249,0.0612302791355249,0.0,False,0.13567246909563102,0.06617177232599003,0.06617177232599003,0.0,False,True,False
LOPO_position_rank,rank_2,B1,,2,35,8835,9,2325,-1.7313021905797878,2.1162292083463825,-0.50189189917237,1.4605125871893883,-1.06635347449384,-0.3392019958814491,-0.429263752438853,1.4380421168634583,0,0.0,196,0.08430107526881721,False,True,HULL_EXTRAPOLATION,-0.0783336777062426,-0.008832980936601585,-0.02198975861996094,-0.013156777683359353,True,0.0783336777062426,0.036310978726950494,0.039026511042486355,0.002715532315535861,False,0.08750768673811399,0.03999314600649432,0.04594132124303778,0.005948175236543458,False,0.13073097590516589,0.0612302791355249,0.07620844858928738,0.014978169453762478,False,0.13567246909563102,0.06617177232599003,0.08337264969671494,0.017200877370724912,False,False,True
LOPO_position_rank,rank_2,B2,,2,35,8835,9,2325,-1.7313021905797878,2.1162292083463825,-0.50189189917237,1.4605125871893883,-1.06635347449384,-0.3392019958814491,-0.429263752438853,1.4380421168634583,0,0.0,196,0.08430107526881721,False,True,HULL_EXTRAPOLATION,-0.0783336777062426,-0.008832980936601585,-0.011636651863652217,-0.002803670927050632,True,0.0783336777062426,0.036310978726950494,0.015401802692484158,-0.020909176034466334,True,0.08750768673811399,0.03999314600649432,0.0181442303160563,-0.02184891569043802,True,0.13073097590516589,0.0612302791355249,0.03050574660061876,-0.030724532534906143,True,0.13567246909563102,0.06617177232599003,0.03666785391509093,-0.029503918410899103,True,False,True
LOPO_position_rank,rank_2,S0,,2,35,8835,9,2325,-1.7313021905797878,2.1162292083463825,-0.50189189917237,1.4605125871893883,-1.06635347449384,-0.3392019958814491,-0.429263752438853,1.4380421168634583,0,0.0,196,0.08430107526881721,False,True,HULL_EXTRAPOLATION,-0.0783336777062426,-0.008832980936601585,-0.023959346469339667,-0.015126365532738082,True,0.0783336777062426,0.036310978726950494,0.023959346469339667,-0.012351632257610826,True,0.08750768673811399,0.03999314600649432,0.027245308730527138,-0.012747837275967181,True,0.13073097590516589,0.0612302791355249,0.042209324757639645,-0.019020954377885257,True,0.13567246909563102,0.06617177232599003,0.04691806600609774,-0.01925370631989229,True,False,True
LOPO_position_rank,rank_3,B0,,3,35,8944,9,2216,-1.7313021905797878,2.1162292083463825,-0.50189189917237,1.4605125871893883,-0.235399480823814,0.8769313005586878,-0.466502308206746,1.418951252756426,0,0.0,12,0.005415162454873646,False,True,HULL_EXTRAPOLATION,-0.05329958707921304,0.02263844728023584,0.02263844728023584,0.0,False,0.056202176222370365,0.030733239166696347,0.030733239166696347,0.0,False,0.06406497042067677,0.04214230353750959,0.04214230353750959,0.0,False,0.09612387717863558,0.07985564373138367,0.07985564373138367,0.0,False,0.10401412147723794,0.08899968550365678,0.08899968550365678,0.0,False,True,False
LOPO_position_rank,rank_3,B1,,3,35,8944,9,2216,-1.7313021905797878,2.1162292083463825,-0.50189189917237,1.4605125871893883,-0.235399480823814,0.8769313005586878,-0.466502308206746,1.418951252756426,0,0.0,12,0.005415162454873646,False,True,HULL_EXTRAPOLATION,-0.05329958707921304,0.02263844728023584,0.024489076210840337,0.0018506289306044962,False,0.056202176222370365,0.030733239166696347,0.03142721819399521,0.0006939790272988619,False,0.06406497042067677,0.04214230353750959,0.042942209862683746,0.0007999063251741545,False,0.09612387717863558,0.07985564373138367,0.07959885991550116,-0.00025678381588251087,True,0.10401412147723794,0.08899968550365678,0.08863052946907923,-0.00036915603457754465,True,False,True
LOPO_position_rank,rank_3,B2,,3,35,8944,9,2216,-1.7313021905797878,2.1162292083463825,-0.50189189917237,1.4605125871893883,-0.235399480823814,0.8769313005586878,-0.466502308206746,1.418951252756426,0,0.0,12,0.005415162454873646,False,True,HULL_EXTRAPOLATION,-0.05329958707921304,0.02263844728023584,0.021655570312864872,-0.0009828769673709686,True,0.056202176222370365,0.030733239166696347,0.028284128133560724,-0.002449111033135623,True,0.06406497042067677,0.04214230353750959,0.03174521190577993,-0.010397091631729659,True,0.09612387717863558,0.07985564373138367,0.04745365988062817,-0.032401983850755496,True,0.10401412147723794,0.08899968550365678,0.049301770516993054,-0.039697914986663724,True,True,True
LOPO_position_rank,rank_3,S0,,3,35,8944,9,2216,-1.7313021905797878,2.1162292083463825,-0.50189189917237,1.4605125871893883,-0.235399480823814,0.8769313005586878,-0.466502308206746,1.418951252756426,0,0.0,12,0.005415162454873646,False,True,HULL_EXTRAPOLATION,-0.05329958707921304,0.02263844728023584,0.023366910063862104,0.0007284627836262637,False,0.056202176222370365,0.030733239166696347,0.028749965571791943,-0.001983273594904404,True,0.06406497042067677,0.04214230353750959,0.03146572484803801,-0.010676578689471583,True,0.09612387717863558,0.07985564373138367,0.045148452974294165,-0.0347071907570895,True,0.10401412147723794,0.08899968550365678,0.04812548660920895,-0.04087419889444783,True,False,True
LOPO_position_rank,rank_4,B0,,4,35,8939,9,2221,-1.7313021905797878,2.1162292083463825,-0.50189189917237,1.4605125871893883,0.728622034551047,1.504437664417735,-0.488667445902871,1.3971448559763084,0,0.0,0,0.0,False,False,IN_DOMAIN,-0.0676658747169308,0.004577971392818587,0.004577971392818587,0.0,False,0.06875532679525813,0.033033540290086934,0.033033540290086934,0.0,False,0.07816331453338739,0.039392778014648105,0.039392778014648105,0.0,False,0.11376055881228554,0.06657352295248889,0.06657352295248889,0.0,False,0.11896859712659688,0.07714638046222241,0.07714638046222241,0.0,False,True,False
LOPO_position_rank,rank_4,B1,,4,35,8939,9,2221,-1.7313021905797878,2.1162292083463825,-0.50189189917237,1.4605125871893883,0.728622034551047,1.504437664417735,-0.488667445902871,1.3971448559763084,0,0.0,0,0.0,False,False,IN_DOMAIN,-0.0676658747169308,0.004577971392818587,0.020715466320907032,0.016137494928088445,False,0.06875532679525813,0.033033540290086934,0.035660328704569096,0.002626788414482162,False,0.07816331453338739,0.039392778014648105,0.045563828880617906,0.0061710508659698,False,0.11376055881228554,0.06657352295248889,0.08539927014204789,0.018825747189558997,False,0.11896859712659688,0.07714638046222241,0.09585860240100921,0.0187122219387868,False,False,True
LOPO_position_rank,rank_4,B2,,4,35,8939,9,2221,-1.7313021905797878,2.1162292083463825,-0.50189189917237,1.4605125871893883,0.728622034551047,1.504437664417735,-0.488667445902871,1.3971448559763084,0,0.0,0,0.0,False,False,IN_DOMAIN,-0.0676658747169308,0.004577971392818587,0.00510772453791552,0.0005297531450969336,False,0.06875532679525813,0.033033540290086934,0.022330494567961382,-0.010703045722125552,True,0.07816331453338739,0.039392778014648105,0.026814905963443696,-0.012577872051204409,True,0.11376055881228554,0.06657352295248889,0.04218423696333082,-0.02438928598915807,True,0.11896859712659688,0.07714638046222241,0.042678187091596625,-0.03446819337062579,True,False,True
LOPO_position_rank,rank_4,S0,,4,35,8939,9,2221,-1.7313021905797878,2.1162292083463825,-0.50189189917237,1.4605125871893883,0.728622034551047,1.504437664417735,-0.488667445902871,1.3971448559763084,0,0.0,0,0.0,False,False,IN_DOMAIN,-0.0676658747169308,0.004577971392818587,0.019930802451079317,0.01535283105826073,False,0.06875532679525813,0.033033540290086934,0.027607136632797753,-0.005426403657289181,True,0.07816331453338739,0.039392778014648105,0.03270610454533962,-0.006686673469308485,True,0.11376055881228554,0.06657352295248889,0.05635630095557338,-0.010217221996915507,True,0.11896859712659688,0.07714638046222241,0.060391459759386326,-0.016754920702836087,True,False,True
LOPO_position_rank,rank_5,B0,,5,36,9083,8,2077,-1.7313021905797878,1.504437664417735,-0.488667445902871,1.4605125871893883,1.6977926372842,2.1162292083463825,-0.50189189917237,1.3731558352675612,2077,1.0,2077,1.0,True,True,BBOX_EXTRAPOLATION,-0.11020823137125633,-0.047545408167823766,-0.047545408167823766,0.0,False,0.11020823137125633,0.054494519137496894,0.054494519137496894,0.0,False,0.11809719983963898,0.06373115553501457,0.06373115553501457,0.0,False,0.16094810622799904,0.09828528302456649,0.09828528302456649,0.0,False,0.16927470859732058,0.10661188539388802,0.10661188539388802,0.0,False,True,False
LOPO_position_rank,rank_5,B1,,5,36,9083,8,2077,-1.7313021905797878,1.504437664417735,-0.488667445902871,1.4605125871893883,1.6977926372842,2.1162292083463825,-0.50189189917237,1.3731558352675612,2077,1.0,2077,1.0,True,True,BBOX_EXTRAPOLATION,-0.11020823137125633,-0.047545408167823766,-0.04475200295899452,0.0027934052088292444,False,0.11020823137125633,0.054494519137496894,0.0527639691964611,-0.0017305499410357958,True,0.11809719983963898,0.06373115553501457,0.061737203737083586,-0.001993951797930986,True,0.16094810622799904,0.09828528302456649,0.0954766303046978,-0.0028086527198686873,True,0.16927470859732058,0.10661188539388802,0.10372294219803456,-0.0028889431958534634,True,True,True
LOPO_position_rank,rank_5,B2,,5,36,9083,8,2077,-1.7313021905797878,1.504437664417735,-0.488667445902871,1.4605125871893883,1.6977926372842,2.1162292083463825,-0.50189189917237,1.3731558352675612,2077,1.0,2077,1.0,True,True,BBOX_EXTRAPOLATION,-0.11020823137125633,-0.047545408167823766,-0.039875604467401043,0.007669803700422723,False,0.11020823137125633,0.054494519137496894,0.04065184641086521,-0.013842672726631686,True,0.11809719983963898,0.06373115553501457,0.047925968319592546,-0.015805187215422026,True,0.16094810622799904,0.09828528302456649,0.07936536440323011,-0.01891991862133638,True,0.16927470859732058,0.10661188539388802,0.08524847162299425,-0.021363413770893777,True,True,True
LOPO_position_rank,rank_5,S0,,5,36,9083,8,2077,-1.7313021905797878,1.504437664417735,-0.488667445902871,1.4605125871893883,1.6977926372842,2.1162292083463825,-0.50189189917237,1.3731558352675612,2077,1.0,2077,1.0,True,True,BBOX_EXTRAPOLATION,-0.11020823137125633,-0.047545408167823766,-0.034388628738446454,0.013156779429377312,False,0.11020823137125633,0.054494519137496894,0.036454803368415695,-0.0180397157690812,True,0.11809719983963898,0.06373115553501457,0.04341018253826468,-0.02032097299674989,True,0.16094810622799904,0.09828528302456649,0.07371937794464861,-0.024565905079917877,True,0.16927470859732058,0.10661188539388802,0.07953089784954695,-0.027080987544341073,True,True,True
LOBO_height_band,low_1_2_6_10,B0,,,25,6907,19,4253,-1.662634247024558,2.06022499196604,-0.50189189917237,0.6608856407874013,-1.7313021905797878,2.1162292083463825,0.9934678735650516,1.4605125871893883,4253,1.0,4253,1.0,True,True,BBOX_EXTRAPOLATION,-0.029688282311692772,0.07324972258316471,0.07324972258316471,0.0,False,0.0330776084088712,0.07324972258316471,0.07324972258316471,0.0,False,0.039661847454794744,0.07782795060528852,0.07782795060528852,0.0,False,0.06630653759588105,0.11255172405608896,0.11255172405608896,0.0,False,0.0839443228993728,0.1159996560390654,0.1159996560390654,0.0,False,True,False
LOBO_height_band,low_1_2_6_10,B1,,,25,6907,19,4253,-1.662634247024558,2.06022499196604,-0.50189189917237,0.6608856407874013,-1.7313021905797878,2.1162292083463825,0.9934678735650516,1.4605125871893883,4253,1.0,4253,1.0,True,True,BBOX_EXTRAPOLATION,-0.029688282311692772,0.07324972258316471,0.07355670341654079,0.00030698083337607485,False,0.0330776084088712,0.07324972258316471,0.07355670341654079,0.00030698083337607485,False,0.039661847454794744,0.07782795060528852,0.07694728989709362,-0.000880660708194897,True,0.06630653759588105,0.11255172405608896,0.11582538971475385,0.0032736656586648955,False,0.0839443228993728,0.1159996560390654,0.11953178312058824,0.00353212708152284,False,False,True
LOBO_height_band,low_1_2_6_10,B2,,,25,6907,19,4253,-1.662634247024558,2.06022499196604,-0.50189189917237,0.6608856407874013,-1.7313021905797878,2.1162292083463825,0.9934678735650516,1.4605125871893883,4253,1.0,4253,1.0,True,True,BBOX_EXTRAPOLATION,-0.029688282311692772,0.07324972258316471,0.04800693131576378,-0.025242791267400935,True,0.0330776084088712,0.07324972258316471,0.04811389931747319,-0.025135823265691526,True,0.039661847454794744,0.07782795060528852,0.0541765702542332,-0.023651380351055323,True,0.06630653759588105,0.11255172405608896,0.08450772773723102,-0.02804399631885794,True,0.0839443228993728,0.1159996560390654,0.08736085747303536,-0.028638798566030035,True,True,True
LOBO_height_band,low_1_2_6_10,S0,,,25,6907,19,4253,-1.662634247024558,2.06022499196604,-0.50189189917237,0.6608856407874013,-1.7313021905797878,2.1162292083463825,0.9934678735650516,1.4605125871893883,4253,1.0,4253,1.0,True,True,BBOX_EXTRAPOLATION,-0.029688282311692772,0.07324972258316471,0.04699227169450816,-0.026257450888656553,True,0.0330776084088712,0.07324972258316471,0.04699227169450816,-0.026257450888656553,True,0.039661847454794744,0.07782795060528852,0.051776232079370994,-0.026051718525917526,True,0.06630653759588105,0.11255172405608896,0.08621843335636807,-0.026333290699720888,True,0.0839443228993728,0.1159996560390654,0.0948825002047478,-0.0211171558343176,True,True,True
LOBO_height_band,mid_20_30,B0,,,34,8611,10,2549,-1.7313021905797878,2.1162292083463825,-0.50189189917237,1.4605125871893883,-1.662634247024558,2.06022499196604,0.162504055142334,0.6608856407874013,0,0.0,290,0.11377010592389172,False,True,HULL_EXTRAPOLATION,-0.0999392867881193,-0.03705297448187148,-0.03705297448187148,0.0,False,0.0999392867881193,0.03979609395745949,0.03979609395745949,0.0,False,0.10502241850105283,0.04914031198564523,0.04914031198564523,0.0,False,0.15213266903228595,0.08924635672603813,0.08924635672603813,0.0,False,0.16927470859732058,0.10638839629107277,0.10638839629107277,0.0,False,True,False
LOBO_height_band,mid_20_30,B1,,,34,8611,10,2549,-1.7313021905797878,2.1162292083463825,-0.50189189917237,1.4605125871893883,-1.662634247024558,2.06022499196604,0.162504055142334,0.6608856407874013,0,0.0,290,0.11377010592389172,False,True,HULL_EXTRAPOLATION,-0.0999392867881193,-0.03705297448187148,-0.03533126762695271,0.0017217068549187711,False,0.0999392867881193,0.03979609395745949,0.035585140206959756,-0.004210953750499735,True,0.10502241850105283,0.04914031198564523,0.04512000250396669,-0.004020309481678544,True,0.15213266903228595,0.08924635672603813,0.0805384536095627,-0.00870790311647543,True,0.16927470859732058,0.10638839629107277,0.09370773312509958,-0.012680663165973188,True,True,True
LOBO_height_band,mid_20_30,B2,,,34,8611,10,2549,-1.7313021905797878,2.1162292083463825,-0.50189189917237,1.4605125871893883,-1.662634247024558,2.06022499196604,0.162504055142334,0.6608856407874013,0,0.0,290,0.11377010592389172,False,True,HULL_EXTRAPOLATION,-0.0999392867881193,-0.03705297448187148,-0.027394685030713385,0.009658289451158097,False,0.0999392867881193,0.03979609395745949,0.029480755992236353,-0.010315337965223138,True,0.10502241850105283,0.04914031198564523,0.04003239851386051,-0.009107913471784718,True,0.15213266903228595,0.08924635672603813,0.07678029864475801,-0.012466058081280124,True,0.16927470859732058,0.10638839629107277,0.08445478429308312,-0.021933611997989655,True,True,True
LOBO_height_band,mid_20_30,S0,,,34,8611,10,2549,-1.7313021905797878,2.1162292083463825,-0.50189189917237,1.4605125871893883,-1.662634247024558,2.06022499196604,0.162504055142334,0.6608856407874013,0,0.0,290,0.11377010592389172,False,True,HULL_EXTRAPOLATION,-0.0999392867881193,-0.03705297448187148,-0.02555380799758882,0.011499166484282664,False,0.0999392867881193,0.03979609395745949,0.02795376260268718,-0.01184233135477231,True,0.10502241850105283,0.04914031198564523,0.035670760243974406,-0.013469551741670825,True,0.15213266903228595,0.08924635672603813,0.06355960696034894,-0.025686749765689187,True,0.16927470859732058,0.10638839629107277,0.07103640309972907,-0.0353519931913437,True,True,True
LOBO_height_band,high_36_40_46,B0,,,29,6802,15,4358,-1.7313021905797878,2.1162292083463825,0.162504055142334,1.4605125871893883,-1.61517658893506,1.90021120268255,-0.50189189917237,-0.00250151435859995,4358,1.0,4358,1.0,True,True,BBOX_EXTRAPOLATION,-0.10493715029934846,-0.05102438368543915,-0.05102438368543915,0.0,False,0.10493715029934846,0.05102438368543915,0.05102438368543915,0.0,False,0.10810782683233588,0.05726241734280161,0.05726241734280161,0.0,False,0.1398595176186159,0.0859467510047066,0.0859467510047066,0.0,False,0.1454844161135448,0.0915716494996355,0.0915716494996355,0.0,False,True,False
LOBO_height_band,high_36_40_46,B1,,,29,6802,15,4358,-1.7313021905797878,2.1162292083463825,0.162504055142334,1.4605125871893883,-1.61517658893506,1.90021120268255,-0.50189189917237,-0.00250151435859995,4358,1.0,4358,1.0,True,True,BBOX_EXTRAPOLATION,-0.10493715029934846,-0.05102438368543915,-0.054104403095256166,-0.003080019409817017,True,0.10493715029934846,0.05102438368543915,0.054104403095256166,0.003080019409817017,False,0.10810782683233588,0.05726241734280161,0.0599866817367316,0.00272426439392999,False,0.1398595176186159,0.0859467510047066,0.0989680991428302,0.013021348138123598,False,0.1454844161135448,0.0915716494996355,0.10045431775482228,0.00888266825518677,False,False,True
LOBO_height_band,high_36_40_46,B2,,,29,6802,15,4358,-1.7313021905797878,2.1162292083463825,0.162504055142334,1.4605125871893883,-1.61517658893506,1.90021120268255,-0.50189189917237,-0.00250151435859995,4358,1.0,4358,1.0,True,True,BBOX_EXTRAPOLATION,-0.10493715029934846,-0.05102438368543915,0.045469747862053864,0.096494131547493,False,0.10493715029934846,0.05102438368543915,0.04646271482817694,-0.0045616688572622105,True,0.10810782683233588,0.05726241734280161,0.05216905425986502,-0.005093363082936592,True,0.1398595176186159,0.0859467510047066,0.07521909559167202,-0.010727655413034581,True,0.1454844161135448,0.0915716494996355,0.07545193622681061,-0.016119713272824895,True,True,True
LOBO_height_band,high_36_40_46,S0,,,29,6802,15,4358,-1.7313021905797878,2.1162292083463825,0.162504055142334,1.4605125871893883,-1.61517658893506,1.90021120268255,-0.50189189917237,-0.00250151435859995,4358,1.0,4358,1.0,True,True,BBOX_EXTRAPOLATION,-0.10493715029934846,-0.05102438368543915,0.03817814268379446,0.0892025263692336,False,0.10493715029934846,0.05102438368543915,0.03837707445006899,-0.012647309235370156,True,0.10810782683233588,0.05726241734280161,0.045782067108745626,-0.011480350234055983,True,0.1398595176186159,0.0859467510047066,0.07063446732710688,-0.015312283677599722,True,0.1454844161135448,0.0915716494996355,0.0747393696995799,-0.01683227980005561,True,True,True
strict_50mm_validation,height_50mm_strict_heldout,B0,50.0,,44,11160,5,1100,-1.7313021905797878,2.1162292083463825,-0.50189189917237,1.4605125871893883,-1.57193202739355,1.82882280210211,-0.6643185935929,-0.58539960352142,1100,1.0,1100,1.0,True,True,BBOX_EXTRAPOLATION,-0.10422555957980677,-0.032918116709498145,-0.032918116709498145,0.0,False,0.10422555957980677,0.03650841189199836,0.03650841189199836,0.0,False,0.10736598677340962,0.04181016926304246,0.04181016926304246,0.0,False,0.13149792233122945,0.06019047946092085,0.06019047946092085,0.0,False,0.13318927912833858,0.061881836258029975,0.061881836258029975,0.0,False,True,False
strict_50mm_validation,height_50mm_strict_heldout,B1,50.0,,44,11160,5,1100,-1.7313021905797878,2.1162292083463825,-0.50189189917237,1.4605125871893883,-1.57193202739355,1.82882280210211,-0.6643185935929,-0.58539960352142,1100,1.0,1100,1.0,True,True,BBOX_EXTRAPOLATION,-0.10422555957980677,-0.032918116709498145,-0.03406275756286679,-0.001144640853368642,True,0.10422555957980677,0.03650841189199836,0.036797790483155415,0.0002893785911570537,False,0.10736598677340962,0.04181016926304246,0.042384916256783305,0.0005747469937408475,False,0.13149792233122945,0.06019047946092085,0.06574536512435135,0.0055548856634305005,False,0.13318927912833858,0.061881836258029975,0.07257709307597132,0.010695256817941347,False,False,True
strict_50mm_validation,height_50mm_strict_heldout,B2,50.0,,44,11160,5,1100,-1.7313021905797878,2.1162292083463825,-0.50189189917237,1.4605125871893883,-1.57193202739355,1.82882280210211,-0.6643185935929,-0.58539960352142,1100,1.0,1100,1.0,True,True,BBOX_EXTRAPOLATION,-0.10422555957980677,-0.032918116709498145,0.029674522463944537,0.06259263917344268,False,0.10422555957980677,0.03650841189199836,0.03002676434642989,-0.0064816475455684724,True,0.10736598677340962,0.04181016926304246,0.039136394799891665,-0.0026737744631507923,True,0.13149792233122945,0.06019047946092085,0.06590981811846665,0.0057193386575458,False,0.13318927912833858,0.061881836258029975,0.07155704894328078,0.00967521268525081,False,False,True
strict_50mm_validation,height_50mm_strict_heldout,S0,50.0,,44,11160,5,1100,-1.7313021905797878,2.1162292083463825,-0.50189189917237,1.4605125871893883,-1.57193202739355,1.82882280210211,-0.6643185935929,-0.58539960352142,1100,1.0,1100,1.0,True,True,BBOX_EXTRAPOLATION,-0.10422555957980677,-0.032918116709498145,0.02835022920973445,0.061268345919232595,False,0.10422555957980677,0.03650841189199836,0.03293323771076355,-0.0035751741812348123,True,0.10736598677340962,0.04181016926304246,0.03821263473092972,-0.0035975345321127353,True,0.13149792233122945,0.06019047946092085,0.06178647496512151,0.0015959955042006632,False,0.13318927912833858,0.061881836258029975,0.06926971092502329,0.007387874666993317,False,False,True
