height_label_mm,condition_count,raw_bias_mm,raw_mae_mm,raw_rmse_mm,raw_p95_abs_mm,raw_max_abs_mm
1.0,5,-0.021416585574407402,0.030333492275117523,0.03482044945744536,0.051995641953723755,0.05515646482318219
2.0,4,-0.026795326786539682,0.029297225196013018,0.03501503022265001,0.05399246303366101,0.05770591264596331
6.0,5,-0.022049125186780583,0.02401013892776981,0.033218186636466376,0.05846239137545962,0.0643467836732709
10.0,5,-0.0479135005940128,0.0479135005940128,0.05177724064080717,0.07674346671416879,0.0839443228993728
20.0,5,-0.08810818781113242,0.08810818781113242,0.09241820879733127,0.12593908092946995,0.13118128734168816
30.0,5,-0.11177038576510614,0.11177038576510614,0.11626818764526026,0.1600835141017501,0.16927470859732058
36.0,5,-0.10377364083414298,0.10377364083414298,0.10854775609454426,0.14050272375255016,0.1454844161135448
40.0,5,-0.09308863333452544,0.09308863333452544,0.09597307095993365,0.12812181248393867,0.13744884683507497
46.0,5,-0.11794917672937695,0.11794917672937695,0.11861054322694017,0.13433631238613658,0.13567246909563102
50.0,5,-0.10422555957980677,0.10422555957980677,0.10736598677340962,0.13149792233122945,0.13318927912833858
