condition_id,dataset,height_label_mm,true_height_mm,position_rank,source,split_role,formal_point_count,repeat_count,q1_median,q2_median,raw_bias_mm
obs_10mm/rank1,obs_10mm,10.0,10.0,1,surface1a_reused,development_formal_repeat2_5,269,4,-1.571987899571618,1.0790797660422244,-0.03187672891982561
obs_10mm/rank2,obs_10mm,10.0,10.0,2,surface1a_reused,development_formal_repeat2_5,202,4,-0.3849316592526102,1.0529472305959424,-0.047125042464608045
obs_10mm/rank3,obs_10mm,10.0,10.0,3,surface1a_reused,development_formal_repeat2_5,166,4,0.8298514982140428,1.0227895548428414,-0.02868136671290481
obs_10mm/rank4,obs_10mm,10.0,10.0,4,surface1a_reused,development_formal_repeat2_5,226,4,1.4262522653288792,1.0059921718435458,-0.04794004197335275
obs_10mm/rank5,obs_10mm,10.0,10.0,5,surface1a_reused,development_formal_repeat2_5,180,4,2.03634882832631,0.9955375901065036,-0.0839443228993728
obs_1mm/rank1,obs_1mm,1.0,1.001,1,surface1a_reused,development_formal_repeat2_5,315,4,-1.6744896776165374,1.45750707071854,0.009230615607567409
obs_1mm/rank2,obs_1mm,1.0,1.001,2,surface1a_reused,development_formal_repeat2_5,196,4,-0.4776087348957897,1.4353136911142417,-0.03935235047589003
obs_1mm/rank3,obs_1mm,1.0,1.001,3,surface1a_reused,development_formal_repeat2_5,271,4,0.1648873928472083,1.415999840097768,0.013061651144207894
obs_1mm/rank4,obs_1mm,1.0,1.001,4,surface1a_reused,development_formal_repeat2_5,236,4,1.0958960480261872,1.394438039298664,-0.05515646482318219
obs_1mm/rank5,obs_1mm,1.0,1.001,5,surface1a_reused,development_formal_repeat2_5,196,4,2.0694150530249713,1.3715369291813282,-0.034866379324740085
obs_20mm/rank1,obs_20mm,20.0,20.0,1,surface1a_reused,development_formal_repeat2_5,250,4,-1.6095412502545599,0.659040941312294,-0.04917071492830772
obs_20mm/rank2,obs_20mm,20.0,20.0,2,surface1a_reused,development_formal_repeat2_5,269,4,-0.3980590258573929,0.6329683995394393,-0.08027046773112485
obs_20mm/rank3,obs_20mm,20.0,20.0,3,surface1a_reused,development_formal_repeat2_5,244,4,0.7709267420870041,0.6041157517011748,-0.07494821377394428
obs_20mm/rank4,obs_20mm,20.0,20.0,4,surface1a_reused,development_formal_repeat2_5,203,4,1.3643104313584755,0.5875563932589872,-0.1049702552805971
obs_20mm/rank5,obs_20mm,20.0,20.0,5,surface1a_reused,development_formal_repeat2_5,236,4,1.9570599929375223,0.5769821573439389,-0.13118128734168816
obs_2mm/rank1,obs_2mm,2.0,2.0,1,surface1a_reused,development_formal_repeat2_5,234,4,-1.6559537808299885,1.4153710793713974,0.00500379681894667
obs_2mm/rank2,obs_2mm,2.0,2.0,2,surface1a_reused,development_formal_repeat2_5,211,4,-0.6632868333829153,1.397822848863765,-0.03294958189728135
obs_2mm/rank3,obs_2mm,2.0,2.0,3,surface1a_reused,development_formal_repeat2_5,186,4,0.51787867970166,1.3669034433023395,-0.05770591264596331
obs_2mm/rank4,obs_2mm,2.0,2.0,4,surface1a_reused,development_formal_repeat2_5,200,4,1.4482105594599637,1.340906824622041,-0.021529609421860732
obs_30mm/rank1,obs_30mm,30.0,30.0,1,surface2b_reused,development_formal_repeat2_5,261,4,-1.57610949130332,0.244000803273368,-0.09685571900937462
obs_30mm/rank2,obs_30mm,30.0,30.0,2,surface2b_reused,development_formal_repeat2_5,264,4,-0.394777480026022,0.21944978066016751,-0.12331873611946821
obs_30mm/rank3,obs_30mm,30.0,30.0,3,surface2b_reused,development_formal_repeat2_5,248,4,0.8064213416025455,0.188383933974825,-0.08428851073073206
obs_30mm/rank4,obs_30mm,30.0,30.0,4,surface2b_reused,development_formal_repeat2_5,284,4,1.38424242649992,0.1727691509749035,-0.08511425436863532
obs_30mm/rank5,obs_30mm,30.0,30.0,5,surface2b_reused,development_formal_repeat2_5,290,4,2.01012552521233,0.163937156735764,-0.16927470859732058
obs_36mm/rank1,obs_36mm,36.0,36.0,1,surface2b_reused,surface2_formal_repeat2_5,252,4,-1.4820346874685,-0.004467893668432315,-0.07394823639818404
obs_36mm/rank2,obs_36mm,36.0,36.0,2,surface2b_reused,surface2_formal_repeat2_5,285,4,-0.6865380508238,-0.0178604400173019,-0.12057595430857165
obs_36mm/rank3,obs_36mm,36.0,36.0,3,surface2b_reused,surface2_formal_repeat2_5,286,4,0.11127308164020999,-0.0455703978373282,-0.05989100022381755
obs_36mm/rank4,obs_36mm,36.0,36.0,4,surface2b_reused,surface2_formal_repeat2_5,321,4,1.00948931774781,-0.0651431808725149,-0.11896859712659688
obs_36mm/rank5,obs_36mm,36.0,36.0,5,surface2b_reused,surface2_formal_repeat2_5,317,4,1.83957005734543,-0.0830625130938711,-0.1454844161135448
obs_40mm/rank1,obs_40mm,40.0,40.0,1,surface2b_reused,surface2_formal_repeat2_5,209,4,-1.47491847763995,-0.171322047261236,-0.08948260628230172
obs_40mm/rank2,obs_40mm,40.0,40.0,2,surface2b_reused,surface2_formal_repeat2_5,342,4,-1.006741367269935,-0.175694777328709,-0.09081367507939357
obs_40mm/rank3,obs_40mm,40.0,40.0,3,surface2b_reused,surface2_formal_repeat2_5,277,4,-0.179362120015705,-0.204747505308568,-0.07343035600605043
obs_40mm/rank4,obs_40mm,40.0,40.0,4,surface2b_reused,surface2_formal_repeat2_5,296,4,0.781877353357439,-0.227701770950149,-0.07426768246980651
obs_40mm/rank5,obs_40mm,40.0,40.0,5,surface2b_reused,surface2_formal_repeat2_5,314,4,1.77340084275212,-0.249805803628014,-0.13744884683507497
obs_46mm/rank1,obs_46mm,46.0,46.0,1,surface2b_reused,surface2_formal_repeat2_5,306,4,-1.5634484990189401,-0.421113483221246,-0.1289916855481588
obs_46mm/rank2,obs_46mm,46.0,46.0,2,surface2b_reused,surface2_formal_repeat2_5,334,4,-0.911343594370997,-0.42684683215195995,-0.13567246909563102
obs_46mm/rank3,obs_46mm,46.0,46.0,3,surface2b_reused,surface2_formal_repeat2_5,305,4,0.250074412146889,-0.464867624746856,-0.10401412147723794
obs_46mm/rank4,obs_46mm,46.0,46.0,4,surface2b_reused,surface2_formal_repeat2_5,208,4,1.1279993678110252,-0.486190621440112,-0.10594850134081855
obs_46mm/rank5,obs_46mm,46.0,46.0,5,surface2b_reused,surface2_formal_repeat2_5,306,4,1.75338276095219,-0.4999961045174715,-0.11511910618503841
obs_50mm/rank1,obs_50mm,50.0,50.0,1,surface2b_reused,heldout_formal_repeat2_5,234,4,-1.532740451607585,-0.5866137833624895,-0.08862172955099155
obs_50mm/rank2,obs_50mm,50.0,50.0,2,surface2b_reused,heldout_formal_repeat2_5,237,4,-0.864362356734008,-0.593645300453705,-0.13318927912833858
obs_50mm/rank3,obs_50mm,50.0,50.0,3,surface2b_reused,heldout_formal_repeat2_5,190,4,0.0188809272514493,-0.6232948338251765,-0.062331704914058074
obs_50mm/rank4,obs_50mm,50.0,50.0,4,surface2b_reused,heldout_formal_repeat2_5,218,4,1.197577665810235,-0.6504776679992585,-0.11225258916285263
obs_50mm/rank5,obs_50mm,50.0,50.0,5,surface2b_reused,heldout_formal_repeat2_5,221,4,1.78701008684216,-0.663254951066795,-0.12473249514279297
obs_6mm/rank1,obs_6mm,6.0,6.0,1,surface1a_reused,development_formal_repeat2_5,225,4,-1.5776010994328966,1.2462799939030207,-0.006078101142415694
obs_6mm/rank2,obs_6mm,6.0,6.0,2,surface1a_reused,development_formal_repeat2_5,222,4,-0.3881354690560166,1.2212772126024123,-0.0349248221842145
obs_6mm/rank3,obs_6mm,6.0,6.0,3,surface1a_reused,development_formal_repeat2_5,233,4,0.19215670571927734,1.2056349033648612,-0.009798453286474884
obs_6mm/rank4,obs_6mm,6.0,6.0,4,surface1a_reused,development_formal_repeat2_5,247,4,1.4264134328873357,1.173261322284672,0.004902534352473064
obs_6mm/rank5,obs_6mm,6.0,6.0,5,surface1a_reused,development_formal_repeat2_5,238,4,2.070159352160873,1.1623084097521956,-0.0643467836732709
