dataset,filename,pose_id,repeat_index,csv_row_present,csv_sha256,actual_sha256,sha256_match,csv_offset_x,csv_offset_y,csv_width,csv_height,csv_pixel_format,actual_width,actual_height,actual_dtype,shape_match,dtype_match,center_count,steger_called_once,quality,quality_warnings,dataset_error_count,dataset_errors,manifest_json
obs_1mm,laser 001.tif,001,1,True,bc912018382b576a1618a2d320fb0b911b1328ebe82ec8b92f889ebbe82bb1af,bc912018382b576a1618a2d320fb0b911b1328ebe82ec8b92f889ebbe82bb1af,True,0,0,4096,3000,Mono8,4096,3000,uint8,True,True,1703,True,False,dynamic_range_low,,,
obs_1mm,laser 001_02.tif,001,2,True,2f9032f1d5d713937f756502796b18b7cadb5118294d018b234e3abf6013b574,2f9032f1d5d713937f756502796b18b7cadb5118294d018b234e3abf6013b574,True,0,0,4096,3000,Mono8,4096,3000,uint8,True,True,1704,True,False,dynamic_range_low,,,
obs_1mm,laser 001_03.tif,001,3,True,98f11b26079d822f4f58af5c9ee729b2cf22c9360bdc1ad13842ee759ecca1bd,98f11b26079d822f4f58af5c9ee729b2cf22c9360bdc1ad13842ee759ecca1bd,True,0,0,4096,3000,Mono8,4096,3000,uint8,True,True,1706,True,False,dynamic_range_low,,,
obs_1mm,laser 001_04.tif,001,4,True,207a8826aa0974f31509e185b6bef3ee6dbd1cfd140d12aba4745a7c057c8edf,207a8826aa0974f31509e185b6bef3ee6dbd1cfd140d12aba4745a7c057c8edf,True,0,0,4096,3000,Mono8,4096,3000,uint8,True,True,1709,True,False,dynamic_range_low,,,
obs_1mm,laser 001_05.tif,001,5,True,29406bd5dd60ce48bc40c2b8748508389181fce71067bf061038ab50d8fe5cc7,29406bd5dd60ce48bc40c2b8748508389181fce71067bf061038ab50d8fe5cc7,True,0,0,4096,3000,Mono8,4096,3000,uint8,True,True,1708,True,False,dynamic_range_low,,,
obs_1mm,laser 002.tif,002,1,True,fff279d19fa421b9489c4b0dea07242890e181c764b0deabffd42493a9da1165,fff279d19fa421b9489c4b0dea07242890e181c764b0deabffd42493a9da1165,True,0,0,4096,3000,Mono8,4096,3000,uint8,True,True,1700,True,False,dynamic_range_low,,,
obs_1mm,laser 002_02.tif,002,2,True,010b47b80f04bae7d1a124b1b1afa5b6df3fba262fe09cde680a2fe65e452e66,010b47b80f04bae7d1a124b1b1afa5b6df3fba262fe09cde680a2fe65e452e66,True,0,0,4096,3000,Mono8,4096,3000,uint8,True,True,1697,True,False,dynamic_range_low,,,
obs_1mm,laser 002_03.tif,002,3,True,74f762ec9b8821b00677f7704d4910d24120ad759f53f4a3fe82bf126136d8b8,74f762ec9b8821b00677f7704d4910d24120ad759f53f4a3fe82bf126136d8b8,True,0,0,4096,3000,Mono8,4096,3000,uint8,True,True,1700,True,False,dynamic_range_low,,,
obs_1mm,laser 002_04.tif,002,4,True,8895adfc00587f1c1012b626e200254e279267ad88b6ddce3aeba430477efb7b,8895adfc00587f1c1012b626e200254e279267ad88b6ddce3aeba430477efb7b,True,0,0,4096,3000,Mono8,4096,3000,uint8,True,True,1701,True,False,dynamic_range_low,,,
obs_1mm,laser 002_05.tif,002,5,True,2ef739b9f651a95c8514b95bf6fb180ee52c58d43639e42e0678a1e1687a2895,2ef739b9f651a95c8514b95bf6fb180ee52c58d43639e42e0678a1e1687a2895,True,0,0,4096,3000,Mono8,4096,3000,uint8,True,True,1699,True,False,dynamic_range_low,,,
obs_1mm,laser 003.tif,003,1,True,0575fab416152b69132217ca8c4536a2da8879a5a4532668e6102a6c2b30ed4f,0575fab416152b69132217ca8c4536a2da8879a5a4532668e6102a6c2b30ed4f,True,0,0,4096,3000,Mono8,4096,3000,uint8,True,True,1703,True,False,dynamic_range_low,,,
obs_1mm,laser 003_02.tif,003,2,True,06cda482a17ac293f1621d71b27fd23fc839db0bd795c1497923dbb4a4773c7b,06cda482a17ac293f1621d71b27fd23fc839db0bd795c1497923dbb4a4773c7b,True,0,0,4096,3000,Mono8,4096,3000,uint8,True,True,1703,True,False,dynamic_range_low,,,
obs_1mm,laser 003_03.tif,003,3,True,50aee22c1c8763304d73c82067a4fe1b7dd7adb89268f315113d1478ccb0fdbe,50aee22c1c8763304d73c82067a4fe1b7dd7adb89268f315113d1478ccb0fdbe,True,0,0,4096,3000,Mono8,4096,3000,uint8,True,True,1704,True,False,dynamic_range_low,,,
obs_1mm,laser 003_04.tif,003,4,True,33ed745c26e9b6ecef28ac6205f4cb3f083af4707acbb7a11ba4d5ffdccf8747,33ed745c26e9b6ecef28ac6205f4cb3f083af4707acbb7a11ba4d5ffdccf8747,True,0,0,4096,3000,Mono8,4096,3000,uint8,True,True,1704,True,False,dynamic_range_low,,,
obs_1mm,laser 003_05.tif,003,5,True,cdf94dfecafd581d8214101e3cd32f51cdef0025749afd793ac40b10eb3ef872,cdf94dfecafd581d8214101e3cd32f51cdef0025749afd793ac40b10eb3ef872,True,0,0,4096,3000,Mono8,4096,3000,uint8,True,True,1708,True,False,dynamic_range_low,,,
obs_1mm,laser 004.tif,004,1,True,f571193c1bfbc489f8aa285b29a071f4e6613a4f1ce914e26b93fbbca85d4365,f571193c1bfbc489f8aa285b29a071f4e6613a4f1ce914e26b93fbbca85d4365,True,0,0,4096,3000,Mono8,4096,3000,uint8,True,True,1640,True,False,dynamic_range_low,,,
obs_1mm,laser 004_02.tif,004,2,True,2986f2acbb74121e61d50bef855448cc0a51f278fba1c85d7540bb083d074f64,2986f2acbb74121e61d50bef855448cc0a51f278fba1c85d7540bb083d074f64,True,0,0,4096,3000,Mono8,4096,3000,uint8,True,True,1635,True,False,dynamic_range_low,,,
obs_1mm,laser 004_03.tif,004,3,True,5fbcf4a7202287a2c32d7ef620b4ac2f0602a6ee4f79e35ef6669ca6ceed6119,5fbcf4a7202287a2c32d7ef620b4ac2f0602a6ee4f79e35ef6669ca6ceed6119,True,0,0,4096,3000,Mono8,4096,3000,uint8,True,True,1627,True,False,dynamic_range_low,,,
obs_1mm,laser 004_04.tif,004,4,True,57b95ea2b6e73b02b1bdd5d5a5c91ff1e1b2d0d1b124e5dac6c809c955b2082f,57b95ea2b6e73b02b1bdd5d5a5c91ff1e1b2d0d1b124e5dac6c809c955b2082f,True,0,0,4096,3000,Mono8,4096,3000,uint8,True,True,1626,True,False,dynamic_range_low,,,
obs_1mm,laser 004_05.tif,004,5,True,642f64b88526b6103abc7a27a9629aa8386af6f79ff5455e2623f1d16c915cca,642f64b88526b6103abc7a27a9629aa8386af6f79ff5455e2623f1d16c915cca,True,0,0,4096,3000,Mono8,4096,3000,uint8,True,True,1631,True,False,dynamic_range_low,,,
obs_1mm,laser 005.tif,005,1,True,e3ab9297b257315b50ab98a94c67c5de35cc3a653140854e37013657d00656a1,e3ab9297b257315b50ab98a94c67c5de35cc3a653140854e37013657d00656a1,True,0,0,4096,3000,Mono8,4096,3000,uint8,True,True,1664,True,False,dynamic_range_low,,,
obs_1mm,laser 005_02.tif,005,2,True,9d8fbd5516dc45834cbbfdc275def1dd7105d6bda724edfeed8da7349b83f264,9d8fbd5516dc45834cbbfdc275def1dd7105d6bda724edfeed8da7349b83f264,True,0,0,4096,3000,Mono8,4096,3000,uint8,True,True,1665,True,False,dynamic_range_low,,,
obs_1mm,laser 005_03.tif,005,3,True,72f717c021306393edced8c99c649d0a08504c1caa423c868e51732c1f9b78e2,72f717c021306393edced8c99c649d0a08504c1caa423c868e51732c1f9b78e2,True,0,0,4096,3000,Mono8,4096,3000,uint8,True,True,1667,True,False,dynamic_range_low,,,
obs_1mm,laser 005_04.tif,005,4,True,9f5412207f4829035ea4c4aeb91793503475ec6e1caf6c20cc6caf2f2c59b744,9f5412207f4829035ea4c4aeb91793503475ec6e1caf6c20cc6caf2f2c59b744,True,0,0,4096,3000,Mono8,4096,3000,uint8,True,True,1662,True,False,dynamic_range_low,,,
obs_1mm,laser 005_05.tif,005,5,True,32f26144f0a88fc5005ec6df42c60a2d274c6d411fcac157d1fb1ad27bd1defe,32f26144f0a88fc5005ec6df42c60a2d274c6d411fcac157d1fb1ad27bd1defe,True,0,0,4096,3000,Mono8,4096,3000,uint8,True,True,1665,True,False,dynamic_range_low,,,
obs_1mm,__dataset_summary__,,,True,,,True,,,,,,,,,True,True,,True,,,0,,"{""exists"": true, ""dataset_id"": ""obs_1mm"", ""created_at"": ""2026-08-19T00:48:35.309+00:00"", ""frame_count"": null, ""image_format"": null, ""image_width"": null, ""image_height"": null, ""quality_passed"": null, ""quality_warnings"": null, ""task_count"": null}"
obs_2mm,laser 001.tif,001,1,True,d423de88669bba7670dae3acdbf8cad136957f01d1e2c519db01d39718f51552,d423de88669bba7670dae3acdbf8cad136957f01d1e2c519db01d39718f51552,True,0,0,4096,3000,Mono8,4096,3000,uint8,True,True,1567,True,False,dynamic_range_low,,,
obs_2mm,laser 001_02.tif,001,2,True,bc702b219019a2ee629439fe3d64cce1a410a01ad31043e702aa103d28088aa6,bc702b219019a2ee629439fe3d64cce1a410a01ad31043e702aa103d28088aa6,True,0,0,4096,3000,Mono8,4096,3000,uint8,True,True,1574,True,False,dynamic_range_low,,,
obs_2mm,laser 001_03.tif,001,3,True,56ef08af4ab88b025e954384b814eff7eacbb605ea10e40453e6627e52a3ec20,56ef08af4ab88b025e954384b814eff7eacbb605ea10e40453e6627e52a3ec20,True,0,0,4096,3000,Mono8,4096,3000,uint8,True,True,1565,True,False,dynamic_range_low,,,
obs_2mm,laser 001_04.tif,001,4,True,408117c2f0f4a8112c2315da067cf2bef63dc39973fff2ad89c1d13213861bbe,408117c2f0f4a8112c2315da067cf2bef63dc39973fff2ad89c1d13213861bbe,True,0,0,4096,3000,Mono8,4096,3000,uint8,True,True,1562,True,False,dynamic_range_low,,,
obs_2mm,laser 001_05.tif,001,5,True,9b490eebba45c5f2733804b2697d3c9ab977414079b3aef632af12fc4dfb55d5,9b490eebba45c5f2733804b2697d3c9ab977414079b3aef632af12fc4dfb55d5,True,0,0,4096,3000,Mono8,4096,3000,uint8,True,True,1569,True,False,dynamic_range_low,,,
obs_2mm,laser 002.tif,002,1,True,9310576fc3ef0d415a0d96350ebd4ceaffc209ee594f4d100f3ef1785f9e20f8,9310576fc3ef0d415a0d96350ebd4ceaffc209ee594f4d100f3ef1785f9e20f8,True,0,0,4096,3000,Mono8,4096,3000,uint8,True,True,1610,True,False,dynamic_range_low,,,
obs_2mm,laser 002_02.tif,002,2,True,2799bd343709e1cdab7232306e2d589187d2b6c8b4171804c589da9f0c8fd72b,2799bd343709e1cdab7232306e2d589187d2b6c8b4171804c589da9f0c8fd72b,True,0,0,4096,3000,Mono8,4096,3000,uint8,True,True,1612,True,False,dynamic_range_low,,,
obs_2mm,laser 002_03.tif,002,3,True,af21bcf01ae4e80f452969cd61830c6b0a70530acd5ff847c5670b9cec84fe35,af21bcf01ae4e80f452969cd61830c6b0a70530acd5ff847c5670b9cec84fe35,True,0,0,4096,3000,Mono8,4096,3000,uint8,True,True,1611,True,False,dynamic_range_low,,,
obs_2mm,laser 002_04.tif,002,4,True,6b033453466404c971dbbcb85b0002acb3d6b9d9577d7ced1ca904816d14a577,6b033453466404c971dbbcb85b0002acb3d6b9d9577d7ced1ca904816d14a577,True,0,0,4096,3000,Mono8,4096,3000,uint8,True,True,1611,True,False,dynamic_range_low,,,
obs_2mm,laser 002_05.tif,002,5,True,fb10073ee9846b60fca8eeb421a235855efa3ae3d278876cac25750cd521297c,fb10073ee9846b60fca8eeb421a235855efa3ae3d278876cac25750cd521297c,True,0,0,4096,3000,Mono8,4096,3000,uint8,True,True,1614,True,False,dynamic_range_low,,,
obs_2mm,laser 003.tif,003,1,True,f5857027371ab2008bd8b73f3c6bb65742b8b02606a56e7b5cf9f822de0644ef,f5857027371ab2008bd8b73f3c6bb65742b8b02606a56e7b5cf9f822de0644ef,True,0,0,4096,3000,Mono8,4096,3000,uint8,True,True,1743,True,False,dynamic_range_low,,,
obs_2mm,laser 003_02.tif,003,2,True,d10f2414accfbe90faee19c38d873b62f8a425a0272369072b3503a407919f17,d10f2414accfbe90faee19c38d873b62f8a425a0272369072b3503a407919f17,True,0,0,4096,3000,Mono8,4096,3000,uint8,True,True,1741,True,False,dynamic_range_low,,,
obs_2mm,laser 003_03.tif,003,3,True,67de8a57c887b1e177cf059bd05b9fd98ff44afe8c5afc7b6385e166fd6ce28b,67de8a57c887b1e177cf059bd05b9fd98ff44afe8c5afc7b6385e166fd6ce28b,True,0,0,4096,3000,Mono8,4096,3000,uint8,True,True,1743,True,False,dynamic_range_low,,,
obs_2mm,laser 003_04.tif,003,4,True,45ee0580cf59c17e300734baedcf51038acf1b776103b3ae34740b93e87d9642,45ee0580cf59c17e300734baedcf51038acf1b776103b3ae34740b93e87d9642,True,0,0,4096,3000,Mono8,4096,3000,uint8,True,True,1741,True,False,dynamic_range_low,,,
obs_2mm,laser 003_05.tif,003,5,True,3a03577086db915e25ac1b6ef348e4a0755639740a889b473f4cb13226d2792f,3a03577086db915e25ac1b6ef348e4a0755639740a889b473f4cb13226d2792f,True,0,0,4096,3000,Mono8,4096,3000,uint8,True,True,1746,True,False,dynamic_range_low,,,
obs_2mm,laser 004.tif,004,1,True,759673e0473d2365d5d2226d73182d5b7fa38273b9c8957518bc60b660f8209e,759673e0473d2365d5d2226d73182d5b7fa38273b9c8957518bc60b660f8209e,True,0,0,4096,3000,Mono8,4096,3000,uint8,True,True,1732,True,False,dynamic_range_low,,,
obs_2mm,laser 004_02.tif,004,2,True,22337802c618cdc1f9497524ad30eeb96631ccff5c49cae6927e8f42724cb69c,22337802c618cdc1f9497524ad30eeb96631ccff5c49cae6927e8f42724cb69c,True,0,0,4096,3000,Mono8,4096,3000,uint8,True,True,1735,True,False,dynamic_range_low,,,
obs_2mm,laser 004_03.tif,004,3,True,6801c3bf10428a1ec467f0f704ec8198cebd2785861cdf89cd4ccac55c636feb,6801c3bf10428a1ec467f0f704ec8198cebd2785861cdf89cd4ccac55c636feb,True,0,0,4096,3000,Mono8,4096,3000,uint8,True,True,1734,True,False,dynamic_range_low,,,
obs_2mm,laser 004_04.tif,004,4,True,3c4872deaf8fb72f2e0bb52b196acb3e98906d14873d4b708f562e3804ebff65,3c4872deaf8fb72f2e0bb52b196acb3e98906d14873d4b708f562e3804ebff65,True,0,0,4096,3000,Mono8,4096,3000,uint8,True,True,1734,True,False,dynamic_range_low,,,
obs_2mm,laser 004_05.tif,004,5,True,40a5c7c3d9d71f76f8fa5e1eb9a659d1ce9c01cff98f13afabe54e6308b91c81,40a5c7c3d9d71f76f8fa5e1eb9a659d1ce9c01cff98f13afabe54e6308b91c81,True,0,0,4096,3000,Mono8,4096,3000,uint8,True,True,1733,True,False,dynamic_range_low,,,
obs_2mm,laser 005.tif,005,1,True,637cf1c4766726a43167bc6ed1272ab6f01e17cdfb87ab4058ab0f1a34e0f352,637cf1c4766726a43167bc6ed1272ab6f01e17cdfb87ab4058ab0f1a34e0f352,True,0,0,4096,3000,Mono8,4096,3000,uint8,True,True,1682,True,False,dynamic_range_low,,,
obs_2mm,laser 005_02.tif,005,2,True,845b4b71e50ad1c3fb745d47bdc46fe8d432202d918fe1c2e608719a23d56827,845b4b71e50ad1c3fb745d47bdc46fe8d432202d918fe1c2e608719a23d56827,True,0,0,4096,3000,Mono8,4096,3000,uint8,True,True,1682,True,False,dynamic_range_low,,,
obs_2mm,laser 005_03.tif,005,3,True,02611443699003344f98a15e223cf656d671b31ac50644dcceeb2fceab6b2327,02611443699003344f98a15e223cf656d671b31ac50644dcceeb2fceab6b2327,True,0,0,4096,3000,Mono8,4096,3000,uint8,True,True,1682,True,False,dynamic_range_low,,,
obs_2mm,laser 005_04.tif,005,4,True,13ed19fa0b9d3ef5c302e6a0c72e206023934011e75155e46b64012408bd0278,13ed19fa0b9d3ef5c302e6a0c72e206023934011e75155e46b64012408bd0278,True,0,0,4096,3000,Mono8,4096,3000,uint8,True,True,1682,True,False,dynamic_range_low,,,
obs_2mm,laser 005_05.tif,005,5,True,c437e5ef9a5fe1e5165d5838fa344f6cee46ecb0a81c4c58aa9b64c7292b8370,c437e5ef9a5fe1e5165d5838fa344f6cee46ecb0a81c4c58aa9b64c7292b8370,True,0,0,4096,3000,Mono8,4096,3000,uint8,True,True,1681,True,False,dynamic_range_low,,,
obs_2mm,__dataset_summary__,,,True,,,True,,,,,,,,,True,True,,True,,,0,,"{""exists"": true, ""dataset_id"": ""obs_2mm"", ""created_at"": ""2026-08-19T00:45:49.100+00:00"", ""frame_count"": null, ""image_format"": null, ""image_width"": null, ""image_height"": null, ""quality_passed"": null, ""quality_warnings"": null, ""task_count"": null}"
obs_6mm,laser 001.tif,001,1,True,cf1d9bec50c430c056d3a4ca64be0ca6894c5f627b070266be804b2c324d1f86,cf1d9bec50c430c056d3a4ca64be0ca6894c5f627b070266be804b2c324d1f86,True,0,0,4096,3000,Mono8,4096,3000,uint8,True,True,1759,True,False,dynamic_range_low,,,
obs_6mm,laser 001_02.tif,001,2,True,bb47c649520fef917c868de6ea966d970bfc826763d8024ec0f4b1a2b9e56e19,bb47c649520fef917c868de6ea966d970bfc826763d8024ec0f4b1a2b9e56e19,True,0,0,4096,3000,Mono8,4096,3000,uint8,True,True,1761,True,False,dynamic_range_low,,,
obs_6mm,laser 001_03.tif,001,3,True,dd5c5937b0a938b4b0ab588957451ced8aeab26de725fc48412c9d613a3d19e6,dd5c5937b0a938b4b0ab588957451ced8aeab26de725fc48412c9d613a3d19e6,True,0,0,4096,3000,Mono8,4096,3000,uint8,True,True,1759,True,False,dynamic_range_low,,,
obs_6mm,laser 001_04.tif,001,4,True,378c9a6f31120a0eefdf30b3728ca5d438e56e90b6a7a33170e81818f842afcd,378c9a6f31120a0eefdf30b3728ca5d438e56e90b6a7a33170e81818f842afcd,True,0,0,4096,3000,Mono8,4096,3000,uint8,True,True,1757,True,False,dynamic_range_low,,,
obs_6mm,laser 001_05.tif,001,5,True,4d1d66835c7fd7105d2bfa0dad22590177fe9661a2a46c2d4f9cd035a745e5fe,4d1d66835c7fd7105d2bfa0dad22590177fe9661a2a46c2d4f9cd035a745e5fe,True,0,0,4096,3000,Mono8,4096,3000,uint8,True,True,1757,True,False,dynamic_range_low,,,
obs_6mm,laser 002.tif,002,1,True,b63e18e7516635f2d918276616c581902ed9d41ddc59a45b81f25e5a279603c6,b63e18e7516635f2d918276616c581902ed9d41ddc59a45b81f25e5a279603c6,True,0,0,4096,3000,Mono8,4096,3000,uint8,True,True,1760,True,False,dynamic_range_low,,,
obs_6mm,laser 002_02.tif,002,2,True,787f6ebfcd91f7e2a16552566554b474a6df517d882962f3e4d90009389f7bca,787f6ebfcd91f7e2a16552566554b474a6df517d882962f3e4d90009389f7bca,True,0,0,4096,3000,Mono8,4096,3000,uint8,True,True,1758,True,False,dynamic_range_low,,,
obs_6mm,laser 002_03.tif,002,3,True,6ef2f3d66b71275d8b2a63a1b76754e07279a5b081832963dc33b87cf0c7071d,6ef2f3d66b71275d8b2a63a1b76754e07279a5b081832963dc33b87cf0c7071d,True,0,0,4096,3000,Mono8,4096,3000,uint8,True,True,1753,True,False,dynamic_range_low,,,
obs_6mm,laser 002_04.tif,002,4,True,b8f87850368c0ea23062ef78ebd14649969582e894fec2e98c1100bc19bf2133,b8f87850368c0ea23062ef78ebd14649969582e894fec2e98c1100bc19bf2133,True,0,0,4096,3000,Mono8,4096,3000,uint8,True,True,1753,True,False,dynamic_range_low,,,
obs_6mm,laser 002_05.tif,002,5,True,2e476301ee214e8b7171d69d93c2b73d6bd6be7b0c7f7f99c1891b18354393c5,2e476301ee214e8b7171d69d93c2b73d6bd6be7b0c7f7f99c1891b18354393c5,True,0,0,4096,3000,Mono8,4096,3000,uint8,True,True,1756,True,False,dynamic_range_low,,,
obs_6mm,laser 003.tif,003,1,True,aa6122869eac288730898ab19a20797e81612c465269cbb8e113ea485137e4fd,aa6122869eac288730898ab19a20797e81612c465269cbb8e113ea485137e4fd,True,0,0,4096,3000,Mono8,4096,3000,uint8,True,True,1753,True,False,dynamic_range_low,,,
obs_6mm,laser 003_02.tif,003,2,True,9e291fd748e434ee90d0d8ee962beaf002de4e5c5f4f62b2b795b46666932d06,9e291fd748e434ee90d0d8ee962beaf002de4e5c5f4f62b2b795b46666932d06,True,0,0,4096,3000,Mono8,4096,3000,uint8,True,True,1757,True,False,dynamic_range_low,,,
obs_6mm,laser 003_03.tif,003,3,True,c6a8d0bdad7695f22752bebd67e6b3ebc267767ab33a7dc92605b5bd1ac7e17a,c6a8d0bdad7695f22752bebd67e6b3ebc267767ab33a7dc92605b5bd1ac7e17a,True,0,0,4096,3000,Mono8,4096,3000,uint8,True,True,1754,True,False,dynamic_range_low,,,
obs_6mm,laser 003_04.tif,003,4,True,a1476ab6b8312fefe29760e8f96513262a9695bcdcef98f769892b63f9126876,a1476ab6b8312fefe29760e8f96513262a9695bcdcef98f769892b63f9126876,True,0,0,4096,3000,Mono8,4096,3000,uint8,True,True,1752,True,False,dynamic_range_low,,,
obs_6mm,laser 003_05.tif,003,5,True,d11872ab2f07194479578932a31a9ae25b43194d41544dad2dca31454f7a0165,d11872ab2f07194479578932a31a9ae25b43194d41544dad2dca31454f7a0165,True,0,0,4096,3000,Mono8,4096,3000,uint8,True,True,1753,True,False,dynamic_range_low,,,
obs_6mm,laser 004.tif,004,1,True,dd9e063618b1a19328c0dd6091245314c92616676c8db080071ad2f258b78a65,dd9e063618b1a19328c0dd6091245314c92616676c8db080071ad2f258b78a65,True,0,0,4096,3000,Mono8,4096,3000,uint8,True,True,1727,True,False,dynamic_range_low,,,
obs_6mm,laser 004_02.tif,004,2,True,4ee86875e7e1933f5cb095e6ac9e9241b69520f484f47c5a91d90b8079c07393,4ee86875e7e1933f5cb095e6ac9e9241b69520f484f47c5a91d90b8079c07393,True,0,0,4096,3000,Mono8,4096,3000,uint8,True,True,1731,True,False,dynamic_range_low,,,
obs_6mm,laser 004_03.tif,004,3,True,5c4fedf6fb811317d33ac193ba238d66c8be44a40aec6b0391daa38a1b6d4f9a,5c4fedf6fb811317d33ac193ba238d66c8be44a40aec6b0391daa38a1b6d4f9a,True,0,0,4096,3000,Mono8,4096,3000,uint8,True,True,1727,True,False,dynamic_range_low,,,
obs_6mm,laser 004_04.tif,004,4,True,cd5f709154d01bba951cba0face6c44a25893d3b916a5f434aa1d340ce9f3501,cd5f709154d01bba951cba0face6c44a25893d3b916a5f434aa1d340ce9f3501,True,0,0,4096,3000,Mono8,4096,3000,uint8,True,True,1729,True,False,dynamic_range_low,,,
obs_6mm,laser 004_05.tif,004,5,True,cad4addb6d878f31dbb5f2821ac6c953872c0b1b10cbe3272692556a4ccbc6a8,cad4addb6d878f31dbb5f2821ac6c953872c0b1b10cbe3272692556a4ccbc6a8,True,0,0,4096,3000,Mono8,4096,3000,uint8,True,True,1727,True,False,dynamic_range_low,,,
obs_6mm,laser 005.tif,005,1,True,0d68eaaf2b4e7f1da11551a9d25376d32c23cdd303cdd356f0ebb53c0fc23341,0d68eaaf2b4e7f1da11551a9d25376d32c23cdd303cdd356f0ebb53c0fc23341,True,0,0,4096,3000,Mono8,4096,3000,uint8,True,True,1719,True,False,dynamic_range_low,,,
obs_6mm,laser 005_02.tif,005,2,True,6e8d6071dd16ffa0f5f1dc42788c217f11490a671d38052394f78efbd91e6dc5,6e8d6071dd16ffa0f5f1dc42788c217f11490a671d38052394f78efbd91e6dc5,True,0,0,4096,3000,Mono8,4096,3000,uint8,True,True,1723,True,False,dynamic_range_low,,,
obs_6mm,laser 005_03.tif,005,3,True,237faeb1ef9fbad85ca76ff70238bf8d6787baa250ddf363116fb60680eefff1,237faeb1ef9fbad85ca76ff70238bf8d6787baa250ddf363116fb60680eefff1,True,0,0,4096,3000,Mono8,4096,3000,uint8,True,True,1718,True,False,dynamic_range_low,,,
obs_6mm,laser 005_04.tif,005,4,True,e45b126787769f4b30d2f83533382a08bd6abede8bfb18ceffd6772f777679bc,e45b126787769f4b30d2f83533382a08bd6abede8bfb18ceffd6772f777679bc,True,0,0,4096,3000,Mono8,4096,3000,uint8,True,True,1721,True,False,dynamic_range_low,,,
obs_6mm,laser 005_05.tif,005,5,True,6fb1d56a2c00aa84ce10e62416ceac1c065d4df4eef7d256d4d3ad28033c6c28,6fb1d56a2c00aa84ce10e62416ceac1c065d4df4eef7d256d4d3ad28033c6c28,True,0,0,4096,3000,Mono8,4096,3000,uint8,True,True,1724,True,False,dynamic_range_low,,,
obs_6mm,__dataset_summary__,,,True,,,True,,,,,,,,,True,True,,True,,,0,,"{""exists"": true, ""dataset_id"": ""obs_6mm"", ""created_at"": ""2026-08-19T00:41:14.619+00:00"", ""frame_count"": null, ""image_format"": null, ""image_width"": null, ""image_height"": null, ""quality_passed"": null, ""quality_warnings"": null, ""task_count"": null}"
obs_10mm,laser 001.tif,001,1,True,0c7d44265c3001a70effd1128c032535b9329170838705d7ad62fe92f04898b3,0c7d44265c3001a70effd1128c032535b9329170838705d7ad62fe92f04898b3,True,0,0,4096,3000,Mono8,4096,3000,uint8,True,True,1672,True,False,dynamic_range_low,,,
obs_10mm,laser 001_02.tif,001,2,True,e695867e92fc0daa11d8dc439035b089668e7f8eb0a3c72a2c4e9bcdb8375068,e695867e92fc0daa11d8dc439035b089668e7f8eb0a3c72a2c4e9bcdb8375068,True,0,0,4096,3000,Mono8,4096,3000,uint8,True,True,1678,True,False,dynamic_range_low,,,
obs_10mm,laser 001_03.tif,001,3,True,7b2887c09cb9616cca5c1cb7c6d495ff668ebf87fb28417dc09fc9ee0ef50dcd,7b2887c09cb9616cca5c1cb7c6d495ff668ebf87fb28417dc09fc9ee0ef50dcd,True,0,0,4096,3000,Mono8,4096,3000,uint8,True,True,1669,True,False,dynamic_range_low,,,
obs_10mm,laser 001_04.tif,001,4,True,afb0c4c7265ce3bf4a24e347f9c1f96b8a65e3257d146afc2ddd46a9a236b7e1,afb0c4c7265ce3bf4a24e347f9c1f96b8a65e3257d146afc2ddd46a9a236b7e1,True,0,0,4096,3000,Mono8,4096,3000,uint8,True,True,1679,True,False,dynamic_range_low,,,
obs_10mm,laser 001_05.tif,001,5,True,b81bb970258bd2a5629970d3d528c9505fe06c8096d8ffe096d41ec59381829c,b81bb970258bd2a5629970d3d528c9505fe06c8096d8ffe096d41ec59381829c,True,0,0,4096,3000,Mono8,4096,3000,uint8,True,True,1676,True,False,dynamic_range_low,,,
obs_10mm,laser 002.tif,002,1,True,212c54f26375130c8eb004894e6ef6bbd67e00423a48d81dc612a05a0d47b0c6,212c54f26375130c8eb004894e6ef6bbd67e00423a48d81dc612a05a0d47b0c6,True,0,0,4096,3000,Mono8,4096,3000,uint8,True,True,1719,True,False,dynamic_range_low,,,
obs_10mm,laser 002_02.tif,002,2,True,404ba91f39990bef08de41bfc5328ba566cdba2b4337f0f1df0176eb630b18c6,404ba91f39990bef08de41bfc5328ba566cdba2b4337f0f1df0176eb630b18c6,True,0,0,4096,3000,Mono8,4096,3000,uint8,True,True,1709,True,False,dynamic_range_low,,,
obs_10mm,laser 002_03.tif,002,3,True,86e3800b5681addb64f2126a0bef6c984f93ef0525cd49f8bb7d19ca8ca43655,86e3800b5681addb64f2126a0bef6c984f93ef0525cd49f8bb7d19ca8ca43655,True,0,0,4096,3000,Mono8,4096,3000,uint8,True,True,1715,True,False,dynamic_range_low,,,
obs_10mm,laser 002_04.tif,002,4,True,286c536f05326e167a396ba5dac236d9496bf9eec90c21aefe25ae78ba2a0d17,286c536f05326e167a396ba5dac236d9496bf9eec90c21aefe25ae78ba2a0d17,True,0,0,4096,3000,Mono8,4096,3000,uint8,True,True,1709,True,False,dynamic_range_low,,,
obs_10mm,laser 002_05.tif,002,5,True,c336f343afc656f319db2af025179b6efd5f926b0d980438263c51966844afbb,c336f343afc656f319db2af025179b6efd5f926b0d980438263c51966844afbb,True,0,0,4096,3000,Mono8,4096,3000,uint8,True,True,1714,True,False,dynamic_range_low,,,
obs_10mm,laser 003.tif,003,1,True,e42a058b07e1b7c4f2480757065041f41e1135a42614c0e3a0319c9981f0ca4b,e42a058b07e1b7c4f2480757065041f41e1135a42614c0e3a0319c9981f0ca4b,True,0,0,4096,3000,Mono8,4096,3000,uint8,True,True,1700,True,False,dynamic_range_low,,,
obs_10mm,laser 003_02.tif,003,2,True,eeb12e8f069eb35a7c43bc44de9f8f632e4cb445a4199f03f39116fff58893f1,eeb12e8f069eb35a7c43bc44de9f8f632e4cb445a4199f03f39116fff58893f1,True,0,0,4096,3000,Mono8,4096,3000,uint8,True,True,1698,True,False,dynamic_range_low,,,
obs_10mm,laser 003_03.tif,003,3,True,56dce09f65ebbb0edae0771ea62eec61eb6c865b4f01cdf28a5f0eaf5dee9826,56dce09f65ebbb0edae0771ea62eec61eb6c865b4f01cdf28a5f0eaf5dee9826,True,0,0,4096,3000,Mono8,4096,3000,uint8,True,True,1696,True,False,dynamic_range_low,,,
obs_10mm,laser 003_04.tif,003,4,True,127306dc4a672534bff7b4d6286fa8b57451e06cb947cdef183875fe43057a8a,127306dc4a672534bff7b4d6286fa8b57451e06cb947cdef183875fe43057a8a,True,0,0,4096,3000,Mono8,4096,3000,uint8,True,True,1705,True,False,dynamic_range_low,,,
obs_10mm,laser 003_05.tif,003,5,True,9a4ab6b2923e532c1c66915aa021a9b66a9d766175dbdf9b5bece43562604eee,9a4ab6b2923e532c1c66915aa021a9b66a9d766175dbdf9b5bece43562604eee,True,0,0,4096,3000,Mono8,4096,3000,uint8,True,True,1704,True,False,dynamic_range_low,,,
obs_10mm,laser 004.tif,004,1,True,64a7173bc88e66f3bbe3eb42d28b5bc1e95b674659495ab22a57eba8e0678f66,64a7173bc88e66f3bbe3eb42d28b5bc1e95b674659495ab22a57eba8e0678f66,True,0,0,4096,3000,Mono8,4096,3000,uint8,True,True,1733,True,False,dynamic_range_low,,,
obs_10mm,laser 004_02.tif,004,2,True,ee0897ab59fc769fb3e8b261e16b2a038e846990bc823f9d43d269f490ad6e3b,ee0897ab59fc769fb3e8b261e16b2a038e846990bc823f9d43d269f490ad6e3b,True,0,0,4096,3000,Mono8,4096,3000,uint8,True,True,1726,True,False,dynamic_range_low,,,
obs_10mm,laser 004_03.tif,004,3,True,17cd6395ea0f8f90b1e43cdab30b45d46e494bf1b047f5472cec7951fb39af10,17cd6395ea0f8f90b1e43cdab30b45d46e494bf1b047f5472cec7951fb39af10,True,0,0,4096,3000,Mono8,4096,3000,uint8,True,True,1730,True,False,dynamic_range_low,,,
obs_10mm,laser 004_04.tif,004,4,True,3947c98eb703e339677236ba868e68357a6f53e2dbdd4902c7aec030b7fb4139,3947c98eb703e339677236ba868e68357a6f53e2dbdd4902c7aec030b7fb4139,True,0,0,4096,3000,Mono8,4096,3000,uint8,True,True,1726,True,False,dynamic_range_low,,,
obs_10mm,laser 004_05.tif,004,5,True,7feaa0dafeab24398892a8dec822e669e73635e408daa3725de10165dd4dbd66,7feaa0dafeab24398892a8dec822e669e73635e408daa3725de10165dd4dbd66,True,0,0,4096,3000,Mono8,4096,3000,uint8,True,True,1723,True,False,dynamic_range_low,,,
obs_10mm,laser 005.tif,005,1,True,26c1086048b3148e81cb49d17eb6e9a82b5c55a86bdf7706b357fc2d3c1b5931,26c1086048b3148e81cb49d17eb6e9a82b5c55a86bdf7706b357fc2d3c1b5931,True,0,0,4096,3000,Mono8,4096,3000,uint8,True,True,1746,True,False,dynamic_range_low,,,
obs_10mm,laser 005_02.tif,005,2,True,73a9ad970559a89eb8b34634f626bb26b765604d043d799efa3278f039f9a95c,73a9ad970559a89eb8b34634f626bb26b765604d043d799efa3278f039f9a95c,True,0,0,4096,3000,Mono8,4096,3000,uint8,True,True,1747,True,False,dynamic_range_low,,,
obs_10mm,laser 005_03.tif,005,3,True,9074c2ade255b0a56e49e5b7266c66439d16f7f286ceef26cd94a378010beee6,9074c2ade255b0a56e49e5b7266c66439d16f7f286ceef26cd94a378010beee6,True,0,0,4096,3000,Mono8,4096,3000,uint8,True,True,1748,True,False,dynamic_range_low,,,
obs_10mm,laser 005_04.tif,005,4,True,0437a637a6f4272fa5ff7551f66c48924eb1564654f80f585efcd5b616481f85,0437a637a6f4272fa5ff7551f66c48924eb1564654f80f585efcd5b616481f85,True,0,0,4096,3000,Mono8,4096,3000,uint8,True,True,1746,True,False,dynamic_range_low,,,
obs_10mm,laser 005_05.tif,005,5,True,ef2db39aff91d55eca24111e6a7ceca30a38868921f4750e0adfedb316f5d0d7,ef2db39aff91d55eca24111e6a7ceca30a38868921f4750e0adfedb316f5d0d7,True,0,0,4096,3000,Mono8,4096,3000,uint8,True,True,1746,True,False,dynamic_range_low,,,
obs_10mm,__dataset_summary__,,,True,,,True,,,,,,,,,True,True,,True,,,0,,"{""exists"": true, ""dataset_id"": ""obs_10mm"", ""created_at"": ""2026-08-19T00:38:19.223+00:00"", ""frame_count"": null, ""image_format"": null, ""image_width"": null, ""image_height"": null, ""quality_passed"": null, ""quality_warnings"": null, ""task_count"": null}"
obs_20mm,laser 001.tif,001,1,True,b5e81e206ebdb036f1db3cfe355622871736cc925387290376aa150c69162a33,b5e81e206ebdb036f1db3cfe355622871736cc925387290376aa150c69162a33,True,0,0,4096,3000,Mono8,4096,3000,uint8,True,True,1749,True,False,dynamic_range_low,,,
obs_20mm,laser 001_02.tif,001,2,True,3781290169f1b5901402981197a01167a8b0a159abe96b44ab36950aa1021d61,3781290169f1b5901402981197a01167a8b0a159abe96b44ab36950aa1021d61,True,0,0,4096,3000,Mono8,4096,3000,uint8,True,True,1755,True,False,dynamic_range_low,,,
obs_20mm,laser 001_03.tif,001,3,True,2760b3121e995e13ca4d601e4b28a63fb85ddbcd84dfde5a0ad505a53dc6c5bf,2760b3121e995e13ca4d601e4b28a63fb85ddbcd84dfde5a0ad505a53dc6c5bf,True,0,0,4096,3000,Mono8,4096,3000,uint8,True,True,1752,True,False,dynamic_range_low,,,
obs_20mm,laser 001_04.tif,001,4,True,0a05b1a42717c62046585be0ddb9eb2685ead5a7762b03c321795efb295b9716,0a05b1a42717c62046585be0ddb9eb2685ead5a7762b03c321795efb295b9716,True,0,0,4096,3000,Mono8,4096,3000,uint8,True,True,1754,True,False,dynamic_range_low,,,
obs_20mm,laser 001_05.tif,001,5,True,115db8d2a66ec9809b3f9f782cc079068d1f48548f8656eeb21b4b892c627c62,115db8d2a66ec9809b3f9f782cc079068d1f48548f8656eeb21b4b892c627c62,True,0,0,4096,3000,Mono8,4096,3000,uint8,True,True,1752,True,False,dynamic_range_low,,,
obs_20mm,laser 002.tif,002,1,True,cca702ded3c2e0404e649e702b870538a9fe78b7ff43a5bf733d47d670f641b3,cca702ded3c2e0404e649e702b870538a9fe78b7ff43a5bf733d47d670f641b3,True,0,0,4096,3000,Mono8,4096,3000,uint8,True,True,1760,True,False,dynamic_range_low,,,
obs_20mm,laser 002_02.tif,002,2,True,c5961705c69a87c5eb9d5171b12702c8a2e8916d972d7bad77a79db3943ea8e1,c5961705c69a87c5eb9d5171b12702c8a2e8916d972d7bad77a79db3943ea8e1,True,0,0,4096,3000,Mono8,4096,3000,uint8,True,True,1761,True,False,dynamic_range_low,,,
obs_20mm,laser 002_03.tif,002,3,True,97186191a08ecf86c33474d650e798c108c5e7c3578b0e82165bfb80e8df6dd9,97186191a08ecf86c33474d650e798c108c5e7c3578b0e82165bfb80e8df6dd9,True,0,0,4096,3000,Mono8,4096,3000,uint8,True,True,1754,True,False,dynamic_range_low,,,
obs_20mm,laser 002_04.tif,002,4,True,ce727af6f43160766f65bcd4f5b732e2efb13fd519e225515d628af12ec5efa1,ce727af6f43160766f65bcd4f5b732e2efb13fd519e225515d628af12ec5efa1,True,0,0,4096,3000,Mono8,4096,3000,uint8,True,True,1757,True,False,dynamic_range_low,,,
obs_20mm,laser 002_05.tif,002,5,True,10e55d779ea6957f0f663f40156507a4eae263cfb04d262357f82308482b5c17,10e55d779ea6957f0f663f40156507a4eae263cfb04d262357f82308482b5c17,True,0,0,4096,3000,Mono8,4096,3000,uint8,True,True,1760,True,False,dynamic_range_low,,,
obs_20mm,laser 003.tif,003,1,True,46680cbc139c44d16596a142fbd42afdb4608c3458fa10cb57968243860dff91,46680cbc139c44d16596a142fbd42afdb4608c3458fa10cb57968243860dff91,True,0,0,4096,3000,Mono8,4096,3000,uint8,True,True,1766,True,False,dynamic_range_low,,,
obs_20mm,laser 003_02.tif,003,2,True,d12d4f9981103c6738270886af751bc9f4895e09b1c723f77c989dac54551a82,d12d4f9981103c6738270886af751bc9f4895e09b1c723f77c989dac54551a82,True,0,0,4096,3000,Mono8,4096,3000,uint8,True,True,1765,True,False,dynamic_range_low,,,
obs_20mm,laser 003_03.tif,003,3,True,f16f2c506d41ac6b815b7d100fcd0770f0ae47414fe5ce1efb43678d39ef4838,f16f2c506d41ac6b815b7d100fcd0770f0ae47414fe5ce1efb43678d39ef4838,True,0,0,4096,3000,Mono8,4096,3000,uint8,True,True,1763,True,False,dynamic_range_low,,,
obs_20mm,laser 003_04.tif,003,4,True,1313e162a5aa09ecf3781a2e331355946c2b553f1db340a1b6fd084a4d1f7b07,1313e162a5aa09ecf3781a2e331355946c2b553f1db340a1b6fd084a4d1f7b07,True,0,0,4096,3000,Mono8,4096,3000,uint8,True,True,1769,True,False,dynamic_range_low,,,
obs_20mm,laser 003_05.tif,003,5,True,7d7e1136ed45f9fb95d2e528ae4aedc2402cc700455f819fd2bd2c843095fc12,7d7e1136ed45f9fb95d2e528ae4aedc2402cc700455f819fd2bd2c843095fc12,True,0,0,4096,3000,Mono8,4096,3000,uint8,True,True,1770,True,False,dynamic_range_low,,,
obs_20mm,laser 004.tif,004,1,True,2e711f1a339e6ff3dd291b75a157d660bc06e9c15b1f56dcec7c79362211dc41,2e711f1a339e6ff3dd291b75a157d660bc06e9c15b1f56dcec7c79362211dc41,True,0,0,4096,3000,Mono8,4096,3000,uint8,True,True,1779,True,False,dynamic_range_low,,,
obs_20mm,laser 004_02.tif,004,2,True,d9448f8d34c1c266a1e7b46f731321a89998decdecb350cc23052601f8de2f07,d9448f8d34c1c266a1e7b46f731321a89998decdecb350cc23052601f8de2f07,True,0,0,4096,3000,Mono8,4096,3000,uint8,True,True,1775,True,False,dynamic_range_low,,,
obs_20mm,laser 004_03.tif,004,3,True,9a008498085ab398ce2ef63d5c8eab9408fe836158ef8ec3fe113e8afcef2e1d,9a008498085ab398ce2ef63d5c8eab9408fe836158ef8ec3fe113e8afcef2e1d,True,0,0,4096,3000,Mono8,4096,3000,uint8,True,True,1779,True,False,dynamic_range_low,,,
obs_20mm,laser 004_04.tif,004,4,True,459c911505f9496624c30663e226565c6843d4927f12d8e8e8cbdcaf59ac46b3,459c911505f9496624c30663e226565c6843d4927f12d8e8e8cbdcaf59ac46b3,True,0,0,4096,3000,Mono8,4096,3000,uint8,True,True,1775,True,False,dynamic_range_low,,,
obs_20mm,laser 004_05.tif,004,5,True,f86ae2fed000f572e4705dfdca6b7005a0ea3ccfdfb0e53f2784b120ada5c989,f86ae2fed000f572e4705dfdca6b7005a0ea3ccfdfb0e53f2784b120ada5c989,True,0,0,4096,3000,Mono8,4096,3000,uint8,True,True,1776,True,False,dynamic_range_low,,,
obs_20mm,laser 005.tif,005,1,True,4609c5328a6c05486e930599530e9eb47f738d05623d04e453426e9b88a646f3,4609c5328a6c05486e930599530e9eb47f738d05623d04e453426e9b88a646f3,True,0,0,4096,3000,Mono8,4096,3000,uint8,True,True,1758,True,False,dynamic_range_low,,,
obs_20mm,laser 005_02.tif,005,2,True,148e8d73638e05b77c17a7241300eb1ab32e8904728685799a762c9ff9975db4,148e8d73638e05b77c17a7241300eb1ab32e8904728685799a762c9ff9975db4,True,0,0,4096,3000,Mono8,4096,3000,uint8,True,True,1756,True,False,dynamic_range_low,,,
obs_20mm,laser 005_03.tif,005,3,True,e1bcb140ce9657c39514989d193e5c99c58404892a39265bb4c16c98feec03e2,e1bcb140ce9657c39514989d193e5c99c58404892a39265bb4c16c98feec03e2,True,0,0,4096,3000,Mono8,4096,3000,uint8,True,True,1758,True,False,dynamic_range_low,,,
obs_20mm,laser 005_04.tif,005,4,True,dbf06c2ec323e60defe31e718bc83b4194a471b2091d79342c0ebdae0fde0031,dbf06c2ec323e60defe31e718bc83b4194a471b2091d79342c0ebdae0fde0031,True,0,0,4096,3000,Mono8,4096,3000,uint8,True,True,1756,True,False,dynamic_range_low,,,
obs_20mm,laser 005_05.tif,005,5,True,069970137a59f14c993a5c0431166e8bea2fa0e9fbf32436ac200fc99a79d8fc,069970137a59f14c993a5c0431166e8bea2fa0e9fbf32436ac200fc99a79d8fc,True,0,0,4096,3000,Mono8,4096,3000,uint8,True,True,1755,True,False,dynamic_range_low,,,
obs_20mm,__dataset_summary__,,,True,,,True,,,,,,,,,True,True,,True,,,0,,"{""exists"": true, ""dataset_id"": ""obs_200mm"", ""created_at"": ""2026-08-19T00:31:04.562+00:00"", ""frame_count"": null, ""image_format"": null, ""image_width"": null, ""image_height"": null, ""quality_passed"": null, ""quality_warnings"": null, ""task_count"": null}"
obs_30mm,laser 001.tif,001,1,True,ac043fdeba96a4dd10414bf74971b46823a091204e62678cc788aa8e49b8a5a9,ac043fdeba96a4dd10414bf74971b46823a091204e62678cc788aa8e49b8a5a9,True,0,0,4096,3000,Mono8,4096,3000,uint8,True,True,1777,True,False,dynamic_range_low,,,
obs_30mm,laser 001_02.tif,001,2,True,e25d19e1a659510b0a0f4caaf7f797563a3155618faa2285cc2940bc0e4ae495,e25d19e1a659510b0a0f4caaf7f797563a3155618faa2285cc2940bc0e4ae495,True,0,0,4096,3000,Mono8,4096,3000,uint8,True,True,1775,True,False,dynamic_range_low,,,
obs_30mm,laser 001_03.tif,001,3,True,e671781f1c98381b854ff6f9a074f8513eef1f54d6ceb08b0ec11b722a5cfe5a,e671781f1c98381b854ff6f9a074f8513eef1f54d6ceb08b0ec11b722a5cfe5a,True,0,0,4096,3000,Mono8,4096,3000,uint8,True,True,1779,True,False,dynamic_range_low,,,
obs_30mm,laser 001_04.tif,001,4,True,ad937a234af610ad3a3af1522efa579915a6263d7a7cef5e64477ca440521ff5,ad937a234af610ad3a3af1522efa579915a6263d7a7cef5e64477ca440521ff5,True,0,0,4096,3000,Mono8,4096,3000,uint8,True,True,1777,True,False,dynamic_range_low,,,
obs_30mm,laser 001_05.tif,001,5,True,ce88e4dfd3b4c9f0654b0cd26c0fb3c45bbb2e85aa328689920715fde9216910,ce88e4dfd3b4c9f0654b0cd26c0fb3c45bbb2e85aa328689920715fde9216910,True,0,0,4096,3000,Mono8,4096,3000,uint8,True,True,1777,True,False,dynamic_range_low,,,
obs_30mm,laser 002.tif,002,1,True,eeb495f164e9970c6db30893e0805f34ccf72d938b5c563f1515ec64dcce15d3,eeb495f164e9970c6db30893e0805f34ccf72d938b5c563f1515ec64dcce15d3,True,0,0,4096,3000,Mono8,4096,3000,uint8,True,True,1781,True,False,dynamic_range_low,,,
obs_30mm,laser 002_02.tif,002,2,True,0fe77230719b7e4a076309cf4566741afc65284f6cb7a9db0648ecbf7d29be23,0fe77230719b7e4a076309cf4566741afc65284f6cb7a9db0648ecbf7d29be23,True,0,0,4096,3000,Mono8,4096,3000,uint8,True,True,1783,True,False,dynamic_range_low,,,
obs_30mm,laser 002_03.tif,002,3,True,4d8cd84056b58dbba60925d1f7e83a4453debe736521793df339a34a07a81f00,4d8cd84056b58dbba60925d1f7e83a4453debe736521793df339a34a07a81f00,True,0,0,4096,3000,Mono8,4096,3000,uint8,True,True,1782,True,False,dynamic_range_low,,,
obs_30mm,laser 002_04.tif,002,4,True,b17ac3ff41c17ebc854eec58e93f0f99379919a1765f9d9cfa08c8668e0162bb,b17ac3ff41c17ebc854eec58e93f0f99379919a1765f9d9cfa08c8668e0162bb,True,0,0,4096,3000,Mono8,4096,3000,uint8,True,True,1782,True,False,dynamic_range_low,,,
obs_30mm,laser 002_05.tif,002,5,True,0b9292ef3617f06371f6a7b2499d6b2aa4fc86c46bd2a25b70d6c8c48497c0c6,0b9292ef3617f06371f6a7b2499d6b2aa4fc86c46bd2a25b70d6c8c48497c0c6,True,0,0,4096,3000,Mono8,4096,3000,uint8,True,True,1782,True,False,dynamic_range_low,,,
obs_30mm,laser 003.tif,003,1,True,f7a9e6d383ca999c161990720b307412350c4171eaaf979c977d78a57602907e,f7a9e6d383ca999c161990720b307412350c4171eaaf979c977d78a57602907e,True,0,0,4096,3000,Mono8,4096,3000,uint8,True,True,1743,True,False,dynamic_range_low,,,
obs_30mm,laser 003_02.tif,003,2,True,7f2e37741a9ad87d78b0b97e792aacfdae3102906ec3c9da4f25fd583c5012f2,7f2e37741a9ad87d78b0b97e792aacfdae3102906ec3c9da4f25fd583c5012f2,True,0,0,4096,3000,Mono8,4096,3000,uint8,True,True,1745,True,False,dynamic_range_low,,,
obs_30mm,laser 003_03.tif,003,3,True,b306b13be72035cb22fd493ad6a85538e11df9b1869f4eab70f803f54649aad2,b306b13be72035cb22fd493ad6a85538e11df9b1869f4eab70f803f54649aad2,True,0,0,4096,3000,Mono8,4096,3000,uint8,True,True,1743,True,False,dynamic_range_low,,,
obs_30mm,laser 003_04.tif,003,4,True,f73b5023d594fef89a4ec6da1eddd72fa31c35b5f1c13e4c7a3667079e899b88,f73b5023d594fef89a4ec6da1eddd72fa31c35b5f1c13e4c7a3667079e899b88,True,0,0,4096,3000,Mono8,4096,3000,uint8,True,True,1743,True,False,dynamic_range_low,,,
obs_30mm,laser 003_05.tif,003,5,True,28c090c966a2b21ac7d65c90cdf628a793f1749c39911442a2a95d9394ddc91e,28c090c966a2b21ac7d65c90cdf628a793f1749c39911442a2a95d9394ddc91e,True,0,0,4096,3000,Mono8,4096,3000,uint8,True,True,1744,True,False,dynamic_range_low,,,
obs_30mm,laser 004.tif,004,1,True,f33bfd928fcac9c3329d3ec615e6fa5e470ac0b26a8dfdf39a75f4775d758e6c,f33bfd928fcac9c3329d3ec615e6fa5e470ac0b26a8dfdf39a75f4775d758e6c,True,0,0,4096,3000,Mono8,4096,3000,uint8,True,True,1734,True,False,dynamic_range_low,,,
obs_30mm,laser 004_02.tif,004,2,True,5f76801c7a55eb9735e46d831203a99e0bc93fe4128743c901169cafee14505d,5f76801c7a55eb9735e46d831203a99e0bc93fe4128743c901169cafee14505d,True,0,0,4096,3000,Mono8,4096,3000,uint8,True,True,1734,True,False,dynamic_range_low,,,
obs_30mm,laser 004_03.tif,004,3,True,26c988d35355ef560903b5df2664d5c34419a0ef969cc15b529fe7ccada66c35,26c988d35355ef560903b5df2664d5c34419a0ef969cc15b529fe7ccada66c35,True,0,0,4096,3000,Mono8,4096,3000,uint8,True,True,1733,True,False,dynamic_range_low,,,
obs_30mm,laser 004_04.tif,004,4,True,41039e0475d7e24b9395799d3e0dc6a975484f57adae7dd635bcb9a0f711f384,41039e0475d7e24b9395799d3e0dc6a975484f57adae7dd635bcb9a0f711f384,True,0,0,4096,3000,Mono8,4096,3000,uint8,True,True,1734,True,False,dynamic_range_low,,,
obs_30mm,laser 004_05.tif,004,5,True,42be04da822d393e2918886993186b58dbc1a957208a076843b2223f73118e70,42be04da822d393e2918886993186b58dbc1a957208a076843b2223f73118e70,True,0,0,4096,3000,Mono8,4096,3000,uint8,True,True,1734,True,False,dynamic_range_low,,,
obs_30mm,laser 005.tif,005,1,True,421243cb9e38c110744c1f7c99f2ec5cf3098d93f95fc0983c48838b7c950c31,421243cb9e38c110744c1f7c99f2ec5cf3098d93f95fc0983c48838b7c950c31,True,0,0,4096,3000,Mono8,4096,3000,uint8,True,True,1663,True,False,dynamic_range_low,,,
obs_30mm,laser 005_02.tif,005,2,True,916cd55788499584101af92b8b331264175cf870d945e19112e7de7992083e4d,916cd55788499584101af92b8b331264175cf870d945e19112e7de7992083e4d,True,0,0,4096,3000,Mono8,4096,3000,uint8,True,True,1653,True,False,dynamic_range_low,,,
obs_30mm,laser 005_03.tif,005,3,True,971749a3000f0f773f6ff639ac6c866c584e1981d6ef27a03cbeb7d4e9ebbb55,971749a3000f0f773f6ff639ac6c866c584e1981d6ef27a03cbeb7d4e9ebbb55,True,0,0,4096,3000,Mono8,4096,3000,uint8,True,True,1662,True,False,dynamic_range_low,,,
obs_30mm,laser 005_04.tif,005,4,True,26fa3587a63160480529ec65a9c235a563f407ced56fbca36a8837210ef639dd,26fa3587a63160480529ec65a9c235a563f407ced56fbca36a8837210ef639dd,True,0,0,4096,3000,Mono8,4096,3000,uint8,True,True,1662,True,False,dynamic_range_low,,,
obs_30mm,laser 005_05.tif,005,5,True,b9e133ccb5a2eb5bef74394d92a0d66e185bb8c2158b1c6604f1447df08d7d36,b9e133ccb5a2eb5bef74394d92a0d66e185bb8c2158b1c6604f1447df08d7d36,True,0,0,4096,3000,Mono8,4096,3000,uint8,True,True,1660,True,False,dynamic_range_low,,,
obs_30mm,__dataset_summary__,,,True,,,True,,,,,,,,,True,True,,True,,,0,,"{""exists"": true, ""dataset_id"": ""obs_30mm"", ""created_at"": ""2026-08-19T00:35:10.457+00:00"", ""frame_count"": null, ""image_format"": null, ""image_width"": null, ""image_height"": null, ""quality_passed"": null, ""quality_warnings"": null, ""task_count"": null}"
