dataset,height_truth_mm,position_rank,model,mode,repeat_count,measured_mean_mm,measured_median_mm,repeatability_sigma_mm,signed_error_mm,abs_error_mm,repeat_errors_json,status,pass_0p2mm
obs_1mm,1.001,1,C0,local_adjacent,5,0.988802693783286,0.989250276951467,0.00266397054508459,-0.0121973062167137,0.0121973062167137,"[-0.013157896142991676, -0.01602182735420077, -0.011299340543203806, -0.008757743994639466, -0.011749723048532945]",success,True
obs_1mm,1.001,1,C0,all_non_height,5,1.10615238593588,1.10686936761394,0.00356958333346644,0.105152385935879,0.105152385935879,"[0.10353332648525182, 0.10035487800078102, 0.10586936761394039, 0.11007263326398387, 0.10593172431543785]",success,True
obs_1mm,1.001,1,C0,fixed_zg_zero,5,0.990575231261171,0.990571506259656,0.00270275054963713,-0.0104247687388285,0.0104247687388285,"[-0.011794261650994398, -0.013974563617735747, -0.009108872717363492, -0.006817651967704674, -0.010428493740344269]",success,True
obs_1mm,1.001,1,C1,local_adjacent,5,1.00924469168234,1.00979320963731,0.00280920172024721,0.0082446916823411,0.0082446916823411,"[0.00749067507076151, 0.004063245318349562, 0.009098405404489363, 0.011777922980795275, 0.008793209637309785]",success,True
obs_1mm,1.001,1,C1,all_non_height,5,1.0554108721992,1.05516090585767,0.00262416774347746,0.054410872199202,0.054410872199202,"[0.053444304469113746, 0.050858251572580615, 0.055665237742879015, 0.05792566135376376, 0.05416090585767286]",success,True
obs_1mm,1.001,1,C1,fixed_zg_zero,5,0.923816039206406,0.923843093348179,0.00275370524059177,-0.0771839607935939,0.0771839607935939,"[-0.0785226888183368, -0.08085690671250101, -0.0758372722414401, -0.07354602954387068, -0.07715690665182051]",success,True
obs_1mm,1.001,2,C0,local_adjacent,5,0.962100617197195,0.963290901093589,0.0028397919112461,-0.0388993828028051,0.0388993828028051,"[-0.03770909890641094, -0.039733046281948736, -0.0368638370156541, -0.03669390555570251, -0.04349702625431007]",success,True
obs_1mm,1.001,2,C0,all_non_height,5,0.907767494353944,0.908975580411624,0.00281119671928407,-0.0932325056460559,0.0932325056460559,"[-0.09202441958837626, -0.09350075916911538, -0.09116125182296264, -0.09147795195701314, -0.09799814569281229]",success,True
obs_1mm,1.001,2,C0,fixed_zg_zero,5,0.820081887990324,0.82231256389116,0.00477641130584765,-0.180918112009676,0.180918112009676,"[-0.17796482966742178, -0.1786874361088402, -0.17652692388227653, -0.18321225571882838, -0.18819911467101458]",success,True
obs_1mm,1.001,2,C1,local_adjacent,5,0.964010514339685,0.964784469975439,0.00277437913840668,-0.0369894856603149,0.0369894856603149,"[-0.03621553002456068, -0.037863435817315216, -0.03496362973399625, -0.034526970486655095, -0.041377862239046825]",success,True
obs_1mm,1.001,2,C1,all_non_height,5,0.947563884579878,0.948130305763983,0.00261036249407729,-0.0534361154201215,0.0534361154201215,"[-0.052869694236017284, -0.05427536783855236, -0.051034502258448966, -0.05148411866030134, -0.057516894107287775]",success,True
obs_1mm,1.001,2,C1,fixed_zg_zero,5,0.847257209749566,0.849482124047632,0.00472162946228515,-0.153742790250434,0.153742790250434,"[-0.15084981746559756, -0.1515178759523682, -0.1494042210324078, -0.15598906975078097, -0.16095296705101603]",success,True
obs_1mm,1.001,3,C0,local_adjacent,5,1.0164430161584,1.01622501741006,0.00127482468247513,0.0154430161583963,0.0154430161583963,"[0.017290831778176807, 0.015994071997549986, 0.014775072665427214, 0.013930086940771247, 0.01522501741005633]",success,True
obs_1mm,1.001,3,C0,all_non_height,5,1.00558957344951,1.00530674452945,0.00254066805648851,0.00458957344951028,0.00458957344951028,"[0.007265641435584058, 0.007085508227916426, 0.004306744529450679, 0.0016994846920659334, 0.0025904883625342823]",success,True
obs_1mm,1.001,3,C0,fixed_zg_zero,5,0.908867707326619,0.909158116911385,0.00147736902917503,-0.0921322926733812,0.0921322926733812,"[-0.09058293531642736, -0.09094010813195252, -0.09331065756791113, -0.09398587926200042, -0.09184188308861474]",success,True
obs_1mm,1.001,3,C1,local_adjacent,5,1.01446247758884,1.01424085457123,0.00105282083971183,0.0134624775888355,0.0134624775888355,"[0.01513213783981504, 0.013613777365903745, 0.013046875293706739, 0.012278742873523818, 0.013240854571227256]",success,True
obs_1mm,1.001,3,C1,all_non_height,5,1.00018450537704,1.00055799481885,0.00122138596643454,-0.000815494622958823,0.000815494622958823,"[0.0006601572284379298, -0.00017416290298655213, -0.0017984739307799202, -0.0023229883283160113, -0.0004420051811486747]",success,True
obs_1mm,1.001,3,C1,fixed_zg_zero,5,0.904174072550331,0.904482347065744,0.00147155604642713,-0.0968259274496688,0.0968259274496688,"[-0.09529125205489553, -0.09563991684951134, -0.09801046451530993, -0.0986703508943707, -0.09651765293425618]",success,True
obs_1mm,1.001,4,C0,local_adjacent,5,0.947879722773077,0.947916917629658,0.00221143100050857,-0.0531202772269226,0.0531202772269226,"[-0.04995604596430592, -0.05615430122783138, -0.05308308237034143, -0.05279860687200966, -0.053609349700124875]",success,True
obs_1mm,1.001,4,C0,all_non_height,5,0.95328495761765,0.953196750595074,0.00222031544010549,-0.0477150423823495,0.0477150423823495,"[-0.04451744660207968, -0.05075089281294809, -0.04780324940492631, -0.047385948469247374, -0.0481176746225459]",success,True
obs_1mm,1.001,4,C0,fixed_zg_zero,5,0.896784006020547,0.897220576895143,0.00238251448187454,-0.104215993979453,0.104215993979453,"[-0.10197690037902463, -0.10787970977941308, -0.1050618247593158, -0.10377942310485733, -0.10238211187465385]",success,True
obs_1mm,1.001,4,C1,local_adjacent,5,0.945397369365119,0.945494767771016,0.00226643611757229,-0.0556026306348811,0.0556026306348811,"[-0.052476859510209084, -0.058877585107562025, -0.0554347320220705, -0.0555052322289834, -0.05571874430558066]",success,True
obs_1mm,1.001,4,C1,all_non_height,5,0.935061451222467,0.935299604001702,0.00180489677597532,-0.0659385487775327,0.0659385487775327,"[-0.06374754774473268, -0.06866673490613118, -0.06570039599829769, -0.06520349974217887, -0.06637456549632281]",success,True
obs_1mm,1.001,4,C1,fixed_zg_zero,5,0.880338452622215,0.880775861270756,0.00238243912360239,-0.120661547377785,0.120661547377785,"[-0.11842187686973815, -0.12432509173950779, -0.12150781100691654, -0.12022413872924365, -0.11882881854351901]",success,True
obs_1mm,1.001,5,C0,local_adjacent,5,0.980882321425413,0.980291067880131,0.00127835766366928,-0.0201176785745866,0.0201176785745866,"[-0.019653768166740138, -0.01810924072421216, -0.021348844568957914, -0.020708932119868795, -0.02076760729315341]",success,True
obs_1mm,1.001,5,C0,all_non_height,5,0.929364913034651,0.929468547134105,0.000749481817637763,-0.071635086965349,0.071635086965349,"[-0.07254864423552065, -0.07054682570063653, -0.07207301715428704, -0.07147549487040583, -0.0715314528658948]",success,True
obs_1mm,1.001,5,C0,fixed_zg_zero,5,0.898134763877062,0.898308596879203,0.000809252703811544,-0.102865236122938,0.102865236122938,"[-0.10269140312079672, -0.10212014222210342, -0.10383001161682348, -0.10358471809111613, -0.10209990556384907]",success,True
obs_1mm,1.001,5,C1,local_adjacent,5,0.966179897892403,0.965579744486588,0.00143366052209558,-0.034820102107597,0.034820102107597,"[-0.034323327900415035, -0.032559017775077304, -0.03619409291830278, -0.03542025551341188, -0.035603816430778035]",success,True
obs_1mm,1.001,5,C1,all_non_height,5,0.970464552712653,0.970500908634496,0.00106354191631005,-0.0305354472873465,0.0305354472873465,"[-0.030479487868593336, -0.028946780239735515, -0.03191599335759576, -0.030499091365503994, -0.030835883605304093]",success,True
obs_1mm,1.001,5,C1,fixed_zg_zero,5,0.961594406803181,0.961939289693158,0.000942491180334163,-0.0394055931968194,0.0394055931968194,"[-0.03906071030684166, -0.038304129392833675, -0.040616468175945886, -0.04012625944052728, -0.03892039866794872]",success,True
obs_2mm,2,1,C0,local_adjacent,5,1.98791565046965,1.98839229480503,0.00164811477847533,-0.0120843495303458,0.0120843495303458,"[-0.01123291695678974, -0.011607705194970563, -0.01268396081164802, -0.014603592468078075, -0.010293572220243075]",success,True
obs_2mm,2,1,C0,all_non_height,5,2.09448082247726,2.09529264620487,0.00227679663964331,0.0944808224772644,0.0944808224772644,"[0.09556634641846218, 0.09529264620486844, 0.094543687096182, 0.090587588830636, 0.09641384383617346]",success,True
obs_2mm,2,1,C0,fixed_zg_zero,5,1.99515823363563,1.99611463020077,0.00220032192994224,-0.00484176636437117,0.00484176636437117,"[-0.0036795052286915375, -0.00407738343894537, -0.0038853697992320413, -0.008769235003710962, -0.0037973383512761583]",success,True
obs_2mm,2,1,C1,local_adjacent,5,2.00486609989073,2.00549142399604,0.00179251677744014,0.00486609989072573,0.00486609989072573,"[0.006031695910923673, 0.005304539176511636, 0.0054914239960375255, 0.0016989131118934075, 0.005803927258262842]",success,True
obs_2mm,2,1,C1,all_non_height,5,2.02721285829222,2.02638723799646,0.00171173290927987,0.0272128582922186,0.0272128582922186,"[0.028293753045458114, 0.02628764288267771, 0.026387237996460033, 0.025451438790593972, 0.029644218745903395]",success,True
obs_2mm,2,1,C1,fixed_zg_zero,5,1.93259571017789,1.93329850778199,0.00174266476878949,-0.067404289822107,0.067404289822107,"[-0.06641906390845076, -0.06690165713401375, -0.06670149221801092, -0.07050346428728105, -0.06649577156277986]",success,True
obs_2mm,2,2,C0,local_adjacent,5,1.9578458788779,1.95761413073667,0.00212839029212473,-0.0421541211221022,0.0421541211221022,"[-0.04482381039488348, -0.039007914211095285, -0.04298737117010587, -0.041565640571096685, -0.04238586926332921]",success,True
obs_2mm,2,2,C0,all_non_height,5,1.86564552565656,1.86654233355825,0.00197402513045185,-0.134354474343441,0.134354474343441,"[-0.13766370230382563, -0.13273400362653143, -0.13462645533423756, -0.13345766644174994, -0.13329054401086338]",success,True
obs_2mm,2,2,C0,fixed_zg_zero,5,1.82286436338416,1.82374169790299,0.00212524437461264,-0.177135636615844,0.177135636615844,"[-0.18064463111102924, -0.17532572374495836, -0.17755255459158925, -0.17589697153463124, -0.1762583020970101]",success,True
obs_2mm,2,2,C1,local_adjacent,5,1.96535876548187,1.96586908480731,0.00197888571412313,-0.0346412345181342,0.0346412345181342,"[-0.037603932299032694, -0.03222871507734704, -0.035255696964043404, -0.03398691305755608, -0.03413091519269207]",success,True
obs_2mm,2,2,C1,all_non_height,5,1.93195272480134,1.9330401911285,0.0025294378662846,-0.0680472751986643,0.0680472751986643,"[-0.07213679311814314, -0.06586324195493387, -0.06877424701719081, -0.06695980887150332, -0.06650228503155042]",success,True
obs_2mm,2,2,C1,fixed_zg_zero,5,1.86322904081992,1.86413230373385,0.00217687060472929,-0.136770959180077,0.136770959180077,"[-0.1403446848484673, -0.13493908808729316, -0.13726278732166142, -0.13544053937681166, -0.13586769626615092]",success,True
obs_2mm,2,3,C0,local_adjacent,5,1.94230306675717,1.94193641753586,0.00135479584491194,-0.0576969332428312,0.0576969332428312,"[-0.05926918974676654, -0.05851819664630464, -0.055962077926805076, -0.05667161943014554, -0.05806358246413512]",success,True
obs_2mm,2,3,C0,all_non_height,5,1.9375020605528,1.937169394083,0.00143735947045366,-0.0624979394472027,0.0624979394472027,"[-0.06433995847297536, -0.06307790117464784, -0.06055940658290471, -0.06168182508848297, -0.06283060591700362]",success,True
obs_2mm,2,3,C0,fixed_zg_zero,5,1.88466670391994,1.88395487294668,0.0014421686820535,-0.115333296080063,0.115333296080063,"[-0.11685096476447132, -0.11604512705331582, -0.11329307089323715, -0.11442350571968873, -0.11605381196960285]",success,True
obs_2mm,2,3,C1,local_adjacent,5,1.94175616890973,1.94141702740192,0.0013530979046376,-0.0582438310902684,0.0582438310902684,"[-0.05967572848142333, -0.05904324439206943, -0.05617902985825385, -0.057738180121518434, -0.05858297259807799]",success,True
obs_2mm,2,3,C1,all_non_height,5,1.92075447605978,1.92040826912241,0.00133057719681805,-0.0792455239402154,0.0792455239402154,"[-0.08083485000978574, -0.07983343403417131, -0.07731059911899774, -0.07865700566052913, -0.07959173087759308]",success,True
obs_2mm,2,3,C1,fixed_zg_zero,5,1.87432368373399,1.87363758170688,0.00142099028426938,-0.125676316266005,0.125676316266005,"[-0.12719407259545923, -0.12636812730747105, -0.12366657404066239, -0.12479038909330997, -0.12636241829312245]",success,True
obs_2mm,2,4,C0,local_adjacent,5,1.98212082529787,1.98174061321696,0.00392480766960326,-0.0178791747021307,0.0178791747021307,"[-0.023071744511059755, -0.01243402047910247, -0.019372805828139494, -0.016257915909312137, -0.0182593867830394]",success,True
obs_2mm,2,4,C0,all_non_height,5,2.02531929477218,2.02507342010103,0.00369882698132793,0.0253192947721805,0.0253192947721805,"[0.020560660792412477, 0.03035983371322004, 0.023482963024211934, 0.02711959623003324, 0.025073420101026755]",success,True
obs_2mm,2,4,C0,fixed_zg_zero,5,1.97509903558539,1.97499104434383,0.00390315234939193,-0.0249009644146081,0.0249009644146081,"[-0.03068935900945058, -0.020715699046504277, -0.02609976614058218, -0.021991042220330215, -0.025008955656173226]",success,True
obs_2mm,2,4,C1,local_adjacent,5,1.97652002046413,1.97659645042996,0.00375000088816132,-0.0234799795358733,0.0234799795358733,"[-0.028484351115024786, -0.018340530472545913, -0.025129129811945372, -0.022042336709806376, -0.023403549570043758]",success,True
obs_2mm,2,4,C1,all_non_height,5,1.99105456342488,1.99074569838307,0.00373291904217713,-0.00894543657511937,0.00894543657511937,"[-0.013833474774848309, -0.0038829169089256155, -0.010626427901779145, -0.007130061673114474, -0.009254301616928862]",success,True
obs_2mm,2,4,C1,fixed_zg_zero,5,1.96388327374471,1.9635516047628,0.00395267014164155,-0.0361167262552875,0.0361167262552875,"[-0.041969843969712706, -0.031879130766304664, -0.037176898260604, -0.03310936304261847, -0.03644839523719723]",success,True
obs_6mm,6,1,C0,local_adjacent,5,5.97794672659572,5.97682324797173,0.00265229280156653,-0.0220532734042811,0.0220532734042811,"[-0.02481775521362639, -0.01922722492806539, -0.019211074682526252, -0.02383356016891902, -0.023176752028267522]",success,True
obs_6mm,6,1,C0,all_non_height,5,6.05823426110229,6.05827467064034,0.00488330032306159,0.0582342611022915,0.0582342611022915,"[0.05571667167819605, 0.05827467064034142, 0.06410191051051761, 0.06148218562315311, 0.05159586705924912]",success,True
obs_6mm,6,1,C0,fixed_zg_zero,5,5.99723389420482,5.99594064328292,0.00256760343923231,-0.00276610579517644,0.00276610579517644,"[-0.004978037016199366, 4.262398610421769e-05, -1.9195483735856556e-06, -0.004059356717082352, -0.004833839680331131]",success,True
obs_6mm,6,1,C1,local_adjacent,5,5.99422691159118,5.99283139241794,0.00267045110236227,-0.00577308840881585,0.00577308840881585,"[-0.008430286253453545, -0.0026089964030262536, -0.003194442659712138, -0.007463109145820823, -0.007168607582064723]",success,True
obs_6mm,6,1,C1,all_non_height,5,6.02249923601707,6.02092253589627,0.00262609270003249,0.0224992360170733,0.0224992360170733,"[0.020163914323083176, 0.025400376603978536, 0.025319647868188966, 0.02092253589626747, 0.020689705393849955]",success,True
obs_6mm,6,1,C1,fixed_zg_zero,5,5.95825993706366,5.95628960696734,0.00278788795693721,-0.0417400629363369,0.0417400629363369,"[-0.04385459063756425, -0.038476861680557306, -0.03890541466574504, -0.043753054665165436, -0.043710393032656114]",success,True
obs_6mm,6,2,C0,local_adjacent,5,5.96374030686491,5.96252014093722,0.00272719525331446,-0.0362596931350945,0.0362596931350945,"[-0.03748201762205472, -0.03303149795828997, -0.03382079838143959, -0.03747985906278384, -0.0394842926509007]",success,True
obs_6mm,6,2,C0,all_non_height,5,5.93785851973881,5.93807705345705,0.0031646403788504,-0.0621414802611913,0.0621414802611913,"[-0.0642032213948962, -0.0584931828209907, -0.05981741620129366, -0.06192294654294628, -0.06627063434583125]",success,True
obs_6mm,6,2,C0,fixed_zg_zero,5,5.89642712108156,5.89457982857371,0.00436209420688691,-0.103572878918436,0.103572878918436,"[-0.10546821966134345, -0.09760316423384463, -0.1007501004113891, -0.10542017142628524, -0.10862273885931284]",success,True
obs_6mm,6,2,C1,local_adjacent,5,5.96450375580138,5.96311567866035,0.00255392821320229,-0.0354962441986197,0.0354962441986197,"[-0.036997496379318484, -0.03205146753105392, -0.03355035213957347, -0.036884321339654136, -0.037997583603495144]",success,True
obs_6mm,6,2,C1,all_non_height,5,5.94915805816042,5.94972776117076,0.00441566365220066,-0.0508419418395825,0.0508419418395825,"[-0.0502722388292387, -0.04487556729465769, -0.04920756318534014, -0.053192121774115364, -0.05666221811455596]",success,True
obs_6mm,6,2,C1,fixed_zg_zero,5,5.91748686082755,5.91572051590955,0.0042709032655197,-0.0825131391724474,0.0825131391724474,"[-0.08435912246584465, -0.07670982521645531, -0.07971272598924717, -0.08427948409044816, -0.0875045381002435]",success,True
obs_6mm,6,3,C0,local_adjacent,5,5.99212209874255,5.99253498957808,0.00254593158602489,-0.00787790125744969,0.00787790125744969,"[-0.006493362179218032, -0.004620041003724928, -0.009932254417474695, -0.01087883826491165, -0.007465010421916496]",success,True
obs_6mm,6,3,C0,all_non_height,5,5.96857686967464,5.9686920135533,0.00198305830083,-0.031423130325356,0.031423130325356,"[-0.030013211286384234, -0.0290056358993791, -0.03315692996092778, -0.03363188803338524, -0.03130798644670296]",success,True
obs_6mm,6,3,C0,fixed_zg_zero,5,5.93378382557006,5.93451264381963,0.00235401073751254,-0.0662161744299379,0.0662161744299379,"[-0.06548735618036794, -0.06330790215155968, -0.06829681089902095, -0.06894836151372807, -0.06504044140501275]",success,True
obs_6mm,6,3,C1,local_adjacent,5,5.98985547333121,5.99049545632895,0.00251391688457774,-0.010144526668789,0.010144526668789,"[-0.008758986267948465, -0.007113038794118509, -0.011975460901431312, -0.013370603709400797, -0.009504543671045695]",success,True
obs_6mm,6,3,C1,all_non_height,5,5.95867459459857,5.95788602095354,0.00173039378380334,-0.0413254054014338,0.0413254054014338,"[-0.04244928118805191, -0.0389082671517631, -0.042113979046464856, -0.043013401699166565, -0.04014209792172441]",success,True
obs_6mm,6,3,C1,fixed_zg_zero,5,5.92848684579106,5.92922208716559,0.00237120965233714,-0.0715131542089376,0.0715131542089376,"[-0.07077791283440771, -0.06858509903070686, -0.07360652694265557, -0.07426813059235116, -0.07032810164456649]",success,True
obs_6mm,6,4,C0,local_adjacent,5,6.01304937351766,6.01152349086618,0.00401430325667724,0.0130493735176644,0.0130493735176644,"[0.01044902913141943, 0.013623176880779297, 0.00988952890920114, 0.019761641800737806, 0.011523490866182762]",success,True
obs_6mm,6,4,C0,all_non_height,5,6.02536468122347,6.02376017651689,0.00380901245141874,0.0253646812234667,0.0253646812234667,"[0.023760176516885778, 0.025619452102938034, 0.022068243174361513, 0.031794773340199534, 0.023580760982949478]",success,True
obs_6mm,6,4,C0,fixed_zg_zero,5,6.01073500518191,6.00947824588987,0.00415185833534469,0.0107350051819077,0.0107350051819077,"[0.009478245889874337, 0.01075389568064189, 0.006978289396932347, 0.017748161659335793, 0.0087164332827534]",success,True
obs_6mm,6,4,C1,local_adjacent,5,6.00549262220505,6.00403814778086,0.00383537638114176,0.00549262220504509,0.00549262220504509,"[0.003891947973566623, 0.005504431368656526, 0.00203776218596996, 0.011990821716171496, 0.00403814778085998]",success,True
obs_6mm,6,4,C1,all_non_height,5,6.01961964177844,6.01788456594015,0.00398480585202153,0.019619641778438,0.019619641778438,"[0.01768109178735955, 0.019861311881530064, 0.016295843754273065, 0.026375395528874357, 0.017884565940152086]",success,True
obs_6mm,6,4,C1,fixed_zg_zero,5,5.99908726962611,5.99781122562816,0.00418575321202905,-0.000912730373890724,0.000912730373890724,"[-0.002188774371838953, -0.0009131235476615984, -0.004688732621449532, 0.006164976255012, -0.002937997583514651]",success,True
obs_6mm,6,5,C0,local_adjacent,5,5.94910036919788,5.94907044990515,0.00325844964712802,-0.0508996308021246,0.0508996308021246,"[-0.051424382570852245, -0.048875286674150864, -0.050929550094854115, -0.04733238770926462, -0.055936546961501854]",success,True
obs_6mm,6,5,C0,all_non_height,5,5.87259237699842,5.87234265928742,0.00293704616425647,-0.127407623001579,0.127407623001579,"[-0.12960609088482133, -0.12545283531990759, -0.1276573407125765, -0.12357857669442485, -0.1307432713961667]",success,True
obs_6mm,6,5,C0,fixed_zg_zero,5,5.89908422024126,5.90019575672178,0.00361134253330429,-0.100915779758743,0.100915779758743,"[-0.10337285242479766, -0.09903782335517164, -0.09980424327822046, -0.09664183545190763, -0.10572214428361626]",success,True
obs_6mm,6,5,C1,local_adjacent,5,5.93503439901079,5.93527739038937,0.003369955015465,-0.0649656009892112,0.0649656009892112,"[-0.06517465966427594, -0.0634974433799691, -0.06472260961063192, -0.061131888111302324, -0.07030140417987774]",success,True
obs_6mm,6,5,C1,all_non_height,5,5.94307062407849,5.94308499738316,0.0032407751181101,-0.056929375921511,0.056929375921511,"[-0.05788671212868657, -0.05563180697653447, -0.05691500261683924, -0.05267118368463031, -0.06154217420086283]",success,True
obs_6mm,6,5,C1,fixed_zg_zero,5,5.96736423354391,5.9680047429262,0.0034709846817823,-0.0326357664560861,0.0326357664560861,"[-0.03349905971730038, -0.031995257073801575, -0.03162304592826537, -0.028250682045523057, -0.037810787515539346]",success,True
obs_10mm,10,1,C0,local_adjacent,5,9.95782094534136,9.95736998285476,0.00180119079695806,-0.0421790546586447,0.0421790546586447,"[-0.04060707882918457, -0.04464416088101508, -0.04263001714523895, -0.04279592956124034, -0.040218086876542714]",success,True
obs_10mm,10,1,C0,all_non_height,5,10.0854577352935,10.0855245075791,0.00198375122387055,0.0854577352934704,0.0854577352934704,"[0.08720180794088073, 0.08248278755581673, 0.08552450757906627, 0.08478142545520839, 0.0872981479363748]",success,True
obs_10mm,10,1,C0,fixed_zg_zero,5,9.99566322038901,9.99565734268279,0.00202008951070254,-0.00433677961099299,0.00433677961099299,"[-0.0018436858641699416, -0.0069753350032186745, -0.004342657317211618, -0.0055129224590082515, -0.0030092974113600235]",success,True
obs_10mm,10,1,C1,local_adjacent,5,9.96982352819364,9.96946086884747,0.00172546147369232,-0.030176471806362,0.030176471806362,"[-0.028680666450616954, -0.03266514031843393, -0.03060046418791984, -0.030539131152526267, -0.02839695692231281]",success,True
obs_10mm,10,1,C1,all_non_height,5,10.0015604249789,10.0014048568611,0.00194291766360477,0.00156042497894404,0.00156042497894404,"[0.0035848418400927784, -0.0012799688069122794, 0.001404856861107362, 0.0009422354583819015, 0.003150159542050446]",success,True
obs_10mm,10,1,C1,fixed_zg_zero,5,9.95558416146605,9.95529704865581,0.00186518877781266,-0.0444158385339453,0.0444158385339453,"[-0.041852335448558264, -0.04664596816996358, -0.04470295134419011, -0.045508358084820344, -0.04336957962219046]",success,True
obs_10mm,10,2,C0,local_adjacent,5,9.9531784029451,9.95370970263446,0.00285142045768808,-0.0468215970549011,0.0468215970549011,"[-0.04623848951024101, -0.051489811200433167, -0.04642184748431255, -0.04629029736553747, -0.04366753971398296]",success,True
obs_10mm,10,2,C0,all_non_height,5,9.97412790723498,9.97529860801183,0.00426301767855873,-0.0258720927650238,0.0258720927650238,"[-0.02516235485770757, -0.033177932619475214, -0.024701391988166677, -0.024326916440170265, -0.021991867919602726]",success,True
obs_10mm,10,2,C0,fixed_zg_zero,5,9.92509266215016,9.92571397923635,0.00275709360827841,-0.0749073378498384,0.0749073378498384,"[-0.07428602076364932, -0.0794828889594541, -0.07372718764671049, -0.07490666399290724, -0.072133927886469]",success,True
obs_10mm,10,2,C1,local_adjacent,5,9.95235713316078,9.95287794514849,0.00270943015755855,-0.047642866839217,0.047642866839217,"[-0.04650017104320625, -0.05220939454243734, -0.04712205485151166, -0.047357570992568654, -0.04502514276636305]",success,True
obs_10mm,10,2,C1,all_non_height,5,9.99298116378037,9.99343477195702,0.00291934460006768,-0.00701883621963439,0.00701883621963439,"[-0.006065084746765592, -0.011828859568929317, -0.006565228042981985, -0.006740442277436642, -0.0038945664620690934]",success,True
obs_10mm,10,2,C1,fixed_zg_zero,5,9.94580599531302,9.94644100636818,0.00277012469994797,-0.0541940046869822,0.0541940046869822,"[-0.05355899363182459, -0.058791481080346486, -0.05300517241261815, -0.05420262586816982, -0.05141175044195023]",success,True
obs_10mm,10,3,C0,local_adjacent,5,9.97058718826528,9.96976036982523,0.00254289940858448,-0.0294128117347157,0.0294128117347157,"[-0.03015861043296475, -0.031348182886292264, -0.024945254179582932, -0.030372380999969195, -0.030239630174767385]",success,True
obs_10mm,10,3,C0,all_non_height,5,9.96289527325758,9.96209425253462,0.00287528608855234,-0.0371047267424238,0.0371047267424238,"[-0.03858186776092154, -0.039372698862345956, -0.03211429560193224, -0.037549024021542365, -0.03790574746537523]",success,True
obs_10mm,10,3,C0,fixed_zg_zero,5,9.94363069076372,9.94374191594697,0.00294484571158853,-0.0563693092362847,0.0563693092362847,"[-0.058608312419627495, -0.05924197472521442, -0.05175857402236694, -0.0559796009611766, -0.056258084053032675]",success,True
obs_10mm,10,3,C1,local_adjacent,5,9.96957800253837,9.96877832714626,0.00265109299233049,-0.0304219974616302,0.0304219974616302,"[-0.031458845410936576, -0.0325518114115404, -0.02579339703668282, -0.031221672853739335, -0.031084260595251934]",success,True
obs_10mm,10,3,C1,all_non_height,5,9.92715133044286,9.92670583074245,0.00292844780821881,-0.0728486695571373,0.0728486695571373,"[-0.07454250003273266, -0.07530710718826938, -0.06784589543682706, -0.07329416925754906, -0.07325367587031195]",success,True
obs_10mm,10,3,C1,fixed_zg_zero,5,9.92894655559968,9.92906503300368,0.00294128056564625,-0.0710534444003237,0.0710534444003237,"[-0.07327530649146574, -0.07391458349183999, -0.06643290606246843, -0.07070945895951652, -0.0709349669963224]",success,True
obs_10mm,10,4,C0,local_adjacent,5,9.95692089601358,9.95766472772386,0.00250375179011384,-0.0430791039864218,0.0430791039864218,"[-0.042335272276137204, -0.041011872003009486, -0.04058933934149067, -0.04573398439440268, -0.04572505191706888]",success,True
obs_10mm,10,4,C0,all_non_height,5,9.98649118162432,9.98792112562159,0.0108807012093009,-0.01350881837568,0.01350881837568,"[-0.004333455789550911, -0.030542312685836848, -0.004109019634819688, -0.01648042938979799, -0.012078874378406823]",success,True
obs_10mm,10,4,C0,fixed_zg_zero,5,10.0103736023609,10.0105259385344,0.00192111168976336,0.0103736023608754,0.0103736023608754,"[0.010525938534422963, 0.012591271405280935, 0.011884824501834146, 0.008379777156374502, 0.008486200206466066]",success,True
obs_10mm,10,4,C1,local_adjacent,5,9.95147846401629,9.95218743024373,0.00249790972500871,-0.0485215359837134,0.0485215359837134,"[-0.04781256975627457, -0.04624661677657649, -0.04623708748540167, -0.05085243301192044, -0.05145897288839407]",success,True
obs_10mm,10,4,C1,all_non_height,5,9.96926081767691,9.97027600479393,0.00218490466036099,-0.0307391823230851,0.0307391823230851,"[-0.029723995206069276, -0.028649874117217422, -0.02915288621490575, -0.03278347808006643, -0.03338567799717396]",success,True
obs_10mm,10,4,C1,fixed_zg_zero,5,9.99891602348575,9.9990694352034,0.00193911021506218,-0.00108397651425385,0.00108397651425385,"[-0.0009305647965973662, 0.0011370083810078313, 0.0004618140083714195, -0.0031178356426924125, -0.002970304521353384]",success,True
obs_10mm,10,5,C0,local_adjacent,5,9.92907572826682,9.92724562822315,0.00480097006964556,-0.0709242717331815,0.0709242717331815,"[-0.06391952866263928, -0.07390936357846556, -0.06824587079277755, -0.0727543717768544, -0.07579222385517603]",success,True
obs_10mm,10,5,C0,all_non_height,5,9.8794507176014,9.87883885070329,0.00361920944824632,-0.120549282398603,0.120549282398603,"[-0.11904808975229209, -0.12351245729776217, -0.1151057765504504, -0.1211611492967144, -0.12391893909578755]",success,True
obs_10mm,10,5,C0,fixed_zg_zero,5,9.9179609707863,9.91576857730202,0.00480198581963142,-0.0820390292136999,0.0820390292136999,"[-0.07504393721821145, -0.0852988159532817, -0.07915796048786738, -0.08423142269797879, -0.08646300971116894]",success,True
obs_10mm,10,5,C1,local_adjacent,5,9.91722772275646,9.91565158698221,0.00492904200662482,-0.082772277243544,0.082772277243544,"[-0.07567826375893283, -0.08596451658149462, -0.07996786186375893, -0.08434841301778562, -0.0879023309957443]",success,True
obs_10mm,10,5,C1,all_non_height,5,9.92269405823858,9.92093574995645,0.0047234037196965,-0.0773059417614164,0.0773059417614164,"[-0.07052408377719388, -0.08016111719993013, -0.07453954615771963, -0.07906425004354567, -0.08224071162869073]",success,True
obs_10mm,10,5,C1,fixed_zg_zero,5,9.98062931684115,9.97912496795524,0.00453131427349601,-0.0193706831588507,0.0193706831588507,"[-0.012793687344037963, -0.022609078919908043, -0.016791964718539276, -0.020875032044758157, -0.023783652767008334]",success,True
obs_20mm,20,1,C0,local_adjacent,5,19.9499033588554,19.9488630127389,0.00243782027034034,-0.0500966411446093,0.0500966411446093,"[-0.0511369872611489, -0.045994614915645826, -0.04978298017325855, -0.051599806218057154, -0.051968817154936175]",success,True
obs_20mm,20,1,C0,all_non_height,5,20.0696887489148,20.0702340754348,0.0010516297094015,0.0696887489147784,0.0696887489147784,"[0.06798565828931302, 0.07037555899066916, 0.0704913214071965, 0.07023407543476878, 0.06935713045193381]",success,True
obs_20mm,20,1,C0,fixed_zg_zero,5,20.0789448789737,20.0790446585238,0.00168667364487301,0.0789448789737364,0.0789448789737364,"[0.0790446585238449, 0.0813290393341255, 0.07956960391820189, 0.07787175102883026, 0.07690934206368283]",success,True
obs_20mm,20,1,C1,local_adjacent,5,19.9526436858652,19.9514173384778,0.00271343009689347,-0.0473563141347775,0.0473563141347775,"[-0.04889763312167972, -0.04283984680566988, -0.046880975766253385, -0.049580453458052176, -0.04858266152222512]",success,True
obs_20mm,20,1,C1,all_non_height,5,19.9672682619332,19.9667420857944,0.00151301627783198,-0.0327317380667651,0.0327317380667651,"[-0.03444875134011127, -0.030470472215331057, -0.03210109258006, -0.03325791420555291, -0.033380459992784495]",success,True
obs_20mm,20,1,C1,fixed_zg_zero,5,20.0176880716027,20.0178092246177,0.001930469345668,0.0176880716026844,0.0176880716026844,"[0.017809224617653996, 0.020708602034645196, 0.017918000872533923, 0.016128383858493578, 0.015876146630091625]",success,True
obs_20mm,20,2,C0,local_adjacent,5,19.917745922693,19.9192038088484,0.00272388114314788,-0.0822540773069846,0.0822540773069846,"[-0.08079619115158465, -0.07978674914862438, -0.08506868692117919, -0.08535164488340996, -0.08026711443012857]",success,True
obs_20mm,20,2,C0,all_non_height,5,19.8696373879865,19.8674044216098,0.022674893504278,-0.130362612013467,0.130362612013467,"[-0.09225771418068263, -0.13175573340095426, -0.14631771860844012, -0.14888631548706144, -0.1325955783901911]",success,True
obs_20mm,20,2,C0,fixed_zg_zero,5,20.0010639955499,20.0021693182839,0.00271798344308776,0.00106399554985614,0.00106399554985614,"[0.0021693182839150893, 0.003720250881620757, -0.001958996926759937, -0.0017405659571956278, 0.003129971467703996]",success,True
obs_20mm,20,2,C1,local_adjacent,5,19.919180454747,19.920567805404,0.00288935882116085,-0.0808195452529858,0.0808195452529858,"[-0.07943219459595952, -0.07791284224900608, -0.08389852423323774, -0.08395706269111258, -0.07889710249560622]",success,True
obs_20mm,20,2,C1,all_non_height,5,19.9773937761218,19.9786656416634,0.00318316317091369,-0.0226062238781637,0.0226062238781637,"[-0.021334358336631, -0.019670134639930836, -0.026278911188882148, -0.025760028207610475, -0.019987687017760436]",success,True
obs_20mm,20,2,C1,fixed_zg_zero,5,20.0234771603684,20.0245324360958,0.00264639701478079,0.0234771603684116,0.0234771603684116,"[0.02453243609584632, 0.026124383920969052, 0.020579459698637947, 0.02071131552044747, 0.025438206606168023]",success,True
obs_20mm,20,3,C0,local_adjacent,5,19.9259142450471,19.9269684104085,0.00279125151359402,-0.0740857549529146,0.0740857549529146,"[-0.07303158959145861, -0.07170567042178178, -0.07885206369564202, -0.07279387265263537, -0.0740455784030658]",success,True
obs_20mm,20,3,C0,all_non_height,5,19.7497110944205,19.7360067773652,0.0336089961439621,-0.250288905579506,0.250288905579506,"[-0.2683925174051751, -0.26399322263479874, -0.1902750283215262, -0.2656678489434654, -0.2631159105925711]",success,False
obs_20mm,20,3,C0,fixed_zg_zero,5,20.0040136478816,20.0050798852894,0.0024354198256065,0.00401364788160308,0.00401364788160308,"[0.005079885289365649, 0.006002261710381873, -0.00016210590958820603, 0.005107250518744166, 0.004040947799111905]",success,True
obs_20mm,20,3,C1,local_adjacent,5,19.9253320695688,19.9262914858749,0.00279439417198278,-0.0746679304311613,0.0746679304311613,"[-0.07370851412509793, -0.0720745756955381, -0.07937317476338634, -0.07346512968227259, -0.07471825788949715]",success,True
obs_20mm,20,3,C1,all_non_height,5,19.7213193084809,19.7142683475348,0.0168499517509445,-0.278680691519053,0.278680691519053,"[-0.2879829023812448, -0.2857316524652127, -0.24859841869722743, -0.2858981396043312, -0.28519234444724617]",success,False
obs_20mm,20,3,C1,fixed_zg_zero,5,19.9899906427214,19.991039270052,0.00241907945425811,-0.010009357278598,0.010009357278598,"[-0.008960729948015, -0.008048390435931196, -0.01415588546815627, -0.008882873298457383, -0.009998907242437127]",success,True
obs_20mm,20,4,C0,local_adjacent,5,19.9006771550866,19.9004142890368,0.00107887822795796,-0.0993228449133596,0.0993228449133596,"[-0.0998447725832321, -0.09958571096318636, -0.09856522694631664, -0.0979417681658532, -0.1006767459081992]",success,True
obs_20mm,20,4,C0,all_non_height,5,19.9638661384331,19.9643024566551,0.000993925509064915,-0.0361338615669489,0.0361338615669489,"[-0.03566214811750257, -0.03585279917924211, -0.035697543344905824, -0.03555522998814453, -0.03790158720494574]",success,True
obs_20mm,20,4,C0,fixed_zg_zero,5,20.0664510278177,20.0667593398767,0.00112230191780063,0.0664510278177239,0.0664510278177239,"[0.06732378940952799, 0.06707043552809822, 0.06675933987668259, 0.06659408593889538, 0.06450748833542264]",success,True
obs_20mm,20,4,C1,local_adjacent,5,19.8966107031084,19.896284023145,0.000946754439232222,-0.103389296891557,0.103389296891557,"[-0.10371597685499623, -0.10379683701734166, -0.10276577874471826, -0.10212612457994652, -0.10454176726077691]",success,True
obs_20mm,20,4,C1,all_non_height,5,19.925866809521,19.9261035114735,0.000731504989758645,-0.0741331904790492,0.0741331904790492,"[-0.07405978240580069, -0.073896488526497, -0.07370361234927358, -0.07360279153762406, -0.07540327757604715]",success,True
obs_20mm,20,4,C1,fixed_zg_zero,5,20.0536081075664,20.0539442548428,0.00112146093129686,0.0536081075663652,0.0536081075663652,"[0.05445653156786889, 0.05421129821696269, 0.053944254842818395, 0.05377158058404419, 0.05165687262012497]",success,True
obs_20mm,20,5,C0,local_adjacent,5,19.8790887284279,19.8788771694428,0.00278426712952727,-0.120911271572144,0.120911271572144,"[-0.12139574960864863, -0.12476982097377842, -0.11698041170113882, -0.12028754501994499, -0.12112283055720141]",success,True
obs_20mm,20,5,C0,all_non_height,5,19.8470981213481,19.8474000766645,0.00236888708687576,-0.152901878651871,0.152901878651871,"[-0.15377531384691068, -0.15614833302783637, -0.14962093100958995, -0.15236489203954307, -0.152599923335476]",success,True
obs_20mm,20,5,C0,fixed_zg_zero,5,19.9846068149923,19.9848985699279,0.00260250905292014,-0.015393185007742,0.015393185007742,"[-0.017021737794131298, -0.01853540081049232, -0.011661933136345226, -0.014645423225672971, -0.015101430072068212]",success,True
obs_20mm,20,5,C1,local_adjacent,5,19.8673737928697,19.8670422462889,0.00266651390931241,-0.132626207130318,0.132626207130318,"[-0.13314821200728844, -0.13620047042946481, -0.12875690801650208, -0.1320676914872081, -0.13295775371112128]",success,True
obs_20mm,20,5,C1,all_non_height,5,19.8692835256859,19.8692925626931,0.00248542353773771,-0.130716474314056,0.130716474314056,"[-0.13132110337823022, -0.13420364728776946, -0.12728786395541292, -0.1300623196419579, -0.13070743730690282]",success,True
obs_20mm,20,5,C1,fixed_zg_zero,5,20.0340135546464,20.034053220931,0.00265734917303948,0.03401355464635,0.03401355464635,"[0.03251583594106222, 0.030787233285678894, 0.037875684856960135, 0.034835798216999336, 0.03405322093104246]",success,True
obs_30mm,30,1,C0,local_adjacent,5,29.9108280547851,29.9112915896552,0.00110331368004796,-0.0891719452148898,0.0891719452148898,"[-0.08867525159164202, -0.0887084103448359, -0.0879435012985077, -0.09076798714077228, -0.08976457569868401]",success,True
obs_30mm,30,1,C0,all_non_height,5,30.026819261336,30.0268830629043,0.000989222701092802,0.0268192613360156,0.0268192613360156,"[0.026214224090530536, 0.027079460211123063, 0.028270678513539593, 0.025648880960634557, 0.026883062904250465]",success,True
obs_30mm,30,1,C0,fixed_zg_zero,5,30.0030176472522,30.0028405293277,0.00102530417634448,0.00301764725222142,0.00301764725222142,"[0.004067302546818752, 0.0028405293276847488, 0.004010462739458376, 0.001668801154664834, 0.0025011404924804026]",success,True
obs_30mm,30,1,C1,local_adjacent,5,29.9041876025727,29.9044237833135,0.00112357664474604,-0.0958123974272596,0.0958123974272596,"[-0.09557621668648864, -0.09542836208568772, -0.09428307280538561, -0.09720128320556398, -0.09657305235318958]",success,True
obs_30mm,30,1,C1,all_non_height,5,29.9272278113185,29.9272968872254,0.000970174010420921,-0.0727721886815473,0.0727721886815473,"[-0.07316674363021392, -0.07268415768893277, -0.07131769425944867, -0.0739892350545226, -0.07270311277461516]",success,True
obs_30mm,30,1,C1,fixed_zg_zero,5,29.944305398037,29.944215026434,0.00101163085890087,-0.0556946019630011,0.0556946019630011,"[-0.05468601479416435, -0.05578497356604828, -0.05474285520907074, -0.057084539962986014, -0.05617462628272207]",success,True
obs_30mm,30,2,C0,local_adjacent,5,29.8735216367254,29.8738729717464,0.00115899066832909,-0.126478363274565,0.126478363274565,"[-0.12699817546901926, -0.12820316990617897, -0.12520600925770964, -0.12612702825364508, -0.12585743348626366]",success,True
obs_30mm,30,2,C0,all_non_height,5,29.8416916439162,29.8409341631712,0.00266281343514436,-0.158308356083786,0.158308356083786,"[-0.16143085257851197, -0.15906583682875564, -0.15587163250678415, -0.1552351948847459, -0.1599382636201092]",success,True
obs_30mm,30,2,C0,fixed_zg_zero,5,29.8935148556907,29.8938305032162,0.00125804737993107,-0.106485144309346,0.106485144309346,"[-0.10838847591938361, -0.10694382118974488, -0.10507193358286315, -0.10616949678377807, -0.10585199407094947]",success,True
obs_30mm,30,2,C1,local_adjacent,5,29.8747478034735,29.8751010612992,0.00111976753405895,-0.125252196526532,0.125252196526532,"[-0.12600132648162798, -0.1267515848221059, -0.12392683675458471, -0.12489893870081303, -0.12468229587354429]",success,True
obs_30mm,30,2,C1,all_non_height,5,29.8857212216969,29.8860347176046,0.000984182401204322,-0.114278778303071,0.114278778303071,"[-0.11517326565411423, -0.11540878112874964, -0.11308019545795744, -0.11376636687908359, -0.11396528239542647]",success,True
obs_30mm,30,2,C1,fixed_zg_zero,5,29.9162085009982,29.9168023229441,0.00128618251215576,-0.0837914990017907,0.0837914990017907,"[-0.08573492729749432, -0.08438387263115743, -0.08246626747187236, -0.08317475055251222, -0.08319767705590664]",success,True
obs_30mm,30,3,C0,local_adjacent,5,29.9163357199829,29.9151894737654,0.00325140151075336,-0.0836642800171497,0.0836642800171497,"[-0.08500642052694474, -0.07819495542974408, -0.08360318217585672, -0.08670631571857612, -0.08481052623464436]",success,True
obs_30mm,30,3,C0,all_non_height,5,29.902211317624,29.9024021435543,0.00312765799358549,-0.0977886823760343,0.0977886823760343,"[-0.10048171539777684, -0.09290654566588685, -0.09759785644565255, -0.10058688307541885, -0.09737041129545432]",success,True
obs_30mm,30,3,C0,fixed_zg_zero,5,29.946821946235,29.9461301940439,0.00284450733004681,-0.0531780537649631,0.0531780537649631,"[-0.054783103058611005, -0.04831309987115873, -0.05337937799256309, -0.05554488194636775, -0.053869805956118455]",success,True
obs_30mm,30,3,C1,local_adjacent,5,29.9155821287538,29.9142416689325,0.00333791841450985,-0.0844178712461954,0.0844178712461954,"[-0.08624021480645183, -0.07915181745841693, -0.0832893731555302, -0.08764961974309671, -0.08575833106747055]",success,True
obs_30mm,30,3,C1,all_non_height,5,29.8845416795895,29.8836318079011,0.00264921308867515,-0.115458320410511,0.115458320410511,"[-0.11709234094155363, -0.11101047247727536, -0.11518973375570596, -0.11763086277908386, -0.1163681920989319]",success,True
obs_30mm,30,3,C1,fixed_zg_zero,5,29.9322441377939,29.931527354139,0.00284845614344688,-0.0677558622061163,0.0677558622061163,"[-0.0693528229735314, -0.06288048604684349, -0.06795490272094895, -0.07011845342828948, -0.06847264586096458]",success,True
obs_30mm,30,4,C0,local_adjacent,5,29.9232928100252,29.9237215957216,0.00384164558546098,-0.0767071899748153,0.0767071899748153,"[-0.07627840427838706, -0.07475119349410164, -0.07162981870696328, -0.08127540999488403, -0.07960112339971914]",success,True
obs_30mm,30,4,C0,all_non_height,5,29.9433253450449,29.943325418912,0.0035723352452828,-0.0566746549551347,0.0566746549551347,"[-0.05486047937797878, -0.05667458108800716, -0.05170301496635332, -0.06015045952780795, -0.05998473981554042]",success,True
obs_30mm,30,4,C0,fixed_zg_zero,5,29.9935818516473,29.9942126690761,0.00400552265869886,-0.00641814835272925,0.00641814835272925,"[-0.004053305163537857, -0.005787330923904932, -0.0013532523861812251, -0.010295169082642275, -0.01060168420739771]",success,True
obs_30mm,30,4,C1,local_adjacent,5,29.9193734102115,29.9176500020762,0.00349847099597731,-0.0806265897884586,0.0806265897884586,"[-0.08234999792384201, -0.08023521357629448, -0.07469995045947186, -0.08320104323032496, -0.08264674375239167]",success,True
obs_30mm,30,4,C1,all_non_height,5,29.9339264659225,29.9339659456982,0.00357624193881842,-0.0660735340775389,0.0660735340775389,"[-0.06420202919705886, -0.06603405430182718, -0.06114912166311015, -0.06963747259635866, -0.06934499262934679]",success,True
obs_30mm,30,4,C1,fixed_zg_zero,5,29.9820502035257,29.9826314052685,0.00403825232557816,-0.0179497964742943,0.0179497964742943,"[-0.015536605120118452, -0.017368594731514975, -0.012836360990757356, -0.021840961244027568, -0.02216646028505309]",success,True
obs_30mm,30,5,C0,local_adjacent,5,29.835663933398,29.8357704082353,0.00145597380926884,-0.164336066601958,0.164336066601958,"[-0.1629727559359715, -0.16286707399706302, -0.16554725184844443, -0.16606365946360313, -0.16422959176471963]",success,True
obs_30mm,30,5,C0,all_non_height,5,29.7935061706248,29.7936477505737,0.00152450246633757,-0.206493829375198,0.206493829375198,"[-0.20546850387406934, -0.20483346416782666, -0.20704969098456516, -0.20876523842326833, -0.20635224942626706]",success,False
obs_30mm,30,5,C0,fixed_zg_zero,5,29.8530924791422,29.8530434571989,0.00286475849125377,-0.14690752085777,0.14690752085777,"[-0.1439996562174315, -0.14428788803574832, -0.1485287331687708, -0.15076478406577465, -0.14695654280113501]",success,True
obs_30mm,30,5,C1,local_adjacent,5,29.8330619904948,29.8336413347629,0.00167952475108738,-0.16693800950522,0.16693800950522,"[-0.1657629987906475, -0.16520554172177526, -0.16818821075258228, -0.1691746310239708, -0.1663586652371194]",success,True
obs_30mm,30,5,C1,all_non_height,5,29.8446167455072,29.8447610753124,0.00133569387036274,-0.155383254492783,0.155383254492783,"[-0.15456179375003387, -0.15378182394852047, -0.15612798111792614, -0.15720574895984285, -0.15523892468760536]",success,True
obs_30mm,30,5,C1,fixed_zg_zero,5,29.9230142310793,29.9229334897256,0.00282946019485044,-0.0769857689206681,0.0769857689206681,"[-0.0741368429809306, -0.07433719935115946, -0.07864178003410416, -0.08074651196271532, -0.07706651027442035]",success,True
