dataset,truth_mm,model,mode,position_count,position_bias_min_mm,position_bias_max_mm,position_bias_range_mm,position_bias_mae_mm,pass_positions_0p2mm
obs_1mm,1.001,C0,local_adjacent,5,-0.0531202772269226,0.0154430161583963,0.0685632933853189,0.0279555321958848,5
obs_2mm,2,C0,local_adjacent,4,-0.0576969332428312,-0.0120843495303458,0.0456125837124854,0.0324536446493525,4
obs_6mm,6,C0,local_adjacent,5,-0.0508996308021246,0.0130493735176644,0.063949004319789,0.0260279744233229,5
obs_10mm,10,C0,local_adjacent,5,-0.0709242717331815,-0.0294128117347157,0.0415114599984658,0.0464833678335729,5
obs_20mm,20,C0,local_adjacent,5,-0.120911271572144,-0.0500966411446093,0.0708146304275346,0.0853341179780024,5
obs_30mm,30,C0,local_adjacent,5,-0.164336066601958,-0.0767071899748153,0.0876288766271429,0.108071569016676,5
obs_1mm,1.001,C0,all_non_height,5,-0.0932325056460559,0.105152385935879,0.198384891581935,0.0644649188758288,5
obs_2mm,2,C0,all_non_height,4,-0.134354474343441,0.0944808224772644,0.228835296820706,0.0791631327600223,4
obs_6mm,6,C0,all_non_height,5,-0.127407623001579,0.0582342611022915,0.185641884103871,0.0609142351827769,5
obs_10mm,10,C0,all_non_height,5,-0.120549282398603,0.0854577352934704,0.206007017692073,0.0564985311150401,5
obs_20mm,20,C0,all_non_height,5,-0.250288905579506,0.0696887489147784,0.319977654494284,0.127875201345314,4
obs_30mm,30,C0,all_non_height,5,-0.206493829375198,0.0268192613360156,0.233313090711214,0.109216956825234,4
obs_1mm,1.001,C0,fixed_zg_zero,5,-0.180918112009676,-0.0104247687388285,0.170493343270848,0.0981112807048553,5
obs_2mm,2,C0,fixed_zg_zero,4,-0.177135636615844,-0.00484176636437117,0.172293870251472,0.0805529158687215,4
obs_6mm,6,C0,fixed_zg_zero,5,-0.103572878918436,0.0107350051819077,0.114307884100343,0.0568411888168402,5
obs_10mm,10,C0,fixed_zg_zero,5,-0.0820390292136999,0.0103736023608754,0.0924126315745752,0.0456052116543383,5
obs_20mm,20,C0,fixed_zg_zero,5,-0.015393185007742,0.0789448789737364,0.0943380639814784,0.0331733470461323,5
obs_30mm,30,C0,fixed_zg_zero,5,-0.14690752085777,0.00301764725222142,0.149925168109991,0.0632013029074059,5
obs_1mm,1.001,C1,local_adjacent,5,-0.0556026306348811,0.0134624775888355,0.0690651082237166,0.0298238775347939,5
obs_2mm,2,C1,local_adjacent,4,-0.0582438310902684,0.00486609989072573,0.0631099309809942,0.0303077862587504,4
obs_6mm,6,C1,local_adjacent,5,-0.0649656009892112,0.00549262220504509,0.0704582231942563,0.0243744164940962,5
obs_10mm,10,C1,local_adjacent,5,-0.082772277243544,-0.030176471806362,0.052595805437182,0.0479070298668933,5
obs_20mm,20,C1,local_adjacent,5,-0.132626207130318,-0.0473563141347775,0.0852698929955409,0.0877718587681599,5
obs_30mm,30,C1,local_adjacent,5,-0.16693800950522,-0.0806265897884586,0.0863114197167612,0.110609412898733,5
obs_1mm,1.001,C1,all_non_height,5,-0.0659385487775327,0.054410872199202,0.120349420976735,0.0410272956614323,5
obs_2mm,2,C1,all_non_height,4,-0.0792455239402154,0.0272128582922186,0.106458382232434,0.0458627735015544,4
obs_6mm,6,C1,all_non_height,5,-0.056929375921511,0.0224992360170733,0.0794286119385843,0.0382431201916077,5
obs_10mm,10,C1,all_non_height,5,-0.0773059417614164,0.00156042497894404,0.0788663667403604,0.0378946109680435,5
obs_20mm,20,C1,all_non_height,5,-0.278680691519053,-0.0226062238781637,0.256074467640889,0.107773663651417,4
obs_30mm,30,C1,all_non_height,5,-0.155383254492783,-0.0660735340775389,0.089309720415244,0.10479321519309,5
obs_1mm,1.001,C1,fixed_zg_zero,5,-0.153742790250434,-0.0394055931968194,0.114337197053615,0.0975639638136603,5
obs_2mm,2,C1,fixed_zg_zero,4,-0.136770959180077,-0.0361167262552875,0.100654232924789,0.0914920728808691,4
obs_6mm,6,C1,fixed_zg_zero,5,-0.0825131391724474,-0.000912730373890724,0.0816004087985567,0.0458629706295397,5
obs_10mm,10,C1,fixed_zg_zero,5,-0.0710534444003237,-0.00108397651425385,0.0699694678860698,0.0380235894588711,5
obs_20mm,20,C1,fixed_zg_zero,5,-0.010009357278598,0.0536081075663652,0.0636174648449632,0.0277592502924819,5
obs_30mm,30,C1,fixed_zg_zero,5,-0.0837914990017907,-0.0179497964742943,0.0658417025274964,0.0604355057131741,5
