layer,height,position_rank,model,mode,count,expected_count,failed_count,bias_mm,mae_mm,rmse_mm,p95_mm,max_mm,pass_count,pass_rate,limit_mm
single_frame,,,C0,local_adjacent,145,150,5,-0.053179055395951,0.0551440477874035,0.0670292160843964,0.126073109300169,0.166063659463603,145,1,0.2
global,,,C0,local_adjacent,29,30,1,-0.0531790553959511,0.0551440477874035,0.0669874874094975,0.124251526593596,0.164336066601958,29,1,0.2
per_height,obs_1mm,,C0,local_adjacent,5,5,0,-0.0217783257325263,0.0279555321958848,0.0320215797653627,0.0502760983420991,0.0531202772269226,5,1,0.2
per_height,obs_2mm,,C0,local_adjacent,4,5,1,-0.0324536446493525,0.0324536446493525,0.0373215836507692,0.0553655114247218,0.0576969332428312,4,1,0.2
per_height,obs_6mm,,C0,local_adjacent,5,5,0,-0.0208082250162571,0.0260279744233229,0.0304112877310824,0.0479716432687185,0.0508996308021246,5,1,0.2
per_height,obs_10mm,,C0,local_adjacent,5,5,0,-0.0464833678335729,0.0464833678335729,0.0484200570383088,0.0661037367975254,0.0709242717331815,5,1,0.2
per_height,obs_20mm,,C0,local_adjacent,5,5,0,-0.0853341179780024,0.0853341179780024,0.0885987233422858,0.116593586240387,0.120911271572144,5,1,0.2
per_height,obs_30mm,,C0,local_adjacent,5,5,0,-0.108071569016676,0.108071569016676,0.112994211994105,0.15676452593648,0.164336066601958,5,1,0.2
height_position,obs_1mm/position_1,1,C0,local_adjacent,5,5,0,-0.0121973062167137,0.0121973062167137,0.0124278586327793,0.0154490411119589,0.0160218273542008,5,1,0.2
height_position,obs_1mm/position_2,2,C0,local_adjacent,5,5,0,-0.0388993828028053,0.0388993828028053,0.0389822205231888,0.0427442302598378,0.0434970262543101,5,1,0.2
height_position,obs_1mm/position_3,3,C0,local_adjacent,5,5,0,0.0154430161583963,0.0154430161583963,0.0154850537759908,0.0170314798220514,0.0172908317781768,5,1,0.2
height_position,obs_1mm/position_4,4,C0,local_adjacent,5,5,0,-0.0531202772269227,0.0531202772269227,0.0531570897841589,0.0556453109222901,0.0561543012278314,5,1,0.2
height_position,obs_1mm/position_5,5,C0,local_adjacent,5,5,0,-0.0201176785745865,0.0201176785745865,0.0201501451578738,0.021232597113797,0.0213488445689579,5,1,0.2
height_position,obs_2mm/position_1,1,C0,local_adjacent,5,5,0,-0.0120843495303459,0.0120843495303459,0.0121739282661758,0.0142196661367921,0.0146035924680781,5,1,0.2
height_position,obs_2mm/position_2,2,C0,local_adjacent,5,5,0,-0.0421541211221021,0.0421541211221021,0.0421970847780429,0.044456522549928,0.0448238103948835,5,1,0.2
height_position,obs_2mm/position_3,3,C0,local_adjacent,5,5,0,-0.0576969332428314,0.0576969332428314,0.0577096567573647,0.0591189911266742,0.0592691897467665,5,1,0.2
height_position,obs_2mm/position_4,4,C0,local_adjacent,5,5,0,-0.0178791747021306,0.0178791747021306,0.0182205428081605,0.0223319567744757,0.0230717445110598,5,1,0.2
height_position,obs_2mm/position_5,5,C0,local_adjacent,0,5,5,,,,,,0,,0.2
height_position,obs_6mm/position_1,1,C0,local_adjacent,5,5,0,-0.0220532734042809,0.0220532734042809,0.0221805002993205,0.0246209162046849,0.0248177552136264,5,1,0.2
height_position,obs_6mm/position_2,2,C0,local_adjacent,5,5,0,-0.0362596931350938,0.0362596931350938,0.0363416485786064,0.0390838376451315,0.0394842926509007,5,1,0.2
height_position,obs_6mm/position_3,3,C0,local_adjacent,5,5,0,-0.00787790125744916,0.00787790125744916,0.00820041110766371,0.0106895214954243,0.0108788382649116,5,1,0.2
height_position,obs_6mm/position_4,4,C0,local_adjacent,5,5,0,0.0130493735176641,0.0130493735176641,0.0135343213244244,0.0185339488167461,0.0197616418007378,5,1,0.2
height_position,obs_6mm/position_5,5,C0,local_adjacent,5,5,0,-0.0508996308021247,0.0508996308021247,0.0509830011972118,0.0550341140833719,0.0559365469615019,5,1,0.2
height_position,obs_10mm/position_1,1,C0,local_adjacent,5,5,0,-0.0421790546586443,0.0421790546586443,0.0422098102640434,0.0442745146170601,0.0446441608810151,5,1,0.2
height_position,obs_10mm/position_2,2,C0,local_adjacent,5,5,0,-0.0468215970549014,0.0468215970549014,0.0468910058505122,0.050476218457209,0.0514898112004332,5,1,0.2
height_position,obs_10mm/position_3,3,C0,local_adjacent,5,5,0,-0.0294128117347153,0.0294128117347153,0.0295006197233812,0.0311530225090276,0.0313481828862923,5,1,0.2
height_position,obs_10mm/position_4,4,C0,local_adjacent,5,5,0,-0.0430791039864218,0.0430791039864218,0.0431372718040228,0.0457321978989359,0.0457339843944027,5,1,0.2
height_position,obs_10mm/position_5,5,C0,local_adjacent,5,5,0,-0.0709242717331826,0.0709242717331826,0.0710541467598481,0.0754156517998339,0.075792223855176,5,1,0.2
height_position,obs_20mm/position_1,1,C0,local_adjacent,5,5,0,-0.0500966411446093,0.0500966411446093,0.0501440707173655,0.0518950149675604,0.0519688171549362,5,1,0.2
height_position,obs_20mm/position_2,2,C0,local_adjacent,5,5,0,-0.0822540773069853,0.0822540773069853,0.0822901504215974,0.0852950532909638,0.08535164488341,5,1,0.2
height_position,obs_20mm/position_3,3,C0,local_adjacent,5,5,0,-0.0740857549529167,0.0740857549529167,0.0741278082432857,0.0778907666371268,0.078852063695642,5,1,0.2
height_position,obs_20mm/position_4,4,C0,local_adjacent,5,5,0,-0.0993228449133575,0.0993228449133575,0.0993275324583646,0.100510351243206,0.100676745908199,5,1,0.2
height_position,obs_20mm/position_5,5,C0,local_adjacent,5,5,0,-0.120911271572142,0.120911271572142,0.12093691457926,0.124095006700752,0.124769820973778,5,1,0.2
height_position,obs_30mm/position_1,1,C0,local_adjacent,5,5,0,-0.0891719452148884,0.0891719452148884,0.089177405514336,0.0905673048523546,0.0907679871407723,5,1,0.2
height_position,obs_30mm/position_2,2,C0,local_adjacent,5,5,0,-0.126478363274563,0.126478363274563,0.126482611390293,0.127962171018747,0.128203169906179,5,1,0.2
height_position,obs_30mm/position_3,3,C0,local_adjacent,5,5,0,-0.0836642800171532,0.0836642800171532,0.0837148077714805,0.0863663366802498,0.0867063157185761,5,1,0.2
height_position,obs_30mm/position_4,4,C0,local_adjacent,5,5,0,-0.076707189974811,0.076707189974811,0.0767841102473369,0.0809405526758511,0.081275409994884,5,1,0.2
height_position,obs_30mm/position_5,5,C0,local_adjacent,5,5,0,-0.16433606660196,0.16433606660196,0.164341226337126,0.165960377940571,0.166063659463603,5,1,0.2
single_frame,,,C0,all_non_height,145,150,5,-0.0490099385776328,0.0831552326814159,0.101680783577286,0.205341495932821,0.268392517405175,136,0.937931034482759,0.2
global,,,C0,all_non_height,29,30,1,-0.0490099385776326,0.0831552326814158,0.101413937449235,0.187219640058633,0.250288905579506,27,0.931034482758621,0.2
per_height,obs_1mm,,C0,all_non_height,5,5,0,-0.020568135121673,0.0644649188758288,0.0737274704782158,0.102768409877915,0.105152385935879,5,1,0.2
per_height,obs_2mm,,C0,all_non_height,4,5,1,-0.0192630741352998,0.0791631327600223,0.0887761365950749,0.128373426563515,0.134354474343441,4,1,0.2
per_height,obs_6mm,,C0,all_non_height,5,5,0,-0.0274746582524736,0.0609142351827769,0.0708749254773601,0.114354394453501,0.127407623001579,5,1,0.2
per_height,obs_10mm,,C0,all_non_height,5,5,0,-0.022315436997652,0.0564985311150401,0.0693740125881241,0.113530972977576,0.120549282398603,5,1,0.2
per_height,obs_20mm,,C0,all_non_height,5,5,0,-0.099999701779403,0.127875201345314,0.14777016548646,0.230811500193979,0.250288905579506,4,0.8,0.2
per_height,obs_30mm,,C0,all_non_height,5,5,0,-0.0984892522908275,0.109216956825234,0.127432454947488,0.196856734716916,0.206493829375198,4,0.8,0.2
height_position,obs_1mm/position_1,1,C0,all_non_height,5,5,0,0.105152385935879,0.105152385935879,0.105200845092365,0.109244451474275,0.110072633263984,5,1,0.2
height_position,obs_1mm/position_2,2,C0,all_non_height,5,5,0,-0.0932325056460559,0.0932325056460559,0.0932664053699802,0.0970986683880729,0.0979981456928123,5,1,0.2
height_position,obs_1mm/position_3,3,C0,all_non_height,5,5,0,0.00458957344951028,0.00458957344951028,0.00512134550553451,0.00722961479405053,0.00726564143558406,5,1,0.2
height_position,obs_1mm/position_4,4,C0,all_non_height,5,5,0,-0.0477150423823495,0.0477150423823495,0.0477563515155028,0.0502242491748677,0.0507508928129481,5,1,0.2
height_position,obs_1mm/position_5,5,C0,all_non_height,5,5,0,-0.071635086965349,0.071635086965349,0.0716382234769197,0.0724535188192739,0.0725486442355207,5,1,0.2
height_position,obs_2mm/position_1,1,C0,all_non_height,5,5,0,0.0944808224772644,0.0944808224772644,0.0945027664057036,0.0962443443526312,0.0964138438361735,5,1,0.2
height_position,obs_2mm/position_2,2,C0,all_non_height,5,5,0,-0.134354474343442,0.134354474343442,0.134366075317675,0.137056252909908,0.137663702303826,5,1,0.2
height_position,obs_2mm/position_3,3,C0,all_non_height,5,5,0,-0.0624979394472029,0.0624979394472029,0.0625111608990273,0.0640875470133098,0.0643399584729754,5,1,0.2
height_position,obs_2mm/position_4,4,C0,all_non_height,5,5,0,0.0253192947721809,0.0253192947721809,0.0255345206454092,0.0297117862165827,0.03035983371322,5,1,0.2
height_position,obs_2mm/position_5,5,C0,all_non_height,0,5,5,,,,,,0,,0.2
height_position,obs_6mm/position_1,1,C0,all_non_height,5,5,0,0.0582342611022915,0.0582342611022915,0.0583978292727223,0.0635779655330447,0.0641019105105176,5,1,0.2
height_position,obs_6mm/position_2,2,C0,all_non_height,5,5,0,-0.0621414802611916,0.0621414802611916,0.0622059123237818,0.0658571517556442,0.0662706343458312,5,1,0.2
height_position,obs_6mm/position_3,3,C0,all_non_height,5,5,0,-0.0314231303253559,0.0314231303253559,0.0314731494392266,0.0335368964188937,0.0336318880333852,5,1,0.2
height_position,obs_6mm/position_4,4,C0,all_non_height,5,5,0,0.0253646812234669,0.0253646812234669,0.0255924581518099,0.0305597090927472,0.0317947733401995,5,1,0.2
height_position,obs_6mm/position_5,5,C0,all_non_height,5,5,0,-0.127407623001579,0.127407623001579,0.127434702459924,0.130515835293898,0.130743271396167,5,1,0.2
height_position,obs_10mm/position_1,1,C0,all_non_height,5,5,0,0.0854577352934694,0.0854577352934694,0.0854761530289194,0.087278879937276,0.0872981479363748,5,1,0.2
height_position,obs_10mm/position_2,2,C0,all_non_height,5,5,0,-0.0258720927650245,0.0258720927650245,0.0261515552085186,0.0315748170671217,0.0331779326194752,5,1,0.2
height_position,obs_10mm/position_3,3,C0,all_non_height,5,5,0,-0.0371047267424235,0.0371047267424235,0.0371937435962385,0.0392145326420611,0.039372698862346,5,1,0.2
height_position,obs_10mm/position_4,4,C0,all_non_height,5,5,0,-0.0135088183756825,0.0135088183756825,0.0166493213360798,0.0277299360266291,0.0305423126858368,5,1,0.2
height_position,obs_10mm/position_5,5,C0,all_non_height,5,5,0,-0.120549282398601,0.120549282398601,0.120592737876051,0.123837642736182,0.123918939095788,5,1,0.2
height_position,obs_20mm/position_1,1,C0,all_non_height,5,5,0,0.0696887489147762,0.0696887489147762,0.0696950964225123,0.070468168923891,0.0704913214071965,5,1,0.2
height_position,obs_20mm/position_2,2,C0,all_non_height,5,5,0,-0.130362612013466,0.130362612013466,0.131930782031025,0.148372596111337,0.148886315487061,5,1,0.2
height_position,obs_20mm/position_3,3,C0,all_non_height,5,5,0,-0.250288905579507,0.250288905579507,0.252087659264851,0.267847583712833,0.268392517405175,1,0.2,0.2
height_position,obs_20mm/position_4,4,C0,all_non_height,5,5,0,-0.0361338615669482,0.0361338615669482,0.0361447957813214,0.037491829599805,0.0379015872049457,5,1,0.2
height_position,obs_20mm/position_5,5,C0,all_non_height,5,5,0,-0.152901878651871,0.152901878651871,0.152916558279657,0.155673729191651,0.156148333027836,5,1,0.2
height_position,obs_30mm/position_1,1,C0,all_non_height,5,5,0,0.0268192613360156,0.0268192613360156,0.0268338522737864,0.0280324348530563,0.0282706785135396,5,1,0.2
height_position,obs_30mm/position_2,2,C0,all_non_height,5,5,0,-0.158308356083781,0.158308356083781,0.158326270928932,0.161132334786831,0.161430852578512,5,1,0.2
height_position,obs_30mm/position_3,3,C0,all_non_height,5,5,0,-0.0977886823760379,0.0977886823760379,0.097828688003374,0.10056584953989,0.100586883075419,5,1,0.2
height_position,obs_30mm/position_4,4,C0,all_non_height,5,5,0,-0.0566746549551375,0.0566746549551375,0.0567646525363068,0.0601173155853544,0.060150459527808,5,1,0.2
height_position,obs_30mm/position_5,5,C0,all_non_height,5,5,0,-0.206493829375199,0.206493829375199,0.206498331364323,0.208422128935528,0.208765238423268,0,0,0.2
single_frame,,,C0,fixed_zg_zero,145,150,5,-0.0502646106581689,0.0623598288356763,0.0822202518760575,0.176186035984534,0.188199114671015,145,1,0.2
global,,,C0,fixed_zg_zero,29,30,1,-0.0502646106581689,0.062305976521474,0.0821811510274435,0.165044390312614,0.180918112009676,29,1,0.2
per_height,obs_1mm,,C0,fixed_zg_zero,5,5,0,-0.0981112807048553,0.0981112807048553,0.11204519500042,0.165577688403632,0.180918112009676,5,1,0.2
per_height,obs_2mm,,C0,fixed_zg_zero,4,5,1,-0.0805529158687215,0.0805529158687215,0.106445177995878,0.167865285535477,0.177135636615844,4,1,0.2
per_height,obs_6mm,,C0,fixed_zg_zero,5,5,0,-0.0525471867440771,0.0568411888168402,0.071300503904853,0.103041459086497,0.103572878918436,5,1,0.2
per_height,obs_10mm,,C0,fixed_zg_zero,5,5,0,-0.0414557707099881,0.0456052116543383,0.0559382335888217,0.0806126909409276,0.0820390292136999,5,1,0.2
per_height,obs_20mm,,C0,fixed_zg_zero,5,5,0,0.0270160730430355,0.0331733470461323,0.0466952344779207,0.0764461087425339,0.0789448789737364,5,1,0.2
per_height,obs_30mm,,C0,fixed_zg_zero,5,5,0,-0.0619942440065174,0.0632013029074059,0.0846157312426054,0.138823045548085,0.14690752085777,5,1,0.2
height_position,obs_1mm/position_1,1,C0,fixed_zg_zero,5,5,0,-0.0104247687388285,0.0104247687388285,0.0107013873719676,0.0135385032243875,0.0139745636177357,5,1,0.2
height_position,obs_1mm/position_2,2,C0,fixed_zg_zero,5,5,0,-0.180918112009676,0.180918112009676,0.180968545711999,0.187201742880577,0.188199114671015,5,1,0.2
height_position,obs_1mm/position_3,3,C0,fixed_zg_zero,5,5,0,-0.0921322926733812,0.0921322926733812,0.0921417682088436,0.0938508349231826,0.0939858792620004,5,1,0.2
height_position,obs_1mm/position_4,4,C0,fixed_zg_zero,5,5,0,-0.104215993979453,0.104215993979453,0.10423777866652,0.107316132775394,0.107879709779413,5,1,0.2
height_position,obs_1mm/position_5,5,C0,fixed_zg_zero,5,5,0,-0.102865236122938,0.102865236122938,0.102867782685244,0.103780952911682,0.103830011616823,5,1,0.2
height_position,obs_2mm/position_1,1,C0,fixed_zg_zero,5,5,0,-0.00484176636437121,0.00484176636437121,0.00522645528092073,0.00783086469075784,0.00876923500371096,5,1,0.2
height_position,obs_2mm/position_2,2,C0,fixed_zg_zero,5,5,0,-0.177135636615844,0.177135636615844,0.177145835655885,0.180026215807141,0.180644631111029,5,1,0.2
height_position,obs_2mm/position_3,3,C0,fixed_zg_zero,5,5,0,-0.115333296080063,0.115333296080063,0.115340509211194,0.116691534205498,0.116850964764471,5,1,0.2
height_position,obs_2mm/position_4,4,C0,fixed_zg_zero,5,5,0,-0.0249009644146081,0.0249009644146081,0.0251444965626204,0.0297714404356769,0.0306893590094506,5,1,0.2
height_position,obs_2mm/position_5,5,C0,fixed_zg_zero,0,5,5,,,,,,0,,0.2
height_position,obs_6mm/position_1,1,C0,fixed_zg_zero,5,5,0,-0.00276610579517644,0.00278315538961813,0.00359519279135831,0.00494919754902572,0.00497803701619937,5,1,0.2
height_position,obs_6mm/position_2,2,C0,fixed_zg_zero,5,5,0,-0.103572878918435,0.103572878918435,0.103646338768664,0.107991835019719,0.108622738859313,5,1,0.2
height_position,obs_6mm/position_3,3,C0,fixed_zg_zero,5,5,0,-0.0662161744299379,0.0662161744299379,0.0662496403716867,0.0688180513907866,0.0689483615137281,5,1,0.2
height_position,obs_6mm/position_4,4,C0,fixed_zg_zero,5,5,0,0.0107350051819076,0.0107350051819076,0.0113591671510282,0.016349308463597,0.0177481616593358,5,1,0.2
height_position,obs_6mm/position_5,5,C0,fixed_zg_zero,5,5,0,-0.100915779758743,0.100915779758743,0.100967460303948,0.105252285911853,0.105722144283616,5,1,0.2
height_position,obs_10mm/position_1,1,C0,fixed_zg_zero,5,5,0,-0.0043367796109937,0.0043367796109937,0.00469811309988712,0.00668285249437659,0.00697533500321867,5,1,0.2
height_position,obs_10mm/position_2,2,C0,fixed_zg_zero,5,5,0,-0.074907337849838,0.074907337849838,0.0749479186894581,0.0785676439661447,0.0794828889594541,5,1,0.2
height_position,obs_10mm/position_3,3,C0,fixed_zg_zero,5,5,0,-0.0563693092362836,0.0563693092362836,0.0564308135400139,0.059115242264097,0.0592419747252144,5,1,0.2
height_position,obs_10mm/position_4,4,C0,fixed_zg_zero,5,5,0,0.0103736023608757,0.0103736023608757,0.0105149494549999,0.0124499820245916,0.0125912714052809,5,1,0.2
height_position,obs_10mm/position_5,5,C0,fixed_zg_zero,5,5,0,-0.0820390292137017,0.0820390292137017,0.0821513820247484,0.0862301709595915,0.0864630097111689,5,1,0.2
height_position,obs_20mm/position_1,1,C0,fixed_zg_zero,5,5,0,0.0789448789737371,0.0789448789737371,0.0789592921103365,0.0809771522509408,0.0813290393341255,5,1,0.2
height_position,obs_20mm/position_2,2,C0,fixed_zg_zero,5,5,0,0.00106399554985686,0.00254382070343908,0.00265368304958119,0.0036021949988374,0.00372025088162076,5,1,0.2
height_position,obs_20mm/position_3,3,C0,fixed_zg_zero,5,5,0,0.00401364788160308,0.00407849024543836,0.0045666601689925,0.00582325947205433,0.00600226171038187,5,1,0.2
height_position,obs_20mm/position_4,4,C0,fixed_zg_zero,5,5,0,0.0664510278177254,0.0664510278177254,0.0664586092790683,0.067273118633242,0.067323789409528,5,1,0.2
height_position,obs_20mm/position_5,5,C0,fixed_zg_zero,5,5,0,-0.015393185007742,0.015393185007742,0.0155681915256397,0.0182326682072201,0.0185354008104923,5,1,0.2
height_position,obs_30mm/position_1,1,C0,fixed_zg_zero,5,5,0,0.00301764725222142,0.00301764725222142,0.00315391722498595,0.00405593458534668,0.00406730254681875,5,1,0.2
height_position,obs_30mm/position_2,2,C0,fixed_zg_zero,5,5,0,-0.106485144309344,0.106485144309344,0.106491089322769,0.108099544973456,0.108388475919384,5,1,0.2
height_position,obs_30mm/position_3,3,C0,fixed_zg_zero,5,5,0,-0.0531780537649638,0.0531780537649638,0.0532388803393717,0.0553925261688164,0.0555448819463678,5,1,0.2
height_position,obs_30mm/position_4,4,C0,fixed_zg_zero,5,5,0,-0.0064181483527328,0.0064181483527328,0.00735037398321791,0.0105403811824466,0.0106016842073977,5,1,0.2
height_position,obs_30mm/position_5,5,C0,fixed_zg_zero,5,5,0,-0.146907520857772,0.146907520857772,0.146929864757126,0.150317573886374,0.150764784065775,5,1,0.2
single_frame,,,C1,local_adjacent,145,150,5,-0.0537769772453273,0.0559884180292546,0.0692821408590539,0.132779741266339,0.169174631023971,145,1,0.2
global,,,C1,local_adjacent,29,30,1,-0.0537769772453272,0.0559884180292546,0.0692420974378396,0.129676602888804,0.16693800950522,29,1,0.2
per_height,obs_1mm,,C1,local_adjacent,5,5,0,-0.0211410098263233,0.0298238775347939,0.034413739516315,0.0518800016399679,0.0556026306348811,5,1,0.2
per_height,obs_2mm,,C1,local_adjacent,4,5,1,-0.0278747363133875,0.0303077862587504,0.0359421318099095,0.0547034416044483,0.0582438310902684,4,1,0.2
per_height,obs_6mm,,C1,local_adjacent,5,5,0,-0.0221773676120781,0.0243744164940962,0.0336063134958138,0.0590717296310929,0.0649656009892112,5,1,0.2
per_height,obs_10mm,,C1,local_adjacent,5,5,0,-0.0479070298668933,0.0479070298668933,0.0515975764454027,0.0759221289915779,0.082772277243544,5,1,0.2
per_height,obs_20mm,,C1,local_adjacent,5,5,0,-0.0877718587681599,0.0877718587681599,0.0923350169195939,0.126778825082566,0.132626207130318,5,1,0.2
per_height,obs_30mm,,C1,local_adjacent,5,5,0,-0.110609412898733,0.110609412898733,0.115207162294452,0.158600846909482,0.16693800950522,5,1,0.2
height_position,obs_1mm/position_1,1,C1,local_adjacent,5,5,0,0.0082446916823411,0.0082446916823411,0.00861906215204975,0.0112420194655341,0.0117779229807953,5,1,0.2
height_position,obs_1mm/position_2,2,C1,local_adjacent,5,5,0,-0.0369894856603148,0.0369894856603148,0.0370726286240609,0.0406749769547005,0.0413778622390468,5,1,0.2
height_position,obs_1mm/position_3,3,C1,local_adjacent,5,5,0,0.0134624775888353,0.0134624775888353,0.0134953713622975,0.0148284657450328,0.015132137839815,5,1,0.2
height_position,obs_1mm/position_4,4,C1,local_adjacent,5,5,0,-0.0556026306348811,0.0556026306348811,0.0556395715265588,0.0582458169471658,0.058877585107562,5,1,0.2
height_position,obs_1mm/position_5,5,C1,local_adjacent,5,5,0,-0.034820102107597,0.034820102107597,0.0348437055546274,0.0360760376207978,0.0361940929183028,5,1,0.2
height_position,obs_2mm/position_1,1,C1,local_adjacent,5,5,0,0.00486609989072582,0.00486609989072582,0.0051234189038615,0.00598614218039151,0.00603169591092367,5,1,0.2
height_position,obs_2mm/position_2,2,C1,local_adjacent,5,5,0,-0.0346412345181343,0.0346412345181343,0.0346864227022047,0.0371342852320348,0.0376039322990327,5,1,0.2
height_position,obs_2mm/position_3,3,C1,local_adjacent,5,5,0,-0.0582438310902686,0.0582438310902686,0.058256403589849,0.0595492316635525,0.0596757284814233,5,1,0.2
height_position,obs_2mm/position_4,4,C1,local_adjacent,5,5,0,-0.0234799795358732,0.0234799795358732,0.0237183356147516,0.0278133068544089,0.0284843511150248,5,1,0.2
height_position,obs_2mm/position_5,5,C1,local_adjacent,0,5,5,,,,,,0,,0.2
height_position,obs_6mm/position_1,1,C1,local_adjacent,5,5,0,-0.0057730884088155,0.0057730884088155,0.0062476873359737,0.008236850831927,0.00843028625345354,5,1,0.2
height_position,obs_6mm/position_2,2,C1,local_adjacent,5,5,0,-0.035496244198619,0.035496244198619,0.0355696695467156,0.0377975661586598,0.0379975836034951,5,1,0.2
height_position,obs_6mm/position_3,3,C1,local_adjacent,5,5,0,-0.010144526668789,0.010144526668789,0.010390728743251,0.0130915751478069,0.0133706037094008,5,1,0.2
height_position,obs_6mm/position_4,4,C1,local_adjacent,5,5,0,0.00549262220504492,0.00549262220504492,0.0064758774135532,0.0106935436466685,0.0119908217161715,5,1,0.2
height_position,obs_6mm/position_5,5,C1,local_adjacent,5,5,0,-0.0649656009892114,0.0649656009892114,0.065035487153818,0.0692760552767574,0.0703014041798777,5,1,0.2
height_position,obs_10mm/position_1,1,C1,local_adjacent,5,5,0,-0.030176471806362,0.030176471806362,0.0302159101222835,0.0322522050923311,0.0326651403184339,5,1,0.2
height_position,obs_10mm/position_2,2,C1,local_adjacent,5,5,0,-0.0476428668392174,0.0476428668392174,0.0477044606937585,0.0512390298324636,0.0522093945424373,5,1,0.2
height_position,obs_10mm/position_3,3,C1,local_adjacent,5,5,0,-0.0304219974616302,0.0304219974616302,0.0305142682166658,0.0323332182114196,0.0325518114115404,5,1,0.2
height_position,obs_10mm/position_4,4,C1,local_adjacent,5,5,0,-0.0485215359837134,0.0485215359837134,0.048572946138918,0.0513376649130993,0.0514589728883941,5,1,0.2
height_position,obs_10mm/position_5,5,C1,local_adjacent,5,5,0,-0.0827722772435433,0.0827722772435433,0.0828896027506734,0.0875147681128944,0.0879023309957443,5,1,0.2
height_position,obs_20mm/position_1,1,C1,local_adjacent,5,5,0,-0.0473563141347761,0.0473563141347761,0.0474184631841245,0.0494438893907777,0.0495804534580522,5,1,0.2
height_position,obs_20mm/position_2,2,C1,local_adjacent,5,5,0,-0.0808195452529844,0.0808195452529844,0.0808608533866489,0.0839453549995376,0.0839570626911126,5,1,0.2
height_position,obs_20mm/position_3,3,C1,local_adjacent,5,5,0,-0.0746679304311584,0.0746679304311584,0.0747097500056254,0.0784421913886085,0.0793731747633863,5,1,0.2
height_position,obs_20mm/position_4,4,C1,local_adjacent,5,5,0,-0.103389296891556,0.103389296891556,0.103392764673863,0.10439278121209,0.104541767260777,5,1,0.2
height_position,obs_20mm/position_5,5,C1,local_adjacent,5,5,0,-0.132626207130317,0.132626207130317,0.132647650016563,0.13559001874503,0.136200470429465,5,1,0.2
height_position,obs_30mm/position_1,1,C1,local_adjacent,5,5,0,-0.0958123974272631,0.0958123974272631,0.0958176676836851,0.0970756370350891,0.097201283205564,5,1,0.2
height_position,obs_30mm/position_2,2,C1,local_adjacent,5,5,0,-0.125252196526535,0.125252196526535,0.12525620079735,0.12660153315401,0.126751584822106,5,1,0.2
height_position,obs_30mm/position_3,3,C1,local_adjacent,5,5,0,-0.0844178712461932,0.0844178712461932,0.0844706478323234,0.0873677387557677,0.0876496197430967,5,1,0.2
height_position,obs_30mm/position_4,4,C1,local_adjacent,5,5,0,-0.080626589788465,0.080626589788465,0.0806872878486144,0.0830901833347383,0.083201043230325,5,1,0.2
height_position,obs_30mm/position_5,5,C1,local_adjacent,5,5,0,-0.166938009505219,0.166938009505219,0.166944768292619,0.168977346969693,0.169174631023971,5,1,0.2
single_frame,,,C1,all_non_height,145,150,5,-0.0545346398552559,0.0632029887154591,0.084268824018887,0.155103498500091,0.287982902381245,140,0.96551724137931,0.2
global,,,C1,all_non_height,29,30,1,-0.0545346398552559,0.0631762283563508,0.0841910568483365,0.145516542421292,0.278680691519053,28,0.96551724137931,0.2
per_height,obs_1mm,,C1,all_non_height,5,5,0,-0.0192629467817515,0.0410272956614323,0.0471103645328199,0.0636330134618666,0.0659385487775327,5,1,0.2
per_height,obs_2mm,,C1,all_non_height,4,5,1,-0.0322563443554451,0.0458627735015544,0.0541545132432973,0.0775657866289828,0.0792455239402154,4,1,0.2
per_height,obs_6mm,,C1,all_non_height,5,5,0,-0.0213955690734032,0.0382431201916077,0.0410482447597732,0.0557118891051253,0.056929375921511,5,1,0.2
per_height,obs_10mm,,C1,all_non_height,5,5,0,-0.0372704409764658,0.0378946109680435,0.0495575092306894,0.0764144873205606,0.0773059417614164,5,1,0.2
per_height,obs_20mm,,C1,all_non_height,5,5,0,-0.107773663651417,0.107773663651417,0.142707997286865,0.249087848078054,0.278680691519053,4,0.8,0.2
per_height,obs_30mm,,C1,all_non_height,5,5,0,-0.10479321519309,0.10479321519309,0.109723035001977,0.147398267676328,0.155383254492783,5,1,0.2
height_position,obs_1mm/position_1,1,C1,all_non_height,5,5,0,0.054410872199202,0.054410872199202,0.0544614727909062,0.0574735766315868,0.0579256613537638,5,1,0.2
height_position,obs_1mm/position_2,2,C1,all_non_height,5,5,0,-0.0534361154201215,0.0534361154201215,0.0534870977439694,0.0568685888535407,0.0575168941072878,5,1,0.2
height_position,obs_1mm/position_3,3,C1,all_non_height,5,5,0,-0.000815494622958646,0.00107955751433382,0.00136325288309875,0.00221808544880879,0.00232298832831601,5,1,0.2
height_position,obs_1mm/position_4,4,C1,all_non_height,5,5,0,-0.0659385487775326,0.0659385487775326,0.0659583075645865,0.0682083010241695,0.0686667349061312,5,1,0.2
height_position,obs_1mm/position_5,5,C1,all_non_height,5,5,0,-0.0305354472873465,0.0305354472873465,0.0305502608526428,0.0316999714071374,0.0319159933575958,5,1,0.2
height_position,obs_2mm/position_1,1,C1,all_non_height,5,5,0,0.0272128582922186,0.0272128582922186,0.0272558925752679,0.0293741256058143,0.0296442187459034,5,1,0.2
height_position,obs_2mm/position_2,2,C1,all_non_height,5,5,0,-0.0680472751986643,0.0680472751986643,0.0680848742871592,0.0714642838979527,0.0721367931181431,5,1,0.2
height_position,obs_2mm/position_3,3,C1,all_non_height,5,5,0,-0.0792455239402154,0.0792455239402154,0.0792544598940691,0.0806345668146629,0.0808348500097857,5,1,0.2
height_position,obs_2mm/position_4,4,C1,all_non_height,5,5,0,-0.00894543657511928,0.00894543657511928,0.00954822408512917,0.0131920654002345,0.0138334747748483,5,1,0.2
height_position,obs_2mm/position_5,5,C1,all_non_height,0,5,5,,,,,,0,,0.2
height_position,obs_6mm/position_1,1,C1,all_non_height,5,5,0,0.0224992360170736,0.0224992360170736,0.0226215099329668,0.0253842308568206,0.0254003766039785,5,1,0.2
height_position,obs_6mm/position_2,2,C1,all_non_height,5,5,0,-0.0508419418395816,0.0508419418395816,0.0509951126914226,0.0559681988464678,0.056662218114556,5,1,0.2
height_position,obs_6mm/position_3,3,C1,all_non_height,5,5,0,-0.0413254054014342,0.0413254054014342,0.0413543775398748,0.0429005775969436,0.0430134016991666,5,1,0.2
height_position,obs_6mm/position_4,4,C1,all_non_height,5,5,0,0.0196196417784378,0.0196196417784378,0.0199407443606518,0.0250725787994055,0.0263753955288744,5,1,0.2
height_position,obs_6mm/position_5,5,C1,all_non_height,5,5,0,-0.0569293759215107,0.0569293759215107,0.0570031222083985,0.0608110817864276,0.0615421742008628,5,1,0.2
height_position,obs_10mm/position_1,1,C1,all_non_height,5,5,0,0.00156042497894404,0.00207241250170895,0.00233556617396092,0.00349790538048431,0.00358484184009278,5,1,0.2
height_position,obs_10mm/position_2,2,C1,all_non_height,5,5,0,-0.00701883621963653,0.00701883621963653,0.00748879964969267,0.0108111761106308,0.0118288595689293,5,1,0.2
height_position,obs_10mm/position_3,3,C1,all_non_height,5,5,0,-0.072848669557138,0.072848669557138,0.0728957426843122,0.075154185757162,0.0753071071882694,5,1,0.2
height_position,obs_10mm/position_4,4,C1,all_non_height,5,5,0,-0.0307391823230866,0.0307391823230866,0.0308012398547827,0.0332652380137525,0.033385677997174,5,1,0.2
height_position,obs_10mm/position_5,5,C1,all_non_height,5,5,0,-0.077305941761416,0.077305941761416,0.0774212959448422,0.0818247927429386,0.0822407116286907,5,1,0.2
height_position,obs_20mm/position_1,1,C1,all_non_height,5,5,0,-0.0327317380667679,0.0327317380667679,0.0327597016390121,0.0342350930706459,0.0344487513401113,5,1,0.2
height_position,obs_20mm/position_2,2,C1,all_non_height,5,5,0,-0.022606223878163,0.022606223878163,0.0227848059076165,0.0261751345926278,0.0262789111888821,5,1,0.2
height_position,obs_20mm/position_3,3,C1,all_non_height,5,5,0,-0.278680691519052,0.278680691519052,0.279087915404348,0.287565949825862,0.287982902381245,0,0,0.2
height_position,obs_20mm/position_4,4,C1,all_non_height,5,5,0,-0.0741331904790485,0.0741331904790485,0.0741360776561784,0.0751345785419979,0.0754032775760471,5,1,0.2
height_position,obs_20mm/position_5,5,C1,all_non_height,5,5,0,-0.130716474314055,0.130716474314055,0.130735375936379,0.133627138505862,0.134203647287769,5,1,0.2
height_position,obs_30mm/position_1,1,C1,all_non_height,5,5,0,-0.0727721886815466,0.0727721886815466,0.0727773621093195,0.0738247367696609,0.0739892350545226,5,1,0.2
height_position,obs_30mm/position_2,2,C1,all_non_height,5,5,0,-0.114278778303066,0.114278778303066,0.114282168611032,0.115361678033823,0.11540878112875,5,1,0.2
height_position,obs_30mm/position_3,3,C1,all_non_height,5,5,0,-0.11545832041051,0.11545832041051,0.115482632529776,0.117523158411578,0.117630862779084,5,1,0.2
height_position,obs_30mm/position_4,4,C1,all_non_height,5,5,0,-0.0660735340775403,0.0660735340775403,0.0661509146620049,0.0695789766029563,0.0696374725963587,5,1,0.2
height_position,obs_30mm/position_5,5,C1,all_non_height,5,5,0,-0.155383254492786,0.155383254492786,0.155387847141474,0.15699019539146,0.157205748959843,5,1,0.2
single_frame,,,C1,fixed_zg_zero,145,150,5,-0.0502283069894649,0.0592172486386158,0.0711086434519533,0.135782264888283,0.160952967051016,145,1,0.2
global,,,C1,fixed_zg_zero,29,30,1,-0.0502283069894651,0.0591101617607625,0.0710641456195383,0.132333102014448,0.153742790250434,29,1,0.2
per_height,obs_1mm,,C1,fixed_zg_zero,5,5,0,-0.0975639638136603,0.0975639638136603,0.104958543601804,0.147126541675904,0.153742790250434,5,1,0.2
per_height,obs_2mm,,C1,fixed_zg_zero,4,5,1,-0.0914920728808691,0.0914920728808691,0.100434789723299,0.135106762742966,0.136770959180077,4,1,0.2
per_height,obs_6mm,,C1,fixed_zg_zero,5,5,0,-0.0458629706295397,0.0458629706295397,0.0542783723850374,0.0803131421797454,0.0825131391724474,5,1,0.2
per_height,obs_10mm,,C1,fixed_zg_zero,5,5,0,-0.0380235894588711,0.0380235894588711,0.045463715617974,0.0676815564576554,0.0710534444003237,5,1,0.2
per_height,obs_20mm,,C1,fixed_zg_zero,5,5,0,0.0237555073810427,0.0277592502924819,0.0316069083133535,0.0496891969823622,0.0536081075663652,5,1,0.2
per_height,obs_30mm,,C1,fixed_zg_zero,5,5,0,-0.0604355057131741,0.0604355057131741,0.0647499261248282,0.0824303529855662,0.0837914990017907,5,1,0.2
height_position,obs_1mm/position_1,1,C1,fixed_zg_zero,5,5,0,-0.0771839607935938,0.0771839607935938,0.0772232485578577,0.0803900631336682,0.080856906712501,5,1,0.2
height_position,obs_1mm/position_2,2,C1,fixed_zg_zero,5,5,0,-0.153742790250434,0.153742790250434,0.153800782123539,0.159960187590969,0.160952967051016,5,1,0.2
height_position,obs_1mm/position_3,3,C1,fixed_zg_zero,5,5,0,-0.0968259274496687,0.0968259274496687,0.0968348728932234,0.0985383736185586,0.0986703508943707,5,1,0.2
height_position,obs_1mm/position_4,4,C1,fixed_zg_zero,5,5,0,-0.120661547377785,0.120661547377785,0.120680362232401,0.12376163559299,0.124325091739508,5,1,0.2
height_position,obs_1mm/position_5,5,C1,fixed_zg_zero,5,5,0,-0.0394055931968194,0.0394055931968194,0.0394146090541721,0.0405184264288622,0.0406164681759459,5,1,0.2
height_position,obs_2mm/position_1,1,C1,fixed_zg_zero,5,5,0,-0.0674042898221073,0.0674042898221073,0.0674223092961057,0.0697831028566276,0.070503464287281,5,1,0.2
height_position,obs_2mm/position_2,2,C1,fixed_zg_zero,5,5,0,-0.136770959180077,0.136770959180077,0.136784817459914,0.139728305343106,0.140344684848467,5,1,0.2
height_position,obs_2mm/position_3,3,C1,fixed_zg_zero,5,5,0,-0.125676316266005,0.125676316266005,0.12568274281262,0.127028883537862,0.127194072595459,5,1,0.2
height_position,obs_2mm/position_4,4,C1,fixed_zg_zero,5,5,0,-0.0361167262552874,0.0361167262552874,0.0362893482498414,0.041011254827891,0.0419698439697127,5,1,0.2
height_position,obs_2mm/position_5,5,C1,fixed_zg_zero,0,5,5,,,,,,0,,0.2
height_position,obs_6mm/position_1,1,C1,fixed_zg_zero,5,5,0,-0.0417400629363376,0.0417400629363376,0.0418144796612104,0.0438342834430845,0.0438545906375643,5,1,0.2
height_position,obs_6mm/position_2,2,C1,fixed_zg_zero,5,5,0,-0.0825131391724478,0.0825131391724478,0.0826015171038309,0.0868754549733637,0.0875045381002435,5,1,0.2
height_position,obs_6mm/position_3,3,C1,fixed_zg_zero,5,5,0,-0.0715131542089376,0.0715131542089376,0.0715445968126423,0.074135809862412,0.0742681305923512,5,1,0.2
height_position,obs_6mm/position_4,4,C1,fixed_zg_zero,5,5,0,-0.000912730373890547,0.00337872087589535,0.00385350498858268,0.00586972752829951,0.006164976255012,5,1,0.2
height_position,obs_6mm/position_5,5,C1,fixed_zg_zero,5,5,0,-0.0326357664560859,0.0326357664560859,0.0327830968626382,0.0369484419558916,0.0378107875155393,5,1,0.2
height_position,obs_10mm/position_1,1,C1,fixed_zg_zero,5,5,0,-0.0444158385339446,0.0444158385339446,0.044447158019551,0.0464184461529349,0.0466459681699636,5,1,0.2
height_position,obs_10mm/position_2,2,C1,fixed_zg_zero,5,5,0,-0.0541940046869819,0.0541940046869819,0.0542506130536349,0.0578737100379111,0.0587914810803465,5,1,0.2
height_position,obs_10mm/position_3,3,C1,fixed_zg_zero,5,5,0,-0.0710534444003226,0.0710534444003226,0.0711021298291578,0.0737867280917651,0.07391458349184,5,1,0.2
height_position,obs_10mm/position_4,4,C1,fixed_zg_zero,5,5,0,-0.00108397651425278,0.00172350547000448,0.00204526864357189,0.00308832941842461,0.00311783564269241,5,1,0.2
height_position,obs_10mm/position_5,5,C1,fixed_zg_zero,5,5,0,-0.0193706831588504,0.0193706831588504,0.0197901392940201,0.0235487379975883,0.0237836527670083,5,1,0.2
height_position,obs_20mm/position_1,1,C1,fixed_zg_zero,5,5,0,0.0176880716026837,0.0176880716026837,0.0177721480563638,0.0201504818022229,0.0207086020346452,5,1,0.2
height_position,obs_20mm/position_2,2,C1,fixed_zg_zero,5,5,0,0.0234771603684138,0.0234771603684138,0.0235961817396818,0.0259871484580088,0.0261243839209691,5,1,0.2
height_position,obs_20mm/position_3,3,C1,fixed_zg_zero,5,5,0,-0.0100093572785994,0.0100093572785994,0.0102405463455551,0.0133244898230124,0.0141558854681563,5,1,0.2
height_position,obs_20mm/position_4,4,C1,fixed_zg_zero,5,5,0,0.0536081075663638,0.0536081075663638,0.053617490957179,0.0544074848976877,0.0544565315678689,5,1,0.2
height_position,obs_20mm/position_5,5,C1,fixed_zg_zero,5,5,0,0.0340135546463486,0.0340135546463486,0.0340964969371064,0.037267707528968,0.0378756848569601,5,1,0.2
height_position,obs_30mm/position_1,1,C1,fixed_zg_zero,5,5,0,-0.0556946019629983,0.0556946019629983,0.0557019515404313,0.0569025572269332,0.057084539962986,5,1,0.2
height_position,obs_30mm/position_2,2,C1,fixed_zg_zero,5,5,0,-0.0837914990017886,0.0837914990017886,0.0837993956859499,0.085464716364227,0.0857349272974943,5,1,0.2
height_position,obs_30mm/position_3,3,C1,fixed_zg_zero,5,5,0,-0.0677558622061156,0.0677558622061156,0.0678037449202847,0.0699653273373379,0.0701184534282895,5,1,0.2
height_position,obs_30mm/position_4,4,C1,fixed_zg_zero,5,5,0,-0.0179497964742943,0.0179497964742943,0.0183095925390113,0.022101360476848,0.0221664602850531,5,1,0.2
height_position,obs_30mm/position_5,5,C1,fixed_zg_zero,5,5,0,-0.076985768920666,0.076985768920666,0.0770273541821447,0.0803255655769931,0.0807465119627153,5,1,0.2
