model,v_bin_start_px,v_bin_end_px,v_bin_center_px,count,valid_rate,mean_signed_mm,mae_mm,rmse_mm,median_abs_mm,p95_abs_mm,max_abs_mm
circular_cone,0.000,100.000,50.000,345,1.0,0.17764823821986495,0.17764823821986495,0.17946856587610047,0.17548332424769342,0.2194430413227565,0.24997941934884693
circular_cone,100.000,200.000,150.000,307,1.0,0.16199349101566515,0.16199349101566515,0.16423640927069377,0.1632168099190494,0.20041267846975186,0.22559698252177895
circular_cone,200.000,300.000,250.000,201,1.0,0.13582319155353895,0.13582319155353895,0.13841460519692442,0.13410628815108794,0.18002013054467625,0.20774950803206593
circular_cone,300.000,400.000,350.000,201,1.0,0.08116038668088468,0.0816889251799325,0.08971638523391298,0.09062906244412261,0.13049873824957103,0.16084266090194888
circular_cone,400.000,500.000,450.000,237,1.0,0.00025371038380174617,0.03641983724263616,0.044140703516905674,0.0333486272280652,0.08627583263755693,0.1092301884355038
circular_cone,500.000,600.000,550.000,304,1.0,-0.04945131331144605,0.05203666972923652,0.06286397700668377,0.047704965858940795,0.11081546012443935,0.13878016787907654
circular_cone,600.000,700.000,650.000,300,1.0,-0.08437596965460671,0.0844163584934131,0.09211281979991015,0.08462918590402069,0.14681567587334712,0.1803545738256389
circular_cone,700.000,800.000,750.000,263,1.0,-0.09799028814274378,0.09799028814274378,0.10359470049059029,0.09629664648434755,0.15614849867591826,0.17834943726484198
circular_cone,800.000,900.000,850.000,200,1.0,-0.06835347331046478,0.06893124287793284,0.07771762935064408,0.0677898151901104,0.12651753626624326,0.15686213159131057
circular_cone,900.000,1000.000,950.000,237,1.0,-0.015082418727751965,0.029696440231863012,0.03707518439227001,0.026188336862333017,0.06930952801455986,0.1227388204079034
circular_cone,1000.000,1100.000,1050.000,300,1.0,0.007773610529695816,0.020881817318878955,0.025175144125501554,0.019726152248551898,0.046863100910189824,0.05834755726766616
circular_cone,1100.000,1200.000,1150.000,277,1.0,0.07142767135565296,0.07223031281087133,0.08333112208334252,0.0748789686483633,0.14720276919563274,0.16676310073967215
circular_cone,1200.000,1300.000,1250.000,281,1.0,0.10246947374952343,0.11138073375686985,0.11643569006074943,0.1148416228026008,0.1593578874691275,0.26045492239950363
circular_cone,1300.000,1400.000,1350.000,305,1.0,0.10029805586103581,0.1033176152972012,0.10971965963505566,0.1068711100318751,0.1641531080024379,0.1934523671251327
circular_cone,1400.000,1500.000,1450.000,200,1.0,0.05257906671733906,0.05531268323475103,0.06594724122730812,0.05272647443916867,0.1203935917997512,0.14375294106389447
circular_cone,1500.000,1600.000,1550.000,193,1.0,0.021682130282228988,0.045056938969170464,0.05448568721111564,0.038398568975821945,0.10717332305102897,0.12377484968169483
circular_cone,1600.000,1700.000,1650.000,300,1.0,-0.05113462082581881,0.05450036660612909,0.06349903757322363,0.050560635211525096,0.10761020791613873,0.1287250642997151
circular_cone,1700.000,1800.000,1750.000,312,1.0,-0.05419248670930097,0.05599923086050714,0.06403169496244766,0.053717318900169175,0.10809078665045035,0.18134306746139828
circular_cone,1800.000,1900.000,1850.000,206,1.0,-0.021054019292033925,0.04293038065505197,0.05024836045231712,0.04180266747579253,0.08887029073360964,0.10267683880260847
circular_cone,1900.000,2000.000,1950.000,199,1.0,-0.04724336541880688,0.05429123941910999,0.06653744063639544,0.05614830598130993,0.10816007876832145,0.11999846650940071
circular_cone,2000.000,2100.000,2050.000,377,1.0,-0.08246554603773885,0.08255613293894311,0.09032549255038745,0.07865953062832887,0.14508610345646955,0.19091427549187756
circular_cone,2100.000,2200.000,2150.000,145,1.0,-0.11832584127999028,0.11832584127999028,0.12109964184729317,0.11584228972162691,0.15899609316309124,0.1818891029876113
circular_cone,2200.000,2300.000,2250.000,96,1.0,-0.05876336176217952,0.05876336176217952,0.06261903496007748,0.060213293342485485,0.09585919547720323,0.10381736055353485
circular_cone,2300.000,2400.000,2350.000,100,1.0,-0.07216930856081262,0.07216930856081262,0.07472729511932681,0.06822222558656676,0.10686257219481375,0.12809120609904312
circular_cone,2400.000,2500.000,2450.000,100,1.0,-0.058476452410213826,0.05913052884824765,0.06286030873822848,0.06114060516273412,0.09282909060461293,0.10409157214098741
circular_cone,2500.000,2600.000,2550.000,16,1.0,-0.1024032620636035,0.1024032620636035,0.10364978305648456,0.10673635711799534,0.12028772186806691,0.12061775122606377
quadratic_graph,0.000,100.000,50.000,345,1.0,0.29539050904729885,0.29539050904729885,0.2965434670639145,0.2917443327798992,0.3355781446945684,0.3581437973456332
quadratic_graph,100.000,200.000,150.000,307,1.0,0.2612517819790835,0.2612517819790835,0.26282501201002867,0.26111700260992166,0.30439902655753026,0.32935983528386714
quadratic_graph,200.000,300.000,250.000,201,1.0,0.2145954701283034,0.2145954701283034,0.2165358916663845,0.21401676296090955,0.2609809554194271,0.2944394260154013
quadratic_graph,300.000,400.000,350.000,201,1.0,0.14376679998425138,0.14376679998425138,0.14943576781639561,0.15188836065487976,0.1961859245947153,0.2291202594534525
quadratic_graph,400.000,500.000,450.000,237,1.0,0.0484788104844419,0.05589663295757827,0.06695149255362276,0.05394298010298826,0.1187885249875535,0.14434823896624493
quadratic_graph,500.000,600.000,550.000,304,1.0,-0.012387432158704982,0.033969363341006364,0.041363820666376665,0.029294507834151773,0.07737148026992599,0.10227189511147117
quadratic_graph,600.000,700.000,650.000,300,1.0,-0.05721537932684896,0.05844140586501226,0.06848304753158636,0.0578841043779903,0.12232036902582877,0.15310941822724544
quadratic_graph,700.000,800.000,750.000,263,1.0,-0.07875517043605963,0.07882695751225076,0.08568694976411141,0.07703184430681631,0.13606324764134567,0.15982647315661325
quadratic_graph,800.000,900.000,850.000,200,1.0,-0.056218114151471356,0.05778120989249487,0.06681998973288668,0.056302467986711235,0.1129110415110631,0.14229008329459703
quadratic_graph,900.000,1000.000,950.000,237,1.0,-0.008593991825443025,0.026867483991294388,0.03446658756785394,0.022490990005621825,0.0668132363772201,0.128467542745625
quadratic_graph,1000.000,1100.000,1050.000,300,1.0,0.010367050337786546,0.021723378377476288,0.02614533224248455,0.020465181682482125,0.0478253391237388,0.059783460138419287
quadratic_graph,1100.000,1200.000,1150.000,277,1.0,0.07103893940872476,0.07175613482000422,0.0826825939366061,0.07428524682552506,0.1457839395092151,0.16512380992730868
quadratic_graph,1200.000,1300.000,1250.000,281,1.0,0.09994848136228626,0.1090520118066458,0.11416330262448242,0.11219715861989243,0.1565114262670022,0.2620710651971194
quadratic_graph,1300.000,1400.000,1350.000,305,1.0,0.0967477384172354,0.09993288520110105,0.10650438578361142,0.10331613140033369,0.16059651868579297,0.18985005728518445
quadratic_graph,1400.000,1500.000,1450.000,200,1.0,0.0488470542867941,0.0523274371199517,0.0629954623614472,0.04896360921912901,0.11664146115462015,0.13995489155456653
quadratic_graph,1500.000,1600.000,1550.000,193,1.0,0.018542078903048105,0.04414755463315939,0.0531226792500246,0.038189044115256365,0.10376354791821993,0.12031120611447932
quadratic_graph,1600.000,1700.000,1650.000,300,1.0,-0.05281988011493165,0.05582896710943108,0.06461869167958631,0.05227091946699147,0.10838516208496003,0.12950139499366742
quadratic_graph,1700.000,1800.000,1750.000,312,1.0,-0.05365932531049403,0.0555653149362376,0.0637687368991929,0.05323792095970248,0.10810282464289003,0.17961227643593247
quadratic_graph,1800.000,1900.000,1850.000,206,1.0,-0.01765952724762819,0.042199835863272854,0.04885435318112581,0.041245956946568185,0.08528547900465355,0.09992573227088997
quadratic_graph,1900.000,2000.000,1950.000,199,1.0,-0.03992211730014022,0.049997087007402304,0.061572862012218614,0.051416069136280385,0.10083067804449683,0.11214758295795946
quadratic_graph,2000.000,2100.000,2050.000,377,1.0,-0.0701300986806029,0.07046574577502157,0.07875277254425457,0.06630097957236103,0.1318010352092415,0.17680975637756546
quadratic_graph,2100.000,2200.000,2150.000,145,1.0,-0.10195786113826812,0.10195786113826812,0.10524842256793064,0.1000907118240093,0.1430443229112825,0.16598882595724263
quadratic_graph,2200.000,2300.000,2250.000,96,1.0,-0.033630733935773094,0.034457057200192764,0.039914937607400565,0.034549180009435076,0.07143746851204469,0.0760094715365085
quadratic_graph,2300.000,2400.000,2350.000,100,1.0,-0.038885702080899594,0.038885702080899594,0.043635410865923575,0.03671295354763515,0.07472225159623917,0.09513621420444451
quadratic_graph,2400.000,2500.000,2450.000,100,1.0,-0.015527705535585029,0.022683918541708863,0.027718401843301464,0.02116852289094595,0.05578425617279662,0.0640110290935354
quadratic_graph,2500.000,2600.000,2550.000,16,1.0,-0.053049130507339726,0.053049130507339726,0.05532272303565902,0.05737037826963842,0.07113974211270602,0.07138326255346783
