cv_scheme,heldout_group,aggregation,h_rmse_mm,l_rmse_mm,delta_rmse_L_minus_H_mm,h_p95_abs_mm,l_p95_abs_mm,delta_p95_L_minus_H_mm,h_worst_condition_abs_mm,l_worst_condition_abs_mm,delta_worst_L_minus_H_mm,worst_condition_improvement_ratio_L_vs_H,l_not_worse_rmse_p95_worst
LOBO_height_band,ALL_FOLDS,pooled_condition_means,0.0465413948191651,0.060104453643497195,0.013563058824332098,0.08970846173384965,0.10325479810128854,0.013546336367438891,0.09463080930584412,0.12746566252667257,0.03283485322082845,-0.3469784678128148,False
LOBO_height_band,high_36_40_46,fold,0.02501176080682884,0.07358836052221542,0.048576599715386574,0.04071924937426383,0.10390040428805188,0.06318115491378805,0.044798227311155195,0.11213860604547371,0.06734037873431852,-1.5031929336532053,False
LOBO_height_band,low_1_2_6_10,fold,0.05992082056601504,0.0358254128825582,-0.02409540768345684,0.09064611629283148,0.060306294133625,-0.030339822159206477,0.09463080930584412,0.07454302517729548,-0.02008778412854864,0.21227530733278932,True
LOBO_height_band,mid_20_30,fold,0.042077369578828024,0.07303256073926374,0.03095519116043572,0.07980596586415124,0.11679988058275095,0.03699391471859971,0.08826451230414521,0.12746566252667257,0.03920115022252736,-0.4441326326876032,False
LOHO_height,ALL_FOLDS,pooled_condition_means,0.029547186764170386,0.06179048712678539,0.03224330036261501,0.048647584949492145,0.10923108075805461,0.06058349580856247,0.0852828865136181,0.13665692068995244,0.05137403417633435,-0.6023955834108742,False
LOHO_height,height_10mm,fold,0.018834338280793977,0.04353850234914596,0.024704164068351984,0.0325547400741904,0.06733501370258943,0.03478027362839903,0.03627030339364842,0.0745002051005609,0.038229901706912484,-1.0540276239764572,False
LOHO_height,height_1mm,fold,0.02835170133825968,0.034285090294292164,0.005933388956032484,0.04273400161733166,0.051125547510489575,0.008391545893157916,0.04387835442016455,0.05427395436845977,0.010395599948295219,-0.23691863757583992,False
LOHO_height,height_20mm,fold,0.03624531153473558,0.07167968567826381,0.035434374143528236,0.06087890210342312,0.10324606047981802,0.042367158376394896,0.06601902105798574,0.10848939224284868,0.04247037118486294,-0.6433050733600005,False
LOHO_height,height_2mm,fold,0.022271147423564397,0.03378238799908967,0.011511240575525272,0.03284664879958642,0.05237895999929629,0.01953231119970987,0.03397242179531948,0.056078960340905426,0.022106538545585946,-0.6507201246580441,False
LOHO_height,height_30mm,fold,0.04314175524921515,0.08684752931983997,0.043705774070624814,0.07660387476442129,0.12807518440303722,0.05147130963861593,0.0852828865136181,0.13665692068995244,0.05137403417633435,-0.6023955834108742,False
LOHO_height,height_36mm,fold,0.03205273164475676,0.0685533679711831,0.03650063632642633,0.045357595384226956,0.09666024580456525,0.0513026504203383,0.047646826680127374,0.10094340045590262,0.05329657377577525,-1.118575516761629,False
LOHO_height,height_40mm,fold,0.026784295978206932,0.0448705472125671,0.018086251234360168,0.03412698083065712,0.07235893183242806,0.03823195100177094,0.03418531738063174,0.08102049965909973,0.04683518227846799,-1.3700379539258933,False
LOHO_height,height_46mm,fold,0.013744591695492416,0.09658693384905885,0.08284234215356644,0.01934000810634664,0.11391181283049998,0.09457180472415333,0.020621733478822638,0.11504927429646987,0.09442754081764723,-4.579030221422414,False
LOHO_height,height_6mm,fold,0.03191772104346688,0.029874080644922696,-0.002043640398544183,0.0459785193226784,0.05288677420145873,0.006908254878780329,0.04882418934996828,0.05865591091445392,0.00983172156448564,-0.20136988847910134,False
LOPO_position_rank,ALL_FOLDS,pooled_condition_means,0.032261010847013834,0.07289780534507771,0.04063679449806388,0.06378108168621312,0.13494182303773095,0.07116074135151783,0.08920950938231356,0.1692747085974008,0.08006519921508723,-0.8974962396885543,False
LOPO_position_rank,rank_1,fold,0.02820023406182102,0.024393365467277644,-0.0038068685945433778,0.04196749847054526,0.04854571042478295,0.006578211954237689,0.043031297633657734,0.05054301965415278,0.0075117220204950486,-0.17456415292063177,False
LOPO_position_rank,rank_2,fold,0.01983876428689405,0.08314374595629906,0.06330498166940501,0.03547293045738054,0.11781243664215235,0.08233950618477182,0.041663042108544907,0.11967950554371347,0.07801646343516856,-1.8725580151327388,False
LOPO_position_rank,rank_3,fold,0.0358193619420296,0.03892277202205699,0.0031034100800273884,0.058753790200335984,0.05737112729933555,-0.0013826629010004338,0.07082391813745793,0.05863461748835996,-0.012189300649097977,0.17210712100734793,False
LOPO_position_rank,rank_4,fold,0.024640357055698107,0.06559543995932389,0.04095508290362578,0.04106729031722801,0.0955262246650107,0.0544589343477827,0.04427315085382881,0.0976061483464313,0.053332997492602494,-1.204635235217061,False
LOPO_position_rank,rank_5,fold,0.047384751027329045,0.11885274933681247,0.07146799830948343,0.08166725215301182,0.15975859160385597,0.07809133945084415,0.08920950938231356,0.1692747085974008,0.08006519921508723,-0.8974962396885543,False
strict_50mm_validation,ALL_FOLDS,pooled_condition_means,0.039136394799891845,,,0.06590981811846688,,,0.07155704894328102,,,,False
strict_50mm_validation,height_50mm_strict_heldout,fold,0.039136394799891845,,,0.06590981811846688,,,0.07155704894328102,,,,False
