split,pose_id,coordinate,bin_index,x_left,x_right,x_center,frame_count_valid,frame_coverage_fraction,point_count_total,profile_available,absolute_profile_zg_mm,detrended_profile_mm,factory_profile_mm,factory_support,fit_common_support_bin
fit,001,full_v,0,566.0,612.225,589.1125,5,1.0,235,True,-0.28344829653474335,-0.03158258049173218,-0.03825222918153468,True,True
fit,001,full_v,1,612.225,658.45,635.3375000000001,5,1.0,230,True,-0.3154981998818016,-0.06666688444630378,-0.03656600477747957,True,True
fit,001,full_v,2,658.45,704.675,681.5625,5,1.0,230,True,-0.32254128486931677,-0.07747291496247936,-0.034879724620971025,True,True
fit,001,full_v,3,704.675,750.9,727.7874999999999,5,1.0,230,True,-0.3252127420058173,-0.08232999426717647,-0.033193467816709635,True,True
fit,001,full_v,4,750.9,797.125,774.0125,5,1.0,122,True,-0.35377864852239327,-0.11226395587853027,-0.03150731346939598,True,True
fit,001,full_v,5,797.125,843.35,820.2375,5,1.0,230,True,-0.31414098246739286,-0.07698909787369787,-0.02982134068373069,True,True
fit,001,full_v,6,843.35,889.575,866.4625000000001,5,1.0,230,True,-0.32705909007734135,-0.09235293305967422,-0.02813562856441436,True,True
fit,001,full_v,7,889.575,935.8,912.6875,5,1.0,230,True,-0.2894045828262506,-0.05813341513442723,-0.026450256216147595,True,True
fit,001,full_v,8,935.8,982.0250000000001,958.9125,5,1.0,235,True,-0.3033810691930512,-0.07262402568346663,-0.024765302743630976,True,True
fit,001,full_v,9,982.0250000000001,1028.25,1005.1375,5,1.0,230,True,-0.24712638562471057,-0.019212480323385767,-0.023080850470631232,True,True
fit,001,full_v,10,1028.25,1074.475,1051.3625,5,1.0,150,True,-0.2622688828132027,-0.03706599809677692,-0.021396994597179482,True,True
fit,001,full_v,11,1074.475,1120.7,1097.5875,5,1.0,230,True,-0.24846487826181374,-0.02704208470785638,-0.01971383354237294,True,True
fit,001,full_v,12,1120.7,1166.9250000000002,1143.8125,5,1.0,230,True,-0.1916008622138179,0.026871491703447867,-0.01803146572530887,True,True
fit,001,full_v,13,1166.9250000000002,1213.15,1190.0375000000001,5,1.0,235,True,-0.1782513660504037,0.03608423520332038,-0.01634998956508447,True,True
fit,001,full_v,14,1213.15,1259.375,1236.2625,5,1.0,230,True,-0.1720243617988899,0.04046381103101476,-0.014669503480797002,True,True
fit,001,full_v,15,1259.375,1305.6,1282.4875,5,1.0,230,True,-0.16531581494615466,0.04486475660976476,-0.012990105891543669,True,True
fit,001,full_v,16,1305.6,1351.825,1328.7125,5,1.0,230,True,-0.14667572979004717,0.06010340098639723,-0.011311895216421713,True,True
fit,001,full_v,17,1351.825,1398.0500000000002,1374.9375,5,1.0,200,True,-0.16793049081337585,0.03561950656817131,-0.009634965105644917,True,True
fit,001,full_v,18,1398.0500000000002,1444.275,1421.1625000000001,5,1.0,230,True,-0.1782364228496931,0.02333009501576544,-0.007959299525107618,True,True
fit,001,full_v,19,1444.275,1490.5,1467.3875,5,1.0,230,True,-0.16516083165657847,0.03367732830637518,-0.006284772756384747,True,True
fit,001,full_v,20,1490.5,1536.725,1513.6125,5,1.0,230,True,-0.16831352971945535,0.028162598010296455,-0.004611254312167767,True,True
fit,001,full_v,21,1536.725,1582.95,1559.8375,5,1.0,230,True,-0.20752262139069444,-0.014689326840903155,-0.0029386137051481314,True,True
fit,001,full_v,22,1582.95,1629.175,1606.0625,5,1.0,235,True,-0.23099409329870468,-0.039738401829103265,-0.0012667204480173275,True,True
fit,001,full_v,23,1629.175,1675.4,1652.2875,5,1.0,230,True,-0.2372442075097183,-0.049968532461249784,0.0004045559465331934,True,True
fit,001,full_v,24,1675.4,1721.625,1698.5125,5,1.0,230,True,-0.26015783218423394,-0.0746683004152687,0.0020753459658119687,True,True
fit,001,full_v,25,1721.625,1767.8500000000001,1744.7375000000002,5,1.0,230,True,-0.22639063261203773,-0.04477942716852415,0.0037457800971275254,True,True
fit,001,full_v,26,1767.8500000000001,1814.075,1790.9625,5,1.0,235,True,-0.18838316195615334,-0.008163814146960768,0.005415971780100406,True,True
fit,001,full_v,27,1814.075,1860.3,1837.1875,5,1.0,230,True,-0.17256510372163802,0.0035674032454596216,0.007085966263599221,True,True
fit,001,full_v,28,1860.3,1906.525,1883.4125,5,1.0,230,True,-0.14580863607591255,0.02750136078655857,0.008755791748804595,True,True
fit,001,full_v,29,1906.525,1952.75,1929.6375,5,1.0,187,True,-0.1786474385380643,-0.006462603534678729,0.010425476436897152,True,True
fit,001,full_v,30,1952.75,1998.9750000000001,1975.8625000000002,5,1.0,230,True,-0.1442587443117418,0.02472950683393209,0.01209504852905751,True,True
fit,001,full_v,31,1998.9750000000001,2045.2,2022.0875,5,1.0,235,True,-0.1624445449307359,0.0025735769653222607,0.013764536226466277,True,True
fit,001,full_v,32,2045.2,2091.425,2068.3125,5,1.0,230,True,-0.15602777843008653,0.005920900625766584,0.015433967730304084,True,True
fit,001,full_v,33,2091.425,2137.65,2114.5375000000004,5,1.0,230,True,-0.19697198173633979,-0.03724385565515202,0.01710337124175157,True,True
fit,001,full_v,34,2137.65,2183.875,2160.7625,5,1.0,230,True,-0.16590235843699475,-0.009467008647434688,,False,False
fit,001,full_v,35,2183.875,2230.1000000000004,2206.9875,5,1.0,200,True,-0.15707518838229362,-0.0027416415125513516,,False,False
fit,001,full_v,36,2230.1000000000004,2276.325,2253.2125,5,1.0,175,True,-0.1576365742306507,-0.0075739376479364295,,False,False
fit,001,full_v,37,2276.325,2322.55,2299.4375,5,1.0,230,True,-0.1296028404275944,0.01984440861292354,,False,False
fit,001,full_v,38,2322.55,2368.775,2345.6625000000004,5,1.0,230,True,-0.11707015763920481,0.028378734269173908,,False,False
fit,001,full_v,39,2368.775,2415.0,2391.8875,5,1.0,235,True,-0.11100185861278078,0.031393883966956915,,False,False
fit,002,full_v,0,566.0,612.225,589.1125,5,1.0,235,True,-0.21668088857040857,-0.03097099965319522,-0.03825222918153468,True,True
fit,002,full_v,1,612.225,658.45,635.3375000000001,5,1.0,230,True,-0.2351961547602741,-0.04712871609375116,-0.03656600477747957,True,True
fit,002,full_v,2,658.45,704.675,681.5625,5,1.0,155,True,-0.2565951630347172,-0.07151306474235189,-0.034879724620971025,True,True
fit,002,full_v,3,704.675,750.9,727.7874999999999,5,1.0,210,True,-0.2753555479941383,-0.09060090701149201,-0.033193467816709635,True,True
fit,002,full_v,4,750.9,797.125,774.0125,5,1.0,235,True,-0.2688353261468137,-0.0844741476372248,-0.03150731346939598,True,True
fit,002,full_v,5,797.125,843.35,820.2375,5,1.0,230,True,-0.2582271885501086,-0.07273091581927162,-0.02982134068373069,True,True
fit,002,full_v,6,843.35,889.575,866.4625000000001,5,1.0,230,True,-0.24990903091980954,-0.0659843947160945,-0.02813562856441436,True,True
fit,002,full_v,7,889.575,935.8,912.6875,5,1.0,230,True,-0.22162605149816272,-0.03673874986821901,-0.026450256216147595,True,True
fit,002,full_v,8,935.8,982.0250000000001,958.9125,5,1.0,205,True,-0.2202310549056392,-0.035934012936802706,-0.024765302743630976,True,True
fit,002,full_v,9,982.0250000000001,1028.25,1005.1375,5,1.0,115,True,-0.20101600261966723,-0.017935731139155614,-0.023080850470631232,True,True
fit,002,full_v,10,1028.25,1074.475,1051.3625,5,1.0,230,True,-0.17204532867214084,0.010619987167210451,-0.021396994597179482,True,True
fit,002,full_v,11,1074.475,1120.7,1097.5875,5,1.0,230,True,-0.16430112511454809,0.019096865258975262,-0.01971383354237294,True,True
fit,002,full_v,12,1120.7,1166.9250000000002,1143.8125,5,1.0,230,True,-0.14515175987230577,0.037423827041871305,-0.01803146572530887,True,True
fit,002,full_v,13,1166.9250000000002,1213.15,1190.0375000000001,5,1.0,235,True,-0.12689064053017773,0.05516105604257676,-0.01634998956508447,True,True
fit,002,full_v,14,1213.15,1259.375,1236.2625,5,1.0,230,True,-0.11486016515112851,0.06747065954067302,-0.014669503480797002,True,True
fit,002,full_v,15,1259.375,1305.6,1282.4875,5,1.0,37,True,-0.22373585052127964,-0.040085741420756715,-0.012990105891543669,True,True
fit,002,full_v,16,1305.6,1351.825,1328.7125,5,1.0,230,True,-0.10191200485593299,0.08024332954572415,-0.011311895216421713,True,True
fit,002,full_v,17,1351.825,1398.0500000000002,1374.9375,5,1.0,235,True,-0.09917811863181214,0.08217457460661523,-0.009634965105644917,True,True
fit,002,full_v,18,1398.0500000000002,1444.275,1421.1625000000001,5,1.0,230,True,-0.1372822602074848,0.04440189922325341,-0.007959299525107618,True,True
fit,002,full_v,19,1444.275,1490.5,1467.3875,5,1.0,230,True,-0.13019815650937971,0.05020254936994553,-0.006284772756384747,True,True
fit,002,full_v,20,1490.5,1536.725,1513.6125,5,1.0,230,True,-0.14050752948423906,0.03970254373947785,-0.004611254312167767,True,True
fit,002,full_v,21,1536.725,1582.95,1559.8375,5,1.0,70,True,-0.16943376639432017,0.010982175120381271,-0.0029386137051481314,True,True
fit,002,full_v,22,1582.95,1629.175,1606.0625,5,1.0,160,True,-0.23049659251768162,-0.05088697697656716,-0.0012667204480173275,True,True
fit,002,full_v,23,1629.175,1675.4,1652.2875,5,1.0,230,True,-0.2266634995843333,-0.0480426054213844,0.0004045559465331934,True,True
fit,002,full_v,24,1675.4,1721.625,1698.5125,5,1.0,230,True,-0.24847079431708607,-0.06841713528104706,0.0020753459658119687,True,True
fit,002,full_v,25,1721.625,1767.8500000000001,1744.7375000000002,5,1.0,230,True,-0.23621542090705816,-0.05706663689269942,0.0037457800971275254,True,True
fit,002,full_v,26,1767.8500000000001,1814.075,1790.9625,5,1.0,235,True,-0.20622994199266032,-0.026844660408128856,0.005415971780100406,True,True
fit,002,full_v,27,1814.075,1860.3,1837.1875,5,1.0,120,True,-0.17610559906489698,0.0025415067648032613,0.007085966263599221,True,True
fit,002,full_v,28,1860.3,1906.525,1883.4125,5,1.0,65,True,-0.2255894530516116,-0.04760983377657371,0.008755791748804595,True,True
fit,002,full_v,29,1906.525,1952.75,1929.6375,5,1.0,230,True,-0.18936606096855257,-0.011099531449226235,0.010425476436897152,True,True
fit,002,full_v,30,1952.75,1998.9750000000001,1975.8625000000002,5,1.0,230,True,-0.16682246941473977,0.009843674814275588,0.01209504852905751,True,True
fit,002,full_v,31,1998.9750000000001,2045.2,2022.0875,5,1.0,235,True,-0.1793353077566735,7.39903655533336e-05,0.013764536226466277,True,True
fit,002,full_v,32,2045.2,2091.425,2068.3125,5,1.0,230,True,-0.18533376699042492,-0.008353389409729878,0.015433967730304084,True,True
fit,002,full_v,33,2091.425,2137.65,2114.5375000000004,5,1.0,180,True,-0.21468343616265884,-0.037848588772462735,0.01710337124175157,True,True
fit,002,full_v,34,2137.65,2183.875,2160.7625,0,0.0,0,False,,,,False,False
fit,002,full_v,35,2183.875,2230.1000000000004,2206.9875,5,1.0,210,True,-0.18217623541914918,-0.006160685745251943,,False,False
fit,002,full_v,36,2230.1000000000004,2276.325,2253.2125,5,1.0,230,True,-0.18227599564391994,-0.00641313339930899,,False,False
fit,002,full_v,37,2276.325,2322.55,2299.4375,5,1.0,230,True,-0.1559094179374938,0.018480701439664307,,False,False
fit,002,full_v,38,2322.55,2368.775,2345.6625000000004,5,1.0,230,True,-0.1433082465441089,0.031699236939568706,,False,False
fit,002,full_v,39,2368.775,2415.0,2391.8875,5,1.0,235,True,-0.15530028774992388,0.0203167519191155,,False,False
fit,003,full_v,0,566.0,612.225,589.1125,5,1.0,235,True,-0.33031956799186446,-0.00701713441996793,-0.03825222918153468,True,True
fit,003,full_v,1,612.225,658.45,635.3375000000001,5,1.0,230,True,-0.3558467267131391,-0.037550922074672644,-0.03656600477747957,True,True
fit,003,full_v,2,658.45,704.675,681.5625,5,1.0,230,True,-0.36873231138213214,-0.05410503107847012,-0.034879724620971025,True,True
fit,003,full_v,3,704.675,750.9,727.7874999999999,5,1.0,230,True,-0.38574356855303904,-0.07820050680614654,-0.033193467816709635,True,True
fit,003,full_v,4,750.9,797.125,774.0125,5,1.0,235,True,-0.3955900036012281,-0.09238547539493219,-0.03150731346939598,True,True
fit,003,full_v,5,797.125,843.35,820.2375,5,1.0,56,True,-0.3657201395132006,-0.07005889300684348,-0.02982134068373069,True,True
fit,003,full_v,6,843.35,889.575,866.4625000000001,5,1.0,190,True,-0.36135451911911787,-0.0695219404934857,-0.02813562856441436,True,True
fit,003,full_v,7,889.575,935.8,912.6875,5,1.0,230,True,-0.330754409851977,-0.045233899428345964,-0.026450256216147595,True,True
fit,003,full_v,8,935.8,982.0250000000001,958.9125,5,1.0,235,True,-0.3099771761322927,-0.02904550983694798,-0.024765302743630976,True,True
fit,003,full_v,9,982.0250000000001,1028.25,1005.1375,5,1.0,230,True,-0.2873579372737254,-0.013401391519794692,-0.023080850470631232,True,True
fit,003,full_v,10,1028.25,1074.475,1051.3625,5,1.0,230,True,-0.2691495339006451,0.0016756226992189482,-0.021396994597179482,True,True
fit,003,full_v,11,1074.475,1120.7,1097.5875,5,1.0,140,True,-0.25228717860750294,0.014809192648084002,-0.01971383354237294,True,True
fit,003,full_v,12,1120.7,1166.9250000000002,1143.8125,5,1.0,135,True,-0.21163823585573027,0.04807339751903933,-0.01803146572530887,True,True
fit,003,full_v,13,1166.9250000000002,1213.15,1190.0375000000001,5,1.0,235,True,-0.19542145686432377,0.06070443971212014,-0.01634998956508447,True,True
fit,003,full_v,14,1213.15,1259.375,1236.2625,5,1.0,230,True,-0.20362073195201447,0.04703507349854674,-0.014669503480797002,True,True
fit,003,full_v,15,1259.375,1305.6,1282.4875,5,1.0,230,True,-0.19235534426815093,0.052509939592115015,-0.012990105891543669,True,True
fit,003,full_v,16,1305.6,1351.825,1328.7125,5,1.0,230,True,-0.16569940433822694,0.07426091848268321,-0.011311895216421713,True,True
fit,003,full_v,17,1351.825,1398.0500000000002,1374.9375,5,1.0,225,True,-0.16764621938511937,0.06562786881482313,-0.009634965105644917,True,True
fit,003,full_v,18,1398.0500000000002,1444.275,1421.1625000000001,5,1.0,85,True,-0.1642948443138721,0.06276091787529928,-0.007959299525107618,True,True
fit,003,full_v,19,1444.275,1490.5,1467.3875,5,1.0,230,True,-0.15456402693604332,0.0703209056297306,-0.006284772756384747,True,True
fit,003,full_v,20,1490.5,1536.725,1513.6125,5,1.0,230,True,-0.17124701015058008,0.04712945181734689,-0.004611254312167767,True,True
fit,003,full_v,21,1536.725,1582.95,1559.8375,5,1.0,230,True,-0.19619898552616633,0.018878384039150084,-0.0029386137051481314,True,True
fit,003,full_v,22,1582.95,1629.175,1606.0625,5,1.0,235,True,-0.2414633833928974,-0.03289683080111777,-0.0012667204480173275,True,True
fit,003,full_v,23,1629.175,1675.4,1652.2875,5,1.0,230,True,-0.25543507034319646,-0.05081359995701018,0.0004045559465331934,True,True
fit,003,full_v,24,1675.4,1721.625,1698.5125,5,1.0,90,True,-0.24316270504272097,-0.042369116884017025,0.0020753459658119687,True,True
fit,003,full_v,25,1721.625,1767.8500000000001,1744.7375000000002,5,1.0,230,True,-0.19831714848891124,-0.004962413700481741,0.0037457800971275254,True,True
fit,003,full_v,26,1767.8500000000001,1814.075,1790.9625,5,1.0,235,True,-0.20373423989781259,-0.01642871023958667,0.005415971780100406,True,True
fit,003,full_v,27,1814.075,1860.3,1837.1875,5,1.0,230,True,-0.16454911075123846,0.017855224572954714,0.007085966263599221,True,True
fit,003,full_v,28,1860.3,1906.525,1883.4125,5,1.0,230,True,-0.1525788267564394,0.025364250754203607,0.008755791748804595,True,True
fit,003,full_v,29,1906.525,1952.75,1929.6375,5,1.0,230,True,-0.16542149783845161,0.0066030286902881985,0.010425476436897152,True,True
fit,003,full_v,30,1952.75,1998.9750000000001,1975.8625000000002,5,1.0,160,True,-0.13579117816544795,0.03159730295967529,0.01209504852905751,True,True
fit,003,full_v,31,1998.9750000000001,2045.2,2022.0875,5,1.0,188,True,-0.13532275942458227,0.02558572114218291,0.013764536226466277,True,True
fit,003,full_v,32,2045.2,2091.425,2068.3125,5,1.0,230,True,-0.14260301643668072,0.013046458908934563,0.015433967730304084,True,True
fit,003,full_v,33,2091.425,2137.65,2114.5375000000004,5,1.0,230,True,-0.138351317567583,0.014702875830400142,0.01710337124175157,True,True
fit,003,full_v,34,2137.65,2183.875,2160.7625,5,1.0,230,True,-0.1206262082571925,0.024623762951374986,,False,False
fit,003,full_v,35,2183.875,2230.1000000000004,2206.9875,5,1.0,235,True,-0.10797888360070829,0.033430974842234173,,False,False
fit,003,full_v,36,2230.1000000000004,2276.325,2253.2125,5,1.0,230,True,-0.12148436939082785,0.013378261330942748,,False,False
fit,003,full_v,37,2276.325,2322.55,2299.4375,5,1.0,130,True,-0.09078270643834685,0.038578666683239726,,False,False
fit,003,full_v,38,2322.55,2368.775,2345.6625000000004,5,1.0,230,True,-0.09230154115664391,0.03262311885817365,,False,False
fit,003,full_v,39,2368.775,2415.0,2391.8875,5,1.0,235,True,-0.1043677851503162,0.018580004015544493,,False,False
fit,004,full_v,0,566.0,612.225,589.1125,5,1.0,235,True,-0.30096061481867764,-0.034440131646517935,-0.03825222918153468,True,True
fit,004,full_v,1,612.225,658.45,635.3375000000001,5,1.0,230,True,-0.3045854374299779,-0.04042493154571744,-0.03656600477747957,True,True
fit,004,full_v,2,658.45,704.675,681.5625,5,1.0,230,True,-0.32306664844406896,-0.06266288234918893,-0.034879724620971025,True,True
fit,004,full_v,3,704.675,750.9,727.7874999999999,5,1.0,230,True,-0.34516503280383404,-0.08751455998216123,-0.033193467816709635,True,True
fit,004,full_v,4,750.9,797.125,774.0125,5,1.0,235,True,-0.35008134749364217,-0.09382577841748829,-0.03150731346939598,True,True
fit,004,full_v,5,797.125,843.35,820.2375,5,1.0,145,True,-0.3394203558459594,-0.08589595809076528,-0.02982134068373069,True,True
fit,004,full_v,6,843.35,889.575,866.4625000000001,5,1.0,230,True,-0.3264985112036243,-0.07601180490231303,-0.02813562856441436,True,True
fit,004,full_v,7,889.575,935.8,912.6875,5,1.0,230,True,-0.3092591345777578,-0.061607969259857995,-0.026450256216147595,True,True
fit,004,full_v,8,935.8,982.0250000000001,958.9125,5,1.0,235,True,-0.2944810236217563,-0.04948944630618196,-0.024765302743630976,True,True
fit,004,full_v,9,982.0250000000001,1028.25,1005.1375,5,1.0,230,True,-0.2669264040712278,-0.023740611052426155,-0.023080850470631232,True,True
fit,004,full_v,10,1028.25,1074.475,1051.3625,5,1.0,230,True,-0.23459327264617968,0.004200281773448292,-0.021396994597179482,True,True
fit,004,full_v,11,1074.475,1120.7,1097.5875,5,1.0,195,True,-0.23670350112979577,0.0008852829930335315,-0.01971383354237294,True,True
fit,004,full_v,12,1120.7,1166.9250000000002,1143.8125,5,1.0,195,True,-0.18034809539403795,0.052086280019892434,-0.01803146572530887,True,True
fit,004,full_v,13,1166.9250000000002,1213.15,1190.0375000000001,5,1.0,235,True,-0.17620864126786273,0.05625535834679185,-0.01634998956508447,True,True
fit,004,full_v,14,1213.15,1259.375,1236.2625,5,1.0,230,True,-0.15569457711092127,0.07279883737962271,-0.014669503480797002,True,True
fit,004,full_v,15,1259.375,1305.6,1282.4875,5,1.0,230,True,-0.14621206564891054,0.079783083058092,-0.012990105891543669,True,True
fit,004,full_v,16,1305.6,1351.825,1328.7125,5,1.0,230,True,-0.1376743125550206,0.08653320031646855,-0.011311895216421713,True,True
fit,004,full_v,17,1351.825,1398.0500000000002,1374.9375,5,1.0,235,True,-0.1689078560808639,0.052614975636241484,-0.009634965105644917,True,True
fit,004,full_v,18,1398.0500000000002,1444.275,1421.1625000000001,5,1.0,175,True,-0.17434727082081736,0.04342806458766976,-0.007959299525107618,True,True
fit,004,full_v,19,1444.275,1490.5,1467.3875,5,1.0,230,True,-0.14162293769595635,0.07477801949944098,-0.006284772756384747,True,True
fit,004,full_v,20,1490.5,1536.725,1513.6125,5,1.0,230,True,-0.17592336971523537,0.037047512886382264,-0.004611254312167767,True,True
fit,004,full_v,21,1536.725,1582.95,1559.8375,5,1.0,230,True,-0.20041932544296515,0.008677062190883225,-0.0029386137051481314,True,True
fit,004,full_v,22,1582.95,1629.175,1606.0625,5,1.0,235,True,-0.2556649644083109,-0.04817640489388081,-0.0012667204480173275,True,True
fit,004,full_v,23,1629.175,1675.4,1652.2875,5,1.0,230,True,-0.2647335175664125,-0.0622399633433344,0.0004045559465331934,True,True
fit,004,full_v,24,1675.4,1721.625,1698.5125,5,1.0,166,True,-0.2656856687154914,-0.06282955603577828,0.0020753459658119687,True,True
fit,004,full_v,25,1721.625,1767.8500000000001,1744.7375000000002,5,1.0,230,True,-0.2521243617520099,-0.05295351789514498,0.0037457800971275254,True,True
fit,004,full_v,26,1767.8500000000001,1814.075,1790.9625,5,1.0,235,True,-0.2052124944332263,-0.009700263395137187,0.005415971780100406,True,True
fit,004,full_v,27,1814.075,1860.3,1837.1875,5,1.0,230,True,-0.196247283405512,-0.0024434935727374874,0.007085966263599221,True,True
fit,004,full_v,28,1860.3,1906.525,1883.4125,5,1.0,230,True,-0.17374579200100015,0.01686275483422804,0.008755791748804595,True,True
fit,004,full_v,29,1906.525,1952.75,1929.6375,5,1.0,230,True,-0.18376609529605048,0.003987303665645869,0.010425476436897152,True,True
fit,004,full_v,30,1952.75,1998.9750000000001,1975.8625000000002,5,1.0,190,True,-0.17588812329421444,0.009406179106559165,0.01209504852905751,True,True
fit,004,full_v,31,1998.9750000000001,2045.2,2022.0875,5,1.0,220,True,-0.1643392995152908,0.017313874004774063,0.013764536226466277,True,True
fit,004,full_v,32,2045.2,2091.425,2068.3125,5,1.0,230,True,-0.17859894390016962,0.001246810938448445,0.015433967730304084,True,True
fit,004,full_v,33,2091.425,2137.65,2114.5375000000004,5,1.0,230,True,-0.21457865416249433,-0.038799629076874925,0.01710337124175157,True,True
fit,004,full_v,34,2137.65,2183.875,2160.7625,5,1.0,230,True,-0.18708933195784994,-0.013187695927228654,,False,False
fit,004,full_v,35,2183.875,2230.1000000000004,2206.9875,5,1.0,235,True,-0.1936851813229623,-0.021985839978029886,,False,False
fit,004,full_v,36,2230.1000000000004,2276.325,2253.2125,5,1.0,230,True,-0.18829582493253838,-0.020192136669613087,,False,False
fit,004,full_v,37,2276.325,2322.55,2299.4375,5,1.0,165,True,-0.1474972851168559,0.018152636648333192,,False,False
fit,004,full_v,38,2322.55,2368.775,2345.6625000000004,5,1.0,230,True,-0.14226438009075082,0.022023202355841834,,False,False
fit,004,full_v,39,2368.775,2415.0,2391.8875,5,1.0,235,True,-0.13047523486864065,0.030050888893200928,,False,False
fit,005,full_v,0,566.0,612.225,589.1125,5,1.0,235,True,-0.2623604992917308,-0.04207311595928945,-0.03825222918153468,True,True
fit,005,full_v,1,612.225,658.45,635.3375000000001,5,1.0,230,True,-0.29272488673660746,-0.07382961813582428,-0.03656600477747957,True,True
fit,005,full_v,2,658.45,704.675,681.5625,5,1.0,230,True,-0.2847820163161714,-0.06641680410238546,-0.034879724620971025,True,True
fit,005,full_v,3,704.675,750.9,727.7874999999999,5,1.0,230,True,-0.3296038628395763,-0.11264848208684423,-0.033193467816709635,True,True
fit,005,full_v,4,750.9,797.125,774.0125,5,1.0,235,True,-0.3220235399676312,-0.10576095466828683,-0.03150731346939598,True,True
fit,005,full_v,5,797.125,843.35,820.2375,5,1.0,175,True,-0.302438270388393,-0.08660893983236276,-0.02982134068373069,True,True
fit,005,full_v,6,843.35,889.575,866.4625000000001,5,1.0,230,True,-0.28820006330050774,-0.07358378336317699,-0.02813562856441436,True,True
fit,005,full_v,7,889.575,935.8,912.6875,5,1.0,230,True,-0.26966032477122326,-0.05547227104513407,-0.026450256216147595,True,True
fit,005,full_v,8,935.8,982.0250000000001,958.9125,5,1.0,235,True,-0.24897471873168797,-0.03506156427031887,-0.024765302743630976,True,True
fit,005,full_v,9,982.0250000000001,1028.25,1005.1375,5,1.0,230,True,-0.22620650389541197,-0.014273971256032802,-0.023080850470631232,True,True
fit,005,full_v,10,1028.25,1074.475,1051.3625,5,1.0,230,True,-0.20758973644450407,0.002991491466636076,-0.021396994597179482,True,True
fit,005,full_v,11,1074.475,1120.7,1097.5875,5,1.0,180,True,-0.20973508662962104,0.0010929264815500023,-0.01971383354237294,True,True
fit,005,full_v,12,1120.7,1166.9250000000002,1143.8125,5,1.0,230,True,-0.16403160400426486,0.04585382359702497,-0.01803146572530887,True,True
fit,005,full_v,13,1166.9250000000002,1213.15,1190.0375000000001,5,1.0,235,True,-0.1570688893946226,0.052342794559748385,-0.01634998956508447,True,True
fit,005,full_v,14,1213.15,1259.375,1236.2625,5,1.0,230,True,-0.14719875236312419,0.060183334033603944,-0.014669503480797002,True,True
fit,005,full_v,15,1259.375,1305.6,1282.4875,5,1.0,230,True,-0.13918582442374827,0.0667038080408274,-0.012990105891543669,True,True
fit,005,full_v,16,1305.6,1351.825,1328.7125,5,1.0,230,True,-0.13039622148403396,0.07530279461048964,-0.011311895216421713,True,True
fit,005,full_v,17,1351.825,1398.0500000000002,1374.9375,5,1.0,235,True,-0.14686660146981012,0.058508302126701106,-0.009634965105644917,True,True
fit,005,full_v,18,1398.0500000000002,1444.275,1421.1625000000001,5,1.0,197,True,-0.15784676447395896,0.04722700273321334,-0.007959299525107618,True,True
fit,005,full_v,19,1444.275,1490.5,1467.3875,5,1.0,230,True,-0.1486716867129303,0.05570667305653626,-0.006284772756384747,True,True
fit,005,full_v,20,1490.5,1536.725,1513.6125,5,1.0,230,True,-0.16364787548127424,0.03979292594935224,-0.004611254312167767,True,True
fit,005,full_v,21,1536.725,1582.95,1559.8375,5,1.0,230,True,-0.20270001744563615,-0.0013790985304008158,-0.0029386137051481314,True,True
fit,005,full_v,22,1582.95,1629.175,1606.0625,5,1.0,235,True,-0.23447802320811206,-0.03397183812097926,-0.0012667204480173275,True,True
fit,005,full_v,23,1629.175,1675.4,1652.2875,5,1.0,230,True,-0.2621004867189072,-0.061314458412813896,0.0004045559465331934,True,True
fit,005,full_v,24,1675.4,1721.625,1698.5125,5,1.0,210,True,-0.2844367053922383,-0.08450409265834484,0.0020753459658119687,True,True
fit,005,full_v,25,1721.625,1767.8500000000001,1744.7375000000002,5,1.0,230,True,-0.23298085610542785,-0.034535904090652034,0.0037457800971275254,True,True
fit,005,full_v,26,1767.8500000000001,1814.075,1790.9625,5,1.0,235,True,-0.2348662995605082,-0.03723709146817489,0.005415971780100406,True,True
fit,005,full_v,27,1814.075,1860.3,1837.1875,5,1.0,230,True,-0.2008905531848768,-0.004351925454340114,0.007085966263599221,True,True
fit,005,full_v,28,1860.3,1906.525,1883.4125,5,1.0,230,True,-0.1927979418464929,0.002745500689125685,0.008755791748804595,True,True
fit,005,full_v,29,1906.525,1952.75,1929.6375,5,1.0,230,True,-0.21875137700124014,-0.025120341546969807,0.010425476436897152,True,True
fit,005,full_v,30,1952.75,1998.9750000000001,1975.8625000000002,5,1.0,225,True,-0.19619621427636957,-0.001816571621780727,0.01209504852905751,True,True
fit,005,full_v,31,1998.9750000000001,2045.2,2022.0875,5,1.0,235,True,-0.18793784532078917,0.005193537217469957,0.013764536226466277,True,True
fit,005,full_v,32,2045.2,2091.425,2068.3125,5,1.0,230,True,-0.20490870113752635,-0.013572633471708881,0.015433967730304084,True,True
fit,005,full_v,33,2091.425,2137.65,2114.5375000000004,5,1.0,230,True,-0.23241084373933063,-0.041028879819848735,0.01710337124175157,True,True
fit,005,full_v,34,2137.65,2183.875,2160.7625,5,1.0,230,True,-0.20472611122772832,-0.014005776335174663,,False,False
fit,005,full_v,35,2183.875,2230.1000000000004,2206.9875,5,1.0,235,True,-0.20163129612421926,-0.011094549997633624,,False,False
fit,005,full_v,36,2230.1000000000004,2276.325,2253.2125,5,1.0,230,True,-0.19082987938782026,-0.002260120181324904,,False,False
fit,005,full_v,37,2276.325,2322.55,2299.4375,5,1.0,225,True,-0.1699795065969738,0.018161038579705996,,False,False
fit,005,full_v,38,2322.55,2368.775,2345.6625000000004,5,1.0,230,True,-0.1754466028440902,0.011677744187937156,,False,False
fit,005,full_v,39,2368.775,2415.0,2391.8875,5,1.0,235,True,-0.1800100400281508,0.006476646141780118,,False,False
fit,001,c1_s,0,-0.11532302151689332,-0.10902795940317286,-0.11217549046003308,5,1.0,235,True,-0.28344829653474335,-0.03159948825119774,,False,True
fit,001,c1_s,1,-0.10902795940317286,-0.10273289728945241,-0.10588042834631264,5,1.0,230,True,-0.3154981998818016,-0.06668474838981098,,False,True
fit,001,c1_s,2,-0.10273289728945241,-0.09643783517573196,-0.09958536623259218,5,1.0,230,True,-0.32254128486931677,-0.07749316499008316,,False,True
fit,001,c1_s,3,-0.09643783517573196,-0.09014277306201149,-0.09329030411887172,5,1.0,230,True,-0.3252127420058173,-0.08235048685619913,,False,True
fit,001,c1_s,4,-0.09014277306201149,-0.08384771094829105,-0.08699524200515127,5,1.0,117,True,-0.3544903399283612,-0.11245656600595538,,False,True
fit,001,c1_s,5,-0.08384771094829105,-0.07755264883457058,-0.08070017989143081,5,1.0,235,True,-0.3141605037150157,-0.07753795243187603,,False,True
fit,001,c1_s,6,-0.07755264883457058,-0.07125758672085013,-0.07440511777771036,5,1.0,230,True,-0.32705909007734135,-0.09237450299422231,,False,True
fit,001,c1_s,7,-0.07125758672085013,-0.06496252460712967,-0.0681100556639899,5,1.0,230,True,-0.2894045828262506,-0.058154102163488916,,False,True
fit,001,c1_s,8,-0.06496252460712967,-0.05866746249340922,-0.06181499355026945,5,1.0,230,True,-0.30388999525786176,-0.07398147671860808,,False,True
fit,001,c1_s,9,-0.05866746249340922,-0.052372400379688766,-0.05551993143654899,5,1.0,235,True,-0.2473022989358924,-0.019686371471988928,,False,True
fit,001,c1_s,10,-0.052372400379688766,-0.04607733826596831,-0.04922486932282854,5,1.0,150,True,-0.2622688828132027,-0.03708392204425322,,False,True
fit,001,c1_s,11,-0.04607733826596831,-0.039782276152247845,-0.04292980720910808,5,1.0,230,True,-0.24846487826181374,-0.027058513083794436,,False,True
fit,001,c1_s,12,-0.039782276152247845,-0.03348721403852739,-0.03663474509538762,5,1.0,230,True,-0.1916008622138179,0.026856889303606288,,False,True
fit,001,c1_s,13,-0.03348721403852739,-0.027192151924806937,-0.030339682981667164,5,1.0,235,True,-0.1782513660504037,0.036073133179790495,,False,True
fit,001,c1_s,14,-0.027192151924806937,-0.020897089811086483,-0.02404462086794671,5,1.0,230,True,-0.1720243617988899,0.040453198175150695,,False,True
fit,001,c1_s,15,-0.020897089811086483,-0.01460202769736603,-0.017749558754226256,5,1.0,230,True,-0.16531581494615466,0.04485713978747809,,False,True
fit,001,c1_s,16,-0.01460202769736603,-0.008306965583645576,-0.011454496640505803,5,1.0,230,True,-0.14667572979004717,0.06009909651194441,,False,True
fit,001,c1_s,17,-0.008306965583645576,-0.002011903469925122,-0.005159434526785349,5,1.0,200,True,-0.16793049081337585,0.035617476775925264,,False,True
fit,001,c1_s,18,-0.002011903469925122,0.004283158643795332,0.0011356275869351048,5,1.0,230,True,-0.1782364228496931,0.02333121974239423,,False,True
fit,001,c1_s,19,0.004283158643795332,0.010578220757515785,0.007430689700655559,5,1.0,230,True,-0.16516083165657847,0.03367971602695988,,False,True
fit,001,c1_s,20,0.010578220757515785,0.016873282871236253,0.01372575181437602,5,1.0,230,True,-0.16831352971945535,0.028168087644576525,,False,True
fit,001,c1_s,21,0.016873282871236253,0.023168344984956693,0.020020813928096473,5,1.0,235,True,-0.20790866418428777,-0.014976786216297444,,False,True
fit,001,c1_s,22,0.023168344984956693,0.02946340709867716,0.026315876041816927,5,1.0,230,True,-0.23012511206189856,-0.03928586973974443,,False,True
fit,001,c1_s,23,0.02946340709867716,0.03575846921239763,0.032610938155537395,5,1.0,230,True,-0.2372442075097183,-0.049955625198093406,,False,True
fit,001,c1_s,24,0.03575846921239763,0.04205353132611807,0.03890600026925785,5,1.0,230,True,-0.26015783218423394,-0.07465344790055779,,False,True
fit,001,c1_s,25,0.04205353132611807,0.048348593439838536,0.0452010623829783,5,1.0,235,True,-0.2281253876003575,-0.04574680315320931,,False,True
fit,001,c1_s,26,0.048348593439838536,0.054643655553558976,0.051496124496698756,5,1.0,230,True,-0.18700121856181795,-0.007798410450859536,,False,True
fit,001,c1_s,27,0.054643655553558976,0.06093871766727944,0.05779118661041921,5,1.0,230,True,-0.17256510372163802,0.0035881996988325615,,False,True
fit,001,c1_s,28,0.06093871766727944,0.06723377978099988,0.06408624872413966,5,1.0,230,True,-0.14580863607591255,0.02752351662943668,,False,True
fit,001,c1_s,29,0.06723377978099988,0.07352884189472035,0.07038131083786012,5,1.0,192,True,-0.17806635371590573,-0.006549664285829426,,False,True
fit,001,c1_s,30,0.07352884189472035,0.07982390400844079,0.07667637295158057,5,1.0,230,True,-0.1442587443117418,0.024752820845201043,,False,True
fit,001,c1_s,31,0.07982390400844079,0.08611896612216126,0.08297143506530102,5,1.0,230,True,-0.16246945907920463,0.002613488190762736,,False,True
fit,001,c1_s,32,0.08611896612216126,0.09241402823588173,0.08926649717902149,5,1.0,230,True,-0.15602777843008653,0.005944706283264295,,False,True
fit,001,c1_s,33,0.09241402823588173,0.09870909034960217,0.09556155929274195,5,1.0,230,True,-0.19697198173633979,-0.03722038980068931,,False,True
fit,001,c1_s,34,0.09870909034960217,0.10500415246332263,0.1018566214064624,5,1.0,235,True,-0.16580419198635354,-0.009285110417898701,,False,False
fit,001,c1_s,35,0.10500415246332263,0.11129921457704307,0.10815168352018285,5,1.0,195,True,-0.15655617711161085,-0.0027418052326095566,,False,False
fit,001,c1_s,36,0.11129921457704307,0.11759427669076354,0.11444674563390331,5,1.0,175,True,-0.1576365742306507,-0.007554956238845334,,False,False
fit,001,c1_s,37,0.11759427669076354,0.12388933880448398,0.12074180774762376,5,1.0,230,True,-0.1296028404275944,0.019862644489820058,,False,False
fit,001,c1_s,38,0.12388933880448398,0.13018440091820443,0.12703686986134421,5,1.0,230,True,-0.11707015763920481,0.02839302667039606,,False,False
fit,001,c1_s,39,0.13018440091820443,0.13647946303192487,0.13333193197506465,5,1.0,235,True,-0.11100185861278078,0.031403077291849574,,False,False
fit,002,c1_s,0,-0.11532302151689332,-0.10902795940317286,-0.11217549046003308,5,1.0,235,True,-0.21668088857040857,-0.03097609808123228,,False,True
fit,002,c1_s,1,-0.10902795940317286,-0.10273289728945241,-0.10588042834631264,5,1.0,230,True,-0.2351961547602741,-0.04713333696459361,,False,True
fit,002,c1_s,2,-0.10273289728945241,-0.09643783517573196,-0.09958536623259218,5,1.0,155,True,-0.2565951630347172,-0.07151757975909417,,False,True
fit,002,c1_s,3,-0.09643783517573196,-0.09014277306201149,-0.09329030411887172,5,1.0,210,True,-0.2753555479941383,-0.09060529964872507,,False,True
fit,002,c1_s,4,-0.09014277306201149,-0.08384771094829105,-0.08699524200515127,5,1.0,230,True,-0.26819552573653027,-0.0838040711545753,,False,True
fit,002,c1_s,5,-0.08384771094829105,-0.07755264883457058,-0.08070017989143081,5,1.0,235,True,-0.25880320932924405,-0.07423754150222633,,False,True
fit,002,c1_s,6,-0.07755264883457058,-0.07125758672085013,-0.07440511777771036,5,1.0,230,True,-0.24990903091980954,-0.06598821127581296,,False,True
fit,002,c1_s,7,-0.07125758672085013,-0.06496252460712967,-0.0681100556639899,5,1.0,230,True,-0.22162605149816272,-0.0367429165105361,,False,True
fit,002,c1_s,8,-0.06496252460712967,-0.05866746249340922,-0.06181499355026945,5,1.0,205,True,-0.2202310549056392,-0.03593797124213735,,False,True
fit,002,c1_s,9,-0.05866746249340922,-0.052372400379688766,-0.05551993143654899,5,1.0,115,True,-0.20101600261966723,-0.0179386370141513,,False,True
fit,002,c1_s,10,-0.052372400379688766,-0.04607733826596831,-0.04922486932282854,5,1.0,230,True,-0.17204532867214084,0.010617077357302523,,False,True
fit,002,c1_s,11,-0.04607733826596831,-0.039782276152247845,-0.04292980720910808,5,1.0,230,True,-0.16430112511454809,0.019094216204518052,,False,True
fit,002,c1_s,12,-0.039782276152247845,-0.03348721403852739,-0.03663474509538762,5,1.0,230,True,-0.14515175987230577,0.037421628347401314,,False,True
fit,002,c1_s,13,-0.03348721403852739,-0.027192151924806937,-0.030339682981667164,5,1.0,235,True,-0.12689064053017773,0.05515944196999442,,False,True
fit,002,c1_s,14,-0.027192151924806937,-0.020897089811086483,-0.02404462086794671,5,1.0,230,True,-0.11486016515112851,0.0674694699347816,,False,True
fit,002,c1_s,15,-0.020897089811086483,-0.01460202769736603,-0.017749558754226256,5,1.0,37,True,-0.22373585052127964,-0.040086259474970826,,False,True
fit,002,c1_s,16,-0.01460202769736603,-0.008306965583645576,-0.011454496640505803,5,1.0,230,True,-0.10191200485593299,0.08024277483324771,,False,True
fit,002,c1_s,17,-0.008306965583645576,-0.002011903469925122,-0.005159434526785349,5,1.0,235,True,-0.09917811863181214,0.08217479659039092,,False,True
fit,002,c1_s,18,-0.002011903469925122,0.004283158643795332,0.0011356275869351048,5,1.0,230,True,-0.1372822602074848,0.04440237709480509,,False,True
fit,002,c1_s,19,0.004283158643795332,0.010578220757515785,0.007430689700655559,5,1.0,230,True,-0.13019815650937971,0.05020390635764563,,False,True
fit,002,c1_s,20,0.010578220757515785,0.016873282871236253,0.01372575181437602,5,1.0,230,True,-0.14050752948423906,0.039704010427712724,,False,True
fit,002,c1_s,21,0.016873282871236253,0.023168344984956693,0.020020813928096473,5,1.0,70,True,-0.16943376639432017,0.010984292066133064,,False,True
fit,002,c1_s,22,0.023168344984956693,0.02946340709867716,0.026315876041816927,5,1.0,160,True,-0.23049659251768162,-0.05088409483404159,,False,True
fit,002,c1_s,23,0.02946340709867716,0.03575846921239763,0.032610938155537395,5,1.0,230,True,-0.2266634995843333,-0.048039926597260044,,False,True
fit,002,c1_s,24,0.03575846921239763,0.04205353132611807,0.03890600026925785,5,1.0,230,True,-0.24847079431708607,-0.06841330675870765,,False,True
fit,002,c1_s,25,0.04205353132611807,0.048348593439838536,0.0452010623829783,5,1.0,235,True,-0.23606823015472855,-0.056860840793532985,,False,True
fit,002,c1_s,26,0.048348593439838536,0.054643655553558976,0.051496124496698756,5,1.0,230,True,-0.20614699827336835,-0.0258463543146652,,False,True
fit,002,c1_s,27,0.054643655553558976,0.06093871766727944,0.05779118661041921,5,1.0,120,True,-0.17610559906489698,0.0025463138697716103,,False,True
fit,002,c1_s,28,0.06093871766727944,0.06723377978099988,0.06408624872413966,5,1.0,65,True,-0.2255894530516116,-0.04760473255992029,,False,True
fit,002,c1_s,29,0.06723377978099988,0.07352884189472035,0.07038131083786012,5,1.0,235,True,-0.18783198916401034,-0.010484585544137837,,False,True
fit,002,c1_s,30,0.07352884189472035,0.07982390400844079,0.07667637295158057,5,1.0,230,True,-0.16682246941473977,0.009848916665492216,,False,True
fit,002,c1_s,31,0.07982390400844079,0.08611896612216126,0.08297143506530102,5,1.0,230,True,-0.17633551575568163,0.0017311761035729428,,False,True
fit,002,c1_s,32,0.08611896612216126,0.09241402823588173,0.08926649717902149,5,1.0,230,True,-0.18533376699042492,-0.008347707341642585,,False,True
fit,002,c1_s,33,0.09241402823588173,0.09870909034960217,0.09556155929274195,5,1.0,180,True,-0.21468343616265884,-0.03784180794226795,,False,True
fit,002,c1_s,34,0.09870909034960217,0.10500415246332263,0.1018566214064624,0,0.0,0,False,,,,False,False
fit,002,c1_s,35,0.10500415246332263,0.11129921457704307,0.10815168352018285,5,1.0,210,True,-0.18217623541914918,-0.006153707063376382,,False,False
fit,002,c1_s,36,0.11129921457704307,0.11759427669076354,0.11444674563390331,5,1.0,230,True,-0.18227599564391994,-0.006406686672907794,,False,False
fit,002,c1_s,37,0.11759427669076354,0.12388933880448398,0.12074180774762376,5,1.0,230,True,-0.1559094179374938,0.018486450521237374,,False,False
fit,002,c1_s,38,0.12388933880448398,0.13018440091820443,0.12703686986134421,5,1.0,230,True,-0.1433082465441089,0.03170572971945447,,False,False
fit,002,c1_s,39,0.13018440091820443,0.13647946303192487,0.13333193197506465,5,1.0,231,True,-0.1560788740823682,0.020259629796686676,,False,False
fit,003,c1_s,0,-0.11532302151689332,-0.10902795940317286,-0.11217549046003308,5,1.0,231,True,-0.33230380396406645,-0.007707248833114577,,False,True
fit,003,c1_s,1,-0.10902795940317286,-0.10273289728945241,-0.10588042834631264,5,1.0,230,True,-0.3558467267131391,-0.03760333902655594,,False,True
fit,003,c1_s,2,-0.10273289728945241,-0.09643783517573196,-0.09958536623259218,5,1.0,230,True,-0.36873231138213214,-0.05420818181845338,,False,True
fit,003,c1_s,3,-0.09643783517573196,-0.09014277306201149,-0.09329030411887172,5,1.0,230,True,-0.38574356855303904,-0.07841911770752719,,False,True
fit,003,c1_s,4,-0.09014277306201149,-0.08384771094829105,-0.08699524200515127,5,1.0,230,True,-0.39491846480171944,-0.09234349517906115,,False,True
fit,003,c1_s,5,-0.08384771094829105,-0.07755264883457058,-0.08070017989143081,5,1.0,61,True,-0.37193810955074014,-0.07404784645021179,,False,True
fit,003,c1_s,6,-0.07755264883457058,-0.07125758672085013,-0.07440511777771036,5,1.0,190,True,-0.36135451911911787,-0.06957115650464496,,False,True
fit,003,c1_s,7,-0.07125758672085013,-0.06496252460712967,-0.0681100556639899,5,1.0,230,True,-0.330754409851977,-0.04528288335920183,,False,True
fit,003,c1_s,8,-0.06496252460712967,-0.05866746249340922,-0.06181499355026945,5,1.0,230,True,-0.31027786010747604,-0.02909035935213536,,False,True
fit,003,c1_s,9,-0.05866746249340922,-0.052372400379688766,-0.05551993143654899,5,1.0,235,True,-0.2871143810137937,-0.013163391132231805,,False,True
fit,003,c1_s,10,-0.052372400379688766,-0.04607733826596831,-0.04922486932282854,5,1.0,230,True,-0.2691495339006451,0.0016355534344116296,,False,True
fit,003,c1_s,11,-0.04607733826596831,-0.039782276152247845,-0.04292980720910808,5,1.0,140,True,-0.25228717860750294,0.014644890198855454,,False,True
fit,003,c1_s,12,-0.039782276152247845,-0.03348721403852739,-0.03663474509538762,5,1.0,135,True,-0.21163823585573027,0.04804434244979866,,False,True
fit,003,c1_s,13,-0.03348721403852739,-0.027192151924806937,-0.030339682981667164,5,1.0,235,True,-0.19542145686432377,0.06067883525648715,,False,True
fit,003,c1_s,14,-0.027192151924806937,-0.020897089811086483,-0.02404462086794671,5,1.0,230,True,-0.20362073195201447,0.047012789919987016,,False,True
fit,003,c1_s,15,-0.020897089811086483,-0.01460202769736603,-0.017749558754226256,5,1.0,230,True,-0.19235534426815093,0.052495592803354446,,False,True
fit,003,c1_s,16,-0.01460202769736603,-0.008306965583645576,-0.011454496640505803,5,1.0,230,True,-0.16569940433822694,0.07425176897601099,,False,True
fit,003,c1_s,17,-0.008306965583645576,-0.002011903469925122,-0.005159434526785349,5,1.0,225,True,-0.16764621938511937,0.06562446263066801,,False,True
fit,003,c1_s,18,-0.002011903469925122,0.004283158643795332,0.0011356275869351048,5,1.0,85,True,-0.1642948443138721,0.0626770753990834,,False,True
fit,003,c1_s,19,0.004283158643795332,0.010578220757515785,0.007430689700655559,5,1.0,230,True,-0.15456402693604332,0.07023931255200543,,False,True
fit,003,c1_s,20,0.010578220757515785,0.016873282871236253,0.01372575181437602,5,1.0,230,True,-0.17124701015058008,0.04714222385593911,,False,True
fit,003,c1_s,21,0.016873282871236253,0.023168344984956693,0.020020813928096473,5,1.0,235,True,-0.19622698902310276,0.01770553280213677,,False,True
fit,003,c1_s,22,0.023168344984956693,0.02946340709867716,0.026315876041816927,5,1.0,230,True,-0.2415960928253753,-0.033105027961662245,,False,True
fit,003,c1_s,23,0.02946340709867716,0.03575846921239763,0.032610938155537395,5,1.0,230,True,-0.25543507034319646,-0.050784522847009864,,False,True
fit,003,c1_s,24,0.03575846921239763,0.04205353132611807,0.03890600026925785,5,1.0,90,True,-0.24316270504272097,-0.04229430156089621,,False,True
fit,003,c1_s,25,0.04205353132611807,0.048348593439838536,0.0452010623829783,5,1.0,235,True,-0.19993565866138852,-0.006654220254681431,,False,True
fit,003,c1_s,26,0.048348593439838536,0.054643655553558976,0.051496124496698756,5,1.0,230,True,-0.20303708972517143,-0.015791197878623306,,False,True
fit,003,c1_s,27,0.054643655553558976,0.06093871766727944,0.05779118661041921,5,1.0,230,True,-0.16454911075123846,0.01795977218633267,,False,True
fit,003,c1_s,28,0.06093871766727944,0.06723377978099988,0.06408624872413966,5,1.0,230,True,-0.1525788267564394,0.02537776525855319,,False,True
fit,003,c1_s,29,0.06723377978099988,0.07352884189472035,0.07038131083786012,5,1.0,235,True,-0.165045564342563,0.007687198569248738,,False,True
fit,003,c1_s,30,0.07352884189472035,0.07982390400844079,0.07667637295158057,5,1.0,155,True,-0.1355429708137308,0.03199283338653583,,False,True
fit,003,c1_s,31,0.07982390400844079,0.08611896612216126,0.08297143506530102,5,1.0,188,True,-0.13532275942458227,0.025718453924139295,,False,True
fit,003,c1_s,32,0.08611896612216126,0.09241402823588173,0.08926649717902149,5,1.0,230,True,-0.14260301643668072,0.01308799620319212,,False,True
fit,003,c1_s,33,0.09241402823588173,0.09870909034960217,0.09556155929274195,5,1.0,230,True,-0.138351317567583,0.014747087218223362,,False,True
fit,003,c1_s,34,0.09870909034960217,0.10500415246332263,0.1018566214064624,5,1.0,235,True,-0.12041857900487685,0.02559745806345487,,False,False
fit,003,c1_s,35,0.10500415246332263,0.11129921457704307,0.10815168352018285,5,1.0,230,True,-0.10843318041139582,0.03305442256726705,,False,False
fit,003,c1_s,36,0.11129921457704307,0.11759427669076354,0.11444674563390331,5,1.0,230,True,-0.12148436939082785,0.013528554257638103,,False,False
fit,003,c1_s,37,0.11759427669076354,0.12388933880448398,0.12074180774762376,5,1.0,130,True,-0.09078270643834685,0.038628275014699426,,False,False
fit,003,c1_s,38,0.12388933880448398,0.13018440091820443,0.12703686986134421,5,1.0,230,True,-0.09230154115664391,0.03266847984056394,,False,False
fit,003,c1_s,39,0.13018440091820443,0.13647946303192487,0.13333193197506465,5,1.0,233,True,-0.1043677851503162,0.019111442275787108,,False,False
fit,004,c1_s,0,-0.11532302151689332,-0.10902795940317286,-0.11217549046003308,5,1.0,230,True,-0.3013020411606817,-0.03479530534417469,,False,True
fit,004,c1_s,1,-0.10902795940317286,-0.10273289728945241,-0.10588042834631264,5,1.0,230,True,-0.3045854374299779,-0.040442663268028034,,False,True
fit,004,c1_s,2,-0.10273289728945241,-0.09643783517573196,-0.09958536623259218,5,1.0,230,True,-0.32306664844406896,-0.06268165701696182,,False,True
fit,004,c1_s,3,-0.09643783517573196,-0.09014277306201149,-0.09329030411887172,5,1.0,230,True,-0.34516503280383404,-0.08753403510963437,,False,True
fit,004,c1_s,4,-0.09014277306201149,-0.08384771094829105,-0.08699524200515127,5,1.0,230,True,-0.34992094167364485,-0.09381841284743578,,False,True
fit,004,c1_s,5,-0.08384771094829105,-0.07755264883457058,-0.08070017989143081,5,1.0,150,True,-0.34186648701836475,-0.08792434080542713,,False,True
fit,004,c1_s,6,-0.07755264883457058,-0.07125758672085013,-0.07440511777771036,5,1.0,230,True,-0.3264985112036243,-0.07603221955807486,,False,True
fit,004,c1_s,7,-0.07125758672085013,-0.06496252460712967,-0.0681100556639899,5,1.0,230,True,-0.3092591345777578,-0.06162740158519575,,False,True
fit,004,c1_s,8,-0.06496252460712967,-0.05866746249340922,-0.06181499355026945,5,1.0,230,True,-0.29333589216781775,-0.04921363076426068,,False,True
fit,004,c1_s,9,-0.05866746249340922,-0.052372400379688766,-0.05551993143654899,5,1.0,235,True,-0.26728813735394397,-0.024352731654651183,,False,True
fit,004,c1_s,10,-0.052372400379688766,-0.04607733826596831,-0.04922486932282854,5,1.0,230,True,-0.23459327264617968,0.004125073777000804,,False,True
fit,004,c1_s,11,-0.04607733826596831,-0.039782276152247845,-0.04292980720910808,5,1.0,195,True,-0.23670350112979577,0.0008701704231847129,,False,True
fit,004,c1_s,12,-0.039782276152247845,-0.03348721403852739,-0.03663474509538762,5,1.0,195,True,-0.18034809539403795,0.052074372101488436,,False,True
fit,004,c1_s,13,-0.03348721403852739,-0.027192151924806937,-0.030339682981667164,5,1.0,235,True,-0.17620864126786273,0.05624384688214146,,False,True
fit,004,c1_s,14,-0.027192151924806937,-0.020897089811086483,-0.02404462086794671,5,1.0,230,True,-0.15569457711092127,0.07279069655978403,,False,True
fit,004,c1_s,15,-0.020897089811086483,-0.01460202769736603,-0.017749558754226256,5,1.0,230,True,-0.14621206564891054,0.07977748605620547,,False,True
fit,004,c1_s,16,-0.01460202769736603,-0.008306965583645576,-0.011454496640505803,5,1.0,230,True,-0.1376743125550206,0.08652954237862134,,False,True
fit,004,c1_s,17,-0.008306965583645576,-0.002011903469925122,-0.005159434526785349,5,1.0,235,True,-0.1689078560808639,0.05261343702063698,,False,True
fit,004,c1_s,18,-0.002011903469925122,0.004283158643795332,0.0011356275869351048,5,1.0,175,True,-0.17434727082081736,0.04343021162936053,,False,True
fit,004,c1_s,19,0.004283158643795332,0.010578220757515785,0.007430689700655559,5,1.0,230,True,-0.14162293769595635,0.07478233167746284,,False,True
fit,004,c1_s,20,0.010578220757515785,0.016873282871236253,0.01372575181437602,5,1.0,230,True,-0.17592336971523537,0.03705490152599343,,False,True
fit,004,c1_s,21,0.016873282871236253,0.023168344984956693,0.020020813928096473,5,1.0,235,True,-0.20124760916075957,0.007127789193752065,,False,True
fit,004,c1_s,22,0.023168344984956693,0.02946340709867716,0.026315876041816927,5,1.0,230,True,-0.25499869999998737,-0.047790569388032764,,False,True
fit,004,c1_s,23,0.02946340709867716,0.03575846921239763,0.032610938155537395,5,1.0,230,True,-0.2647335175664125,-0.06222410693095551,,False,True
fit,004,c1_s,24,0.03575846921239763,0.04205353132611807,0.03890600026925785,5,1.0,166,True,-0.2656856687154914,-0.06281300905251383,,False,True
fit,004,c1_s,25,0.04205353132611807,0.048348593439838536,0.0452010623829783,5,1.0,235,True,-0.2508845810773437,-0.052664878412662486,,False,True
fit,004,c1_s,26,0.048348593439838536,0.054643655553558976,0.051496124496698756,5,1.0,230,True,-0.20367625001802026,-0.00812505190594412,,False,True
fit,004,c1_s,27,0.054643655553558976,0.06093871766727944,0.05779118661041921,5,1.0,230,True,-0.196247283405512,-0.002420747101801818,,False,True
fit,004,c1_s,28,0.06093871766727944,0.06723377978099988,0.06408624872413966,5,1.0,230,True,-0.17374579200100015,0.016847737538666266,,False,True
fit,004,c1_s,29,0.06723377978099988,0.07352884189472035,0.07038131083786012,5,1.0,235,True,-0.1841703748615373,0.0036579165660702018,,False,True
fit,004,c1_s,30,0.07352884189472035,0.07982390400844079,0.07667637295158057,5,1.0,185,True,-0.17550523853537925,0.009566340548071789,,False,True
fit,004,c1_s,31,0.07982390400844079,0.08611896612216126,0.08297143506530102,5,1.0,220,True,-0.1643392995152908,0.017340236364060096,,False,True
fit,004,c1_s,32,0.08611896612216126,0.09241402823588173,0.08926649717902149,5,1.0,230,True,-0.17859894390016962,0.0012526456832056693,,False,True
fit,004,c1_s,33,0.09241402823588173,0.09870909034960217,0.09556155929274195,5,1.0,230,True,-0.21457865416249433,-0.03877316415807912,,False,True
fit,004,c1_s,34,0.09870909034960217,0.10500415246332263,0.1018566214064624,5,1.0,235,True,-0.18791168971551997,-0.013818294966854217,,False,False
fit,004,c1_s,35,0.10500415246332263,0.11129921457704307,0.10815168352018285,5,1.0,230,True,-0.19346294264960306,-0.021673575712063575,,False,False
fit,004,c1_s,36,0.11129921457704307,0.11759427669076354,0.11444674563390331,5,1.0,230,True,-0.18829582493253838,-0.02016976691481359,,False,False
fit,004,c1_s,37,0.11759427669076354,0.12388933880448398,0.12074180774762376,5,1.0,165,True,-0.1474972851168559,0.018173092293692378,,False,False
fit,004,c1_s,38,0.12388933880448398,0.13018440091820443,0.12703686986134421,5,1.0,230,True,-0.14226438009075082,0.02204227829256658,,False,False
fit,004,c1_s,39,0.13018440091820443,0.13647946303192487,0.13333193197506465,5,1.0,230,True,-0.13100994512939224,0.02952867284446188,,False,False
fit,005,c1_s,0,-0.11532302151689332,-0.10902795940317286,-0.11217549046003308,5,1.0,235,True,-0.2623604992917308,-0.04208074277545132,,False,True
fit,005,c1_s,1,-0.10902795940317286,-0.10273289728945241,-0.10588042834631264,5,1.0,230,True,-0.29272488673660746,-0.07383845518889609,,False,True
fit,005,c1_s,2,-0.10273289728945241,-0.09643783517573196,-0.09958536623259218,5,1.0,230,True,-0.2847820163161714,-0.0664254965622852,,False,True
fit,005,c1_s,3,-0.09643783517573196,-0.09014277306201149,-0.09329030411887172,5,1.0,230,True,-0.3296038628395763,-0.11265788157678307,,False,True
fit,005,c1_s,4,-0.09014277306201149,-0.08384771094829105,-0.08699524200515127,5,1.0,230,True,-0.32243537841708303,-0.10600946048948365,,False,True
fit,005,c1_s,5,-0.08384771094829105,-0.07755264883457058,-0.08070017989143081,5,1.0,180,True,-0.3024574241481446,-0.08698739058150717,,False,True
fit,005,c1_s,6,-0.07755264883457058,-0.07125758672085013,-0.07440511777771036,5,1.0,230,True,-0.28820006330050774,-0.07359307345767747,,False,True
fit,005,c1_s,7,-0.07125758672085013,-0.06496252460712967,-0.0681100556639899,5,1.0,230,True,-0.26966032477122326,-0.055480999403546255,,False,True
fit,005,c1_s,8,-0.06496252460712967,-0.05866746249340922,-0.06181499355026945,5,1.0,230,True,-0.24943745740131362,-0.035556929074199134,,False,True
fit,005,c1_s,9,-0.05866746249340922,-0.052372400379688766,-0.05551993143654899,5,1.0,235,True,-0.2258025853345771,-0.0140356551527277,,False,True
fit,005,c1_s,10,-0.052372400379688766,-0.04607733826596831,-0.04922486932282854,5,1.0,230,True,-0.20758973644450407,0.00298375402264095,,False,True
fit,005,c1_s,11,-0.04607733826596831,-0.039782276152247845,-0.04292980720910808,5,1.0,180,True,-0.20973508662962104,0.0010856509576083612,,False,True
fit,005,c1_s,12,-0.039782276152247845,-0.03348721403852739,-0.03663474509538762,5,1.0,230,True,-0.16403160400426486,0.045847393972001424,,False,True
fit,005,c1_s,13,-0.03348721403852739,-0.027192151924806937,-0.030339682981667164,5,1.0,235,True,-0.1570688893946226,0.052337584783886226,,False,True
fit,005,c1_s,14,-0.027192151924806937,-0.020897089811086483,-0.02404462086794671,5,1.0,230,True,-0.14719875236312419,0.06017830532366829,,False,True
fit,005,c1_s,15,-0.020897089811086483,-0.01460202769736603,-0.017749558754226256,5,1.0,230,True,-0.13918582442374827,0.0667000582392774,,False,True
fit,005,c1_s,16,-0.01460202769736603,-0.008306965583645576,-0.011454496640505803,5,1.0,230,True,-0.13039622148403396,0.0752997378095737,,False,True
fit,005,c1_s,17,-0.008306965583645576,-0.002011903469925122,-0.005159434526785349,5,1.0,235,True,-0.14686660146981012,0.05850661216058467,,False,True
fit,005,c1_s,18,-0.002011903469925122,0.004283158643795332,0.0011356275869351048,5,1.0,197,True,-0.15784676447395896,0.04722576823782468,,False,True
fit,005,c1_s,19,0.004283158643795332,0.010578220757515785,0.007430689700655559,5,1.0,230,True,-0.1486716867129303,0.055706120428676495,,False,True
fit,005,c1_s,20,0.010578220757515785,0.016873282871236253,0.01372575181437602,5,1.0,230,True,-0.16364787548127424,0.03979358974317923,,False,True
fit,005,c1_s,21,0.016873282871236253,0.023168344984956693,0.020020813928096473,5,1.0,235,True,-0.204068242269841,-0.0022495863224062107,,False,True
fit,005,c1_s,22,0.023168344984956693,0.02946340709867716,0.026315876041816927,5,1.0,230,True,-0.23601853796196792,-0.035107996788846046,,False,True
fit,005,c1_s,23,0.02946340709867716,0.03575846921239763,0.032610938155537395,5,1.0,230,True,-0.2621004867189072,-0.06131117830025053,,False,True
fit,005,c1_s,24,0.03575846921239763,0.04205353132611807,0.03890600026925785,5,1.0,210,True,-0.2844367053922383,-0.08450014339655089,,False,True
fit,005,c1_s,25,0.04205353132611807,0.048348593439838536,0.0452010623829783,5,1.0,235,True,-0.2360665792615464,-0.03813775277256748,,False,True
fit,005,c1_s,26,0.048348593439838536,0.054643655553558976,0.051496124496698756,5,1.0,230,True,-0.23498174234924818,-0.03750963521022137,,False,True
fit,005,c1_s,27,0.054643655553558976,0.06093871766727944,0.05779118661041921,5,1.0,230,True,-0.2008905531848768,-0.00434602662428836,,False,True
fit,005,c1_s,28,0.06093871766727944,0.06723377978099988,0.06408624872413966,5,1.0,230,True,-0.1927979418464929,0.002751970740384649,,False,True
fit,005,c1_s,29,0.06723377978099988,0.07352884189472035,0.07038131083786012,5,1.0,235,True,-0.21811426681529156,-0.02455294510065892,,False,True
fit,005,c1_s,30,0.07352884189472035,0.07982390400844079,0.07667637295158057,5,1.0,225,True,-0.19471378720368193,-0.0013276623344102567,,False,True
fit,005,c1_s,31,0.07982390400844079,0.08611896612216126,0.08297143506530102,5,1.0,230,True,-0.18874319451333577,0.003056705516912686,,False,True
fit,005,c1_s,32,0.08611896612216126,0.09241402823588173,0.08926649717902149,5,1.0,230,True,-0.20490870113752635,-0.013564845863553138,,False,True
fit,005,c1_s,33,0.09241402823588173,0.09870909034960217,0.09556155929274195,5,1.0,230,True,-0.23241084373933063,-0.04102163256245692,,False,True
fit,005,c1_s,34,0.09870909034960217,0.10500415246332263,0.1018566214064624,5,1.0,235,True,-0.20533847604076527,-0.015200729687852854,,False,False
fit,005,c1_s,35,0.10500415246332263,0.11129921457704307,0.10815168352018285,5,1.0,230,True,-0.20052495121342417,-0.010160550678970412,,False,False
fit,005,c1_s,36,0.11129921457704307,0.11759427669076354,0.11444674563390331,5,1.0,230,True,-0.19082987938782026,-0.002253829940135399,,False,False
fit,005,c1_s,37,0.11759427669076354,0.12388933880448398,0.12074180774762376,5,1.0,225,True,-0.1699795065969738,0.018166961643908658,,False,False
fit,005,c1_s,38,0.12388933880448398,0.13018440091820443,0.12703686986134421,5,1.0,230,True,-0.1754466028440902,0.011682982289150753,,False,False
fit,005,c1_s,39,0.13018440091820443,0.13647946303192487,0.13333193197506465,5,1.0,235,True,-0.1800100400281508,0.006480819404325683,,False,False
validation,006,full_v,0,566.0,612.225,589.1125,5,1.0,235,True,-0.31396876665439777,-0.0008548718173311265,-0.03825222918153468,True,True
validation,006,full_v,1,612.225,658.45,635.3375000000001,5,1.0,230,True,-0.3648599238433121,-0.057221131245211804,-0.03656600477747957,True,True
validation,006,full_v,2,658.45,704.675,681.5625,5,1.0,230,True,-0.37953448500564946,-0.07557028665656393,-0.034879724620971025,True,True
validation,006,full_v,3,704.675,750.9,727.7874999999999,5,1.0,230,True,-0.366869962069984,-0.06701686021122447,-0.033193467816709635,True,True
validation,006,full_v,4,750.9,797.125,774.0125,5,1.0,175,True,-0.37978193518108583,-0.08558187940121109,-0.03150731346939598,True,True
validation,006,full_v,5,797.125,843.35,820.2375,5,1.0,230,True,-0.35702429682896764,-0.06573064035435575,-0.02982134068373069,True,True
validation,006,full_v,6,843.35,889.575,866.4625000000001,5,1.0,230,True,-0.35335879899406564,-0.06626853627020288,-0.02813562856441436,True,True
validation,006,full_v,7,889.575,935.8,912.6875,5,1.0,230,True,-0.33482634822604496,-0.05187470761035812,-0.026450256216147595,True,True
validation,006,full_v,8,935.8,982.0250000000001,958.9125,5,1.0,235,True,-0.3209164605538035,-0.04250068745275065,-0.024765302743630976,True,True
validation,006,full_v,9,982.0250000000001,1028.25,1005.1375,5,1.0,230,True,-0.27745062286652455,-0.003632236512204262,-0.023080850470631232,True,True
validation,006,full_v,10,1028.25,1074.475,1051.3625,5,1.0,200,True,-0.24851143087010996,0.021546863677847056,-0.021396994597179482,True,True
validation,006,full_v,11,1074.475,1120.7,1097.5875,5,1.0,230,True,-0.2479916883356168,0.017844166501535946,-0.01971383354237294,True,True
validation,006,full_v,12,1120.7,1166.9250000000002,1143.8125,5,1.0,230,True,-0.23385372938173532,0.02803465239754932,-0.01803146572530887,True,True
validation,006,full_v,13,1166.9250000000002,1213.15,1190.0375000000001,5,1.0,235,True,-0.2101992716195582,0.04679085458077137,-0.01634998956508447,True,True
validation,006,full_v,14,1213.15,1259.375,1236.2625,5,1.0,230,True,-0.19176912725401962,0.06002551786358373,-0.014669503480797002,True,True
validation,006,full_v,15,1259.375,1305.6,1282.4875,5,1.0,230,True,-0.1809702806452833,0.06887037024316138,-0.012990105891543669,True,True
validation,006,full_v,16,1305.6,1351.825,1328.7125,5,1.0,225,True,-0.16125221377251364,0.08421821062848939,-0.011311895216421713,True,True
validation,006,full_v,17,1351.825,1398.0500000000002,1374.9375,5,1.0,235,True,-0.15718798581360716,0.08185446350858797,-0.009634965105644917,True,True
validation,006,full_v,18,1398.0500000000002,1444.275,1421.1625000000001,5,1.0,230,True,-0.18432298351041254,0.05037095936792654,-0.007959299525107618,True,True
validation,006,full_v,19,1444.275,1490.5,1467.3875,5,1.0,230,True,-0.16984368280577655,0.06170091098703101,-0.006284772756384747,True,True
validation,006,full_v,20,1490.5,1536.725,1513.6125,5,1.0,230,True,-0.1750534503632366,0.05160229301461221,-0.004611254312167767,True,True
validation,006,full_v,21,1536.725,1582.95,1559.8375,5,1.0,230,True,-0.21537823856965588,0.006749694013434754,-0.0029386137051481314,True,True
validation,006,full_v,22,1582.95,1629.175,1606.0625,5,1.0,235,True,-0.23829660781836992,-0.02123078952010657,-0.0012667204480173275,True,True
validation,006,full_v,23,1629.175,1675.4,1652.2875,5,1.0,230,True,-0.24661835404339172,-0.03381682862488211,0.0004045559465331934,True,True
validation,006,full_v,24,1675.4,1721.625,1698.5125,5,1.0,230,True,-0.26539259753917577,-0.05722150216116326,0.0020753459658119687,True,True
validation,006,full_v,25,1721.625,1767.8500000000001,1744.7375000000002,5,1.0,230,True,-0.2323401120970061,-0.026884441057104178,0.0037457800971275254,True,True
validation,006,full_v,26,1767.8500000000001,1814.075,1790.9625,5,1.0,235,True,-0.20186498295095134,-0.0010426166268348025,0.005415971780100406,True,True
validation,006,full_v,27,1814.075,1860.3,1837.1875,5,1.0,230,True,-0.17962027538078473,0.01672987890159644,0.007085966263599221,True,True
validation,006,full_v,28,1860.3,1906.525,1883.4125,5,1.0,230,True,-0.16212324705776382,0.030004751576099817,0.008755791748804595,True,True
validation,006,full_v,29,1906.525,1952.75,1929.6375,5,1.0,230,True,-0.16408378135287194,0.024198057713513202,0.010425476436897152,True,True
validation,006,full_v,30,1952.75,1998.9750000000001,1975.8625000000002,5,1.0,230,True,-0.12320010411303883,0.0615426892659907,0.01209504852905751,True,True
validation,006,full_v,31,1998.9750000000001,2045.2,2022.0875,5,1.0,235,True,-0.1371401468102249,0.04373414811156981,0.013764536226466277,True,True
validation,006,full_v,32,2045.2,2091.425,2068.3125,5,1.0,230,True,-0.14378546329970732,0.032133717526597064,0.015433967730304084,True,True
validation,006,full_v,33,2091.425,2137.65,2114.5375000000004,5,1.0,230,True,-0.15829565491668518,0.01291326814980795,0.01710337124175157,True,True
validation,006,full_v,34,2137.65,2183.875,2160.7625,5,1.0,230,True,-0.141239837343619,0.02635182247568893,,False,False
validation,006,full_v,35,2183.875,2230.1000000000004,2206.9875,5,1.0,225,True,-0.14067462835760125,0.02121598848871087,,False,False
validation,006,full_v,36,2230.1000000000004,2276.325,2253.2125,5,1.0,230,True,-0.14315128882594763,0.016452030574718682,,False,False
validation,006,full_v,37,2276.325,2322.55,2299.4375,5,1.0,230,True,-0.12719733850298098,0.02579823206321398,,False,False
validation,006,full_v,38,2322.55,2368.775,2345.6625000000004,5,1.0,230,True,-0.11829937691027226,0.029680231915607577,,False,False
validation,006,full_v,39,2368.775,2415.0,2391.8875,5,1.0,235,True,-0.1236064202628313,0.02137551037175231,,False,False
validation,007,full_v,0,566.0,612.225,589.1125,5,1.0,235,True,-0.3285794117397245,-0.019890689741846657,-0.03825222918153468,True,True
validation,007,full_v,1,612.225,658.45,635.3375000000001,5,1.0,230,True,-0.34305519998093814,-0.03672063102610612,-0.03656600477747957,True,True
validation,007,full_v,2,658.45,704.675,681.5625,5,1.0,230,True,-0.33290779531108683,-0.030912799458228613,-0.034879724620971025,True,True
validation,007,full_v,3,704.675,750.9,727.7874999999999,5,1.0,230,True,-0.35074424845180374,-0.05382776451600327,-0.033193467816709635,True,True
validation,007,full_v,4,750.9,797.125,774.0125,5,1.0,191,True,-0.3714454672560805,-0.07934520377632509,-0.03150731346939598,True,True
validation,007,full_v,5,797.125,843.35,820.2375,5,1.0,230,True,-0.35742216019815487,-0.06764615839424623,-0.02982134068373069,True,True
validation,007,full_v,6,843.35,889.575,866.4625000000001,5,1.0,230,True,-0.35867252645471126,-0.07418149648582495,-0.02813562856441436,True,True
validation,007,full_v,7,889.575,935.8,912.6875,5,1.0,230,True,-0.31458267246074456,-0.03282178495821372,-0.026450256216147595,True,True
validation,007,full_v,8,935.8,982.0250000000001,958.9125,5,1.0,235,True,-0.29618315590539623,-0.01845573573382303,-0.024765302743630976,True,True
validation,007,full_v,9,982.0250000000001,1028.25,1005.1375,5,1.0,230,True,-0.2570672637301641,0.01793284271960463,-0.023080850470631232,True,True
validation,007,full_v,10,1028.25,1074.475,1051.3625,5,1.0,230,True,-0.25721895785551396,0.01352290480978463,-0.021396994597179482,True,True
validation,007,full_v,11,1074.475,1120.7,1097.5875,5,1.0,190,True,-0.26669762783973283,-0.0009106948384402791,-0.01971383354237294,True,True
validation,007,full_v,12,1120.7,1166.9250000000002,1143.8125,5,1.0,230,True,-0.21172844364383536,0.04974005649178728,-0.01803146572530887,True,True
validation,007,full_v,13,1166.9250000000002,1213.15,1190.0375000000001,5,1.0,235,True,-0.18494533431248783,0.07232738774394465,-0.01634998956508447,True,True
validation,007,full_v,14,1213.15,1259.375,1236.2625,5,1.0,230,True,-0.16936420950844422,0.08485033504473327,-0.014669503480797002,True,True
validation,007,full_v,15,1259.375,1305.6,1282.4875,5,1.0,230,True,-0.17010946791992865,0.07998633828463927,-0.012990105891543669,True,True
validation,007,full_v,16,1305.6,1351.825,1328.7125,5,1.0,230,True,-0.13940049748930505,0.10873247274377221,-0.011311895216421713,True,True
validation,007,full_v,17,1351.825,1398.0500000000002,1374.9375,5,1.0,207,True,-0.17127833959125383,0.06951355663118361,-0.009634965105644917,True,True
validation,007,full_v,18,1398.0500000000002,1444.275,1421.1625000000001,5,1.0,230,True,-0.18277777692259178,0.055735103375843406,-0.007959299525107618,True,True
validation,007,full_v,19,1444.275,1490.5,1467.3875,5,1.0,230,True,-0.17549407014263352,0.059458384704784165,-0.006284772756384747,True,True
validation,007,full_v,20,1490.5,1536.725,1513.6125,5,1.0,230,True,-0.18881951214473247,0.041935966731622865,-0.004611254312167767,True,True
validation,007,full_v,21,1536.725,1582.95,1559.8375,5,1.0,230,True,-0.20462859005158407,0.02203547305975581,-0.0029386137051481314,True,True
validation,007,full_v,22,1582.95,1629.175,1606.0625,5,1.0,235,True,-0.2401214626560204,-0.017366661818396995,-0.0012667204480173275,True,True
validation,007,full_v,23,1629.175,1675.4,1652.2875,5,1.0,205,True,-0.25699518814201383,-0.04017660123339495,0.0004045559465331934,True,True
validation,007,full_v,24,1675.4,1721.625,1698.5125,5,1.0,230,True,-0.26338648437433676,-0.047620395563927054,0.0020753459658119687,True,True
validation,007,full_v,25,1721.625,1767.8500000000001,1744.7375000000002,5,1.0,230,True,-0.24505430163537767,-0.03335702349053489,0.0037457800971275254,True,True
validation,007,full_v,26,1767.8500000000001,1814.075,1790.9625,5,1.0,235,True,-0.20844602776696775,-0.0012644911782899448,0.005415971780100406,True,True
validation,007,full_v,27,1814.075,1860.3,1837.1875,5,1.0,230,True,-0.1875952103263785,0.014957721764185625,0.007085966263599221,True,True
validation,007,full_v,28,1860.3,1906.525,1883.4125,5,1.0,230,True,-0.16060146626779215,0.03826828852282603,0.008755791748804595,True,True
validation,007,full_v,29,1906.525,1952.75,1929.6375,5,1.0,230,True,-0.17713465837482545,0.017601296093039676,0.010425476436897152,True,True
validation,007,full_v,30,1952.75,1998.9750000000001,1975.8625000000002,5,1.0,215,True,-0.17374479449051705,0.016266876328716623,0.01209504852905751,True,True
validation,007,full_v,31,1998.9750000000001,2045.2,2022.0875,5,1.0,235,True,-0.1723409190608436,0.015296001466939546,0.013764536226466277,True,True
validation,007,full_v,32,2045.2,2091.425,2068.3125,5,1.0,230,True,-0.17117358766932966,0.010170985197956062,0.015433967730304084,True,True
validation,007,full_v,33,2091.425,2137.65,2114.5375000000004,5,1.0,230,True,-0.1770284533231461,0.001892848718725304,0.01710337124175157,True,True
validation,007,full_v,34,2137.65,2183.875,2160.7625,5,1.0,230,True,-0.16985619947860187,0.007850754658516743,,False,False
validation,007,full_v,35,2183.875,2230.1000000000004,2206.9875,5,1.0,235,True,-0.1769068794743589,-0.005896266607088141,,False,False
validation,007,full_v,36,2230.1000000000004,2276.325,2253.2125,5,1.0,230,True,-0.1720628213024611,-0.0033656605647195276,,False,False
validation,007,full_v,37,2276.325,2322.55,2299.4375,5,1.0,230,True,-0.14594819419573923,0.016835140799409426,,False,False
validation,007,full_v,38,2322.55,2368.775,2345.6625000000004,5,1.0,230,True,-0.13769931249140654,0.02182160473326611,,False,False
validation,007,full_v,39,2368.775,2415.0,2391.8875,5,1.0,235,True,-0.12720428307420661,0.026427311537358805,,False,False
validation,006,c1_s,0,-0.11532302151689332,-0.10902795940317286,-0.11217549046003308,5,1.0,230,True,-0.3141338667512059,-0.0014098337697824037,,False,True
validation,006,c1_s,1,-0.10902795940317286,-0.10273289728945241,-0.10588042834631264,5,1.0,230,True,-0.3648599238433121,-0.057174256348338365,,False,True
validation,006,c1_s,2,-0.10273289728945241,-0.09643783517573196,-0.09958536623259218,5,1.0,230,True,-0.37953448500564946,-0.07561214469085961,,False,True
validation,006,c1_s,3,-0.09643783517573196,-0.09014277306201149,-0.09329030411887172,5,1.0,230,True,-0.366869962069984,-0.06705907542151568,,False,True
validation,006,c1_s,4,-0.09014277306201149,-0.08384771094829105,-0.08699524200515127,5,1.0,170,True,-0.3806471165103744,-0.08600367829291686,,False,True
validation,006,c1_s,5,-0.08384771094829105,-0.07755264883457058,-0.08070017989143081,5,1.0,235,True,-0.35714791653435896,-0.06632860947865604,,False,True
validation,006,c1_s,6,-0.07755264883457058,-0.07125758672085013,-0.07440511777771036,5,1.0,230,True,-0.35335879899406564,-0.06630952557116007,,False,True
validation,006,c1_s,7,-0.07125758672085013,-0.06496252460712967,-0.0681100556639899,5,1.0,230,True,-0.33482634822604496,-0.05191451756351356,,False,True
validation,006,c1_s,8,-0.06496252460712967,-0.05866746249340922,-0.06181499355026945,5,1.0,230,True,-0.3216054203386989,-0.043432669410809505,,False,True
validation,006,c1_s,9,-0.05866746249340922,-0.052372400379688766,-0.05551993143654899,5,1.0,235,True,-0.2770366703273339,-0.0035600674879160965,,False,True
validation,006,c1_s,10,-0.052372400379688766,-0.04607733826596831,-0.04922486932282854,5,1.0,200,True,-0.24851143087010996,0.02156952031437978,,False,True
validation,006,c1_s,11,-0.04607733826596831,-0.039782276152247845,-0.04292980720910808,5,1.0,230,True,-0.2479916883356168,0.017815225888622832,,False,True
validation,006,c1_s,12,-0.039782276152247845,-0.03348721403852739,-0.03663474509538762,5,1.0,230,True,-0.23385372938173532,0.028009619408370046,,False,True
validation,006,c1_s,13,-0.03348721403852739,-0.027192151924806937,-0.030339682981667164,5,1.0,235,True,-0.2101992716195582,0.04683613789617497,,False,True
validation,006,c1_s,14,-0.027192151924806937,-0.020897089811086483,-0.02404462086794671,5,1.0,230,True,-0.19176912725401962,0.0600088513581723,,False,True
validation,006,c1_s,15,-0.020897089811086483,-0.01460202769736603,-0.017749558754226256,5,1.0,230,True,-0.1809702806452833,0.06885619681524908,,False,True
validation,006,c1_s,16,-0.01460202769736603,-0.008306965583645576,-0.011454496640505803,5,1.0,225,True,-0.16125221377251364,0.08420875105686124,,False,True
validation,006,c1_s,17,-0.008306965583645576,-0.002011903469925122,-0.005159434526785349,5,1.0,235,True,-0.15718798581360716,0.08185278678158611,,False,True
validation,006,c1_s,18,-0.002011903469925122,0.004283158643795332,0.0011356275869351048,5,1.0,230,True,-0.18432298351041254,0.05037455474006905,,False,True
validation,006,c1_s,19,0.004283158643795332,0.010578220757515785,0.007430689700655559,5,1.0,230,True,-0.16984368280577655,0.06170664069934015,,False,True
validation,006,c1_s,20,0.010578220757515785,0.016873282871236253,0.01372575181437602,5,1.0,230,True,-0.1750534503632366,0.05161357695911252,,False,True
validation,006,c1_s,21,0.016873282871236253,0.023168344984956693,0.020020813928096473,5,1.0,235,True,-0.21587319850323183,0.005769517532364404,,False,True
validation,006,c1_s,22,0.023168344984956693,0.02946340709867716,0.026315876041816927,5,1.0,230,True,-0.23855756062368982,-0.02139814626808076,,False,True
validation,006,c1_s,23,0.02946340709867716,0.03575846921239763,0.032610938155537395,5,1.0,230,True,-0.24661835404339172,-0.033790616316035846,,False,True
validation,006,c1_s,24,0.03575846921239763,0.04205353132611807,0.03890600026925785,5,1.0,230,True,-0.26539259753917577,-0.05719030306832043,,False,True
validation,006,c1_s,25,0.04205353132611807,0.048348593439838536,0.0452010623829783,5,1.0,235,True,-0.23243803068407942,-0.028266703011086053,,False,True
validation,006,c1_s,26,0.048348593439838536,0.054643655553558976,0.051496124496698756,5,1.0,230,True,-0.2011701721248187,-0.0003127864067845876,,False,True
validation,006,c1_s,27,0.054643655553558976,0.06093871766727944,0.05779118661041921,5,1.0,230,True,-0.17962027538078473,0.01677076667656975,,False,True
validation,006,c1_s,28,0.06093871766727944,0.06723377978099988,0.06408624872413966,5,1.0,230,True,-0.16212324705776382,0.030049187566804678,,False,True
validation,006,c1_s,29,0.06723377978099988,0.07352884189472035,0.07038131083786012,5,1.0,235,True,-0.16299390870221941,0.024683484820523127,,False,True
validation,006,c1_s,30,0.07352884189472035,0.07982390400844079,0.07667637295158057,5,1.0,230,True,-0.12320010411303883,0.061591039789839694,,False,True
validation,006,c1_s,31,0.07982390400844079,0.08611896612216126,0.08297143506530102,5,1.0,230,True,-0.13745500250956866,0.04135273422708535,,False,True
validation,006,c1_s,32,0.08611896612216126,0.09241402823588173,0.08926649717902149,5,1.0,230,True,-0.14378546329970732,0.03218413244974076,,False,True
validation,006,c1_s,33,0.09241402823588173,0.09870909034960217,0.09556155929274195,5,1.0,230,True,-0.15829565491668518,0.012964115130784992,,False,True
validation,006,c1_s,34,0.09870909034960217,0.10500415246332263,0.1018566214064624,5,1.0,235,True,-0.13888139528421561,0.027585485099672347,,False,False
validation,006,c1_s,35,0.10500415246332263,0.11129921457704307,0.10815168352018285,5,1.0,220,True,-0.14564155778680288,0.015489184429200165,,False,False
validation,006,c1_s,36,0.11129921457704307,0.11759427669076354,0.11444674563390331,5,1.0,230,True,-0.14315128882594763,0.016499509846523652,,False,False
validation,006,c1_s,37,0.11759427669076354,0.12388933880448398,0.12074180774762376,5,1.0,230,True,-0.12719733850298098,0.025841915296211215,,False,False
validation,006,c1_s,38,0.12388933880448398,0.13018440091820443,0.12703686986134421,5,1.0,230,True,-0.11829937691027226,0.029720796385251574,,False,False
validation,006,c1_s,39,0.13018440091820443,0.13647946303192487,0.13333193197506465,5,1.0,235,True,-0.1236064202628313,0.02141198524834531,,False,False
validation,007,c1_s,0,-0.11532302151689332,-0.10902795940317286,-0.11217549046003308,5,1.0,235,True,-0.3285794117397245,-0.01992224935131659,,False,True
validation,007,c1_s,1,-0.10902795940317286,-0.10273289728945241,-0.10588042834631264,5,1.0,230,True,-0.34305519998093814,-0.03663027996574339,,False,True
validation,007,c1_s,2,-0.10273289728945241,-0.09643783517573196,-0.09958536623259218,5,1.0,230,True,-0.33290779531108683,-0.03094818602155433,,False,True
validation,007,c1_s,3,-0.09643783517573196,-0.09014277306201149,-0.09329030411887172,5,1.0,230,True,-0.35074424845180374,-0.053951517136394816,,False,True
validation,007,c1_s,4,-0.09014277306201149,-0.08384771094829105,-0.08699524200515127,5,1.0,186,True,-0.3705731313293654,-0.07812181650453359,,False,True
validation,007,c1_s,5,-0.08384771094829105,-0.07755264883457058,-0.08070017989143081,5,1.0,235,True,-0.3584041102988067,-0.06831918929470004,,False,True
validation,007,c1_s,6,-0.07755264883457058,-0.07125758672085013,-0.07440511777771036,5,1.0,230,True,-0.35867252645471126,-0.07421659738946865,,False,True
validation,007,c1_s,7,-0.07125758672085013,-0.06496252460712967,-0.0681100556639899,5,1.0,230,True,-0.31458267246074456,-0.03285542992359983,,False,True
validation,007,c1_s,8,-0.06496252460712967,-0.05866746249340922,-0.06181499355026945,5,1.0,230,True,-0.29678516722617587,-0.018897491088818275,,False,True
validation,007,c1_s,9,-0.05866746249340922,-0.052372400379688766,-0.05551993143654899,5,1.0,235,True,-0.2577000135070193,0.016466317803053687,,False,True
validation,007,c1_s,10,-0.052372400379688766,-0.04607733826596831,-0.04922486932282854,5,1.0,230,True,-0.25721895785551396,0.013495261876243891,,False,True
validation,007,c1_s,11,-0.04607733826596831,-0.039782276152247845,-0.04292980720910808,5,1.0,190,True,-0.26669762783973283,-0.0009360253322185097,,False,True
validation,007,c1_s,12,-0.039782276152247845,-0.03348721403852739,-0.03663474509538762,5,1.0,230,True,-0.21172844364383536,0.04971819403229047,,False,True
validation,007,c1_s,13,-0.03348721403852739,-0.027192151924806937,-0.030339682981667164,5,1.0,235,True,-0.18494533431248783,0.07224223974022614,,False,True
validation,007,c1_s,14,-0.027192151924806937,-0.020897089811086483,-0.02404462086794671,5,1.0,230,True,-0.16936420950844422,0.0848363839171086,,False,True
validation,007,c1_s,15,-0.020897089811086483,-0.01460202769736603,-0.017749558754226256,5,1.0,230,True,-0.17010946791992865,0.07997950997854794,,False,True
validation,007,c1_s,16,-0.01460202769736603,-0.008306965583645576,-0.011454496640505803,5,1.0,230,True,-0.13940049748930505,0.1088000747202162,,False,True
validation,007,c1_s,17,-0.008306965583645576,-0.002011903469925122,-0.005159434526785349,5,1.0,207,True,-0.17127833959125383,0.06958254878986886,,False,True
validation,007,c1_s,18,-0.002011903469925122,0.004283158643795332,0.0011356275869351048,5,1.0,230,True,-0.18277777692259178,0.055715738443273946,,False,True
validation,007,c1_s,19,0.004283158643795332,0.010578220757515785,0.007430689700655559,5,1.0,230,True,-0.17549407014263352,0.05952904402030933,,False,True
validation,007,c1_s,20,0.010578220757515785,0.016873282871236253,0.01372575181437602,5,1.0,230,True,-0.18881951214473247,0.04194770054710363,,False,True
validation,007,c1_s,21,0.016873282871236253,0.023168344984956693,0.020020813928096473,5,1.0,235,True,-0.20517942465983197,0.020987596784659945,,False,True
validation,007,c1_s,22,0.023168344984956693,0.02946340709867716,0.026315876041816927,5,1.0,230,True,-0.23996680373807067,-0.016621975953344373,,False,True
validation,007,c1_s,23,0.02946340709867716,0.03575846921239763,0.032610938155537395,5,1.0,205,True,-0.25699518814201383,-0.04015058788218104,,False,True
validation,007,c1_s,24,0.03575846921239763,0.04205353132611807,0.03890600026925785,5,1.0,230,True,-0.26338648437433676,-0.0475931754711937,,False,True
validation,007,c1_s,25,0.04205353132611807,0.048348593439838536,0.0452010623829783,5,1.0,235,True,-0.24420565394916594,-0.032742962695854694,,False,True
validation,007,c1_s,26,0.048348593439838536,0.054643655553558976,0.051496124496698756,5,1.0,230,True,-0.2083510012861325,-0.0011121275312906687,,False,True
validation,007,c1_s,27,0.054643655553558976,0.06093871766727944,0.05779118661041921,5,1.0,230,True,-0.1875952103263785,0.01490040715241489,,False,True
validation,007,c1_s,28,0.06093871766727944,0.06723377978099988,0.06408624872413966,5,1.0,230,True,-0.16060146626779215,0.03827178727496737,,False,True
validation,007,c1_s,29,0.06723377978099988,0.07352884189472035,0.07038131083786012,5,1.0,235,True,-0.1782081270262097,0.01707394799040743,,False,True
validation,007,c1_s,30,0.07352884189472035,0.07982390400844079,0.07667637295158057,5,1.0,215,True,-0.17374479449051705,0.016310711253305493,,False,True
validation,007,c1_s,31,0.07982390400844079,0.08611896612216126,0.08297143506530102,5,1.0,230,True,-0.17179428168759614,0.015637603809942544,,False,True
validation,007,c1_s,32,0.08611896612216126,0.09241402823588173,0.08926649717902149,5,1.0,230,True,-0.17117358766932966,0.010187445117900443,,False,True
validation,007,c1_s,33,0.09241402823588173,0.09870909034960217,0.09556155929274195,5,1.0,230,True,-0.1770284533231461,0.0019550615665245574,,False,True
validation,007,c1_s,34,0.09870909034960217,0.10500415246332263,0.1018566214064624,5,1.0,235,True,-0.1693456402524589,0.008485096058633013,,False,False
validation,007,c1_s,35,0.10500415246332263,0.11129921457704307,0.10815168352018285,5,1.0,230,True,-0.178251233424362,-0.006594207247571621,,False,False
validation,007,c1_s,36,0.11129921457704307,0.11759427669076354,0.11444674563390331,5,1.0,230,True,-0.1720628213024611,-0.003318187681828899,,False,False
validation,007,c1_s,37,0.11759427669076354,0.12388933880448398,0.12074180774762376,5,1.0,230,True,-0.14594819419573923,0.016863637669645437,,False,False
validation,007,c1_s,38,0.12388933880448398,0.13018440091820443,0.12703686986134421,5,1.0,230,True,-0.13769931249140654,0.02185694132822047,,False,False
validation,007,c1_s,39,0.13018440091820443,0.13647946303192487,0.13333193197506465,5,1.0,230,True,-0.12747603741041758,0.026304808349030068,,False,False
