split,pose_id,coordinate,frame_count,point_count_mean,support_min_min,support_max_max,bias_mean_mm,linear_slope_mean,linear_intercept_mean_mm,rmse_mean_mm,p95_abs_mean_mm,peak_to_peak_mean_mm,detrended_rmse_mean_mm,detrended_p95_abs_mean_mm,repeatability_rmse_mean_mm,board_mask_selected_min
fit,001,full_v,5,2446.0,215.0,2792.0,-0.1997263555022298,6.078125061127536e-05,-0.2879440508298831,0.21290807108976778,0.3319556021070139,0.9065470524026296,0.05511302132256947,0.1001046781337136,0.0011922785574460524,2445
fit,001,c1_s,5,2446.0,-0.1632024583850918,0.187943981239007,-0.1997263555022298,0.4462237783468039,-0.20206691511041225,0.21290807108976778,0.3319556021070139,0.9065470524026296,0.05511839216288163,0.10011367834110414,0.001184382731743451,2445
fit,002,full_v,5,2158.4,0.0,2421.0,-0.1855469181526042,6.5358943927902914e-06,-0.19076009584134573,0.19340564883086925,0.2732994844311099,0.4624919402084515,0.05442608586989404,0.0974602334406652,0.0017378190170449222,2157
fit,002,c1_s,5,2158.4,-0.19255791311191403,0.13729775849162723,-0.1855469181526042,0.04795038544907208,-0.18152624421696398,0.19340564883086925,0.2732994844311099,0.4624919402084515,0.0544264914034567,0.09745808245216818,0.0017082161209837985,2157
fit,003,full_v,5,2215.8,566.0,2999.0,-0.18992859858181443,0.00011211639408050534,-0.3891648303585691,0.2122260997167384,0.37667456371286673,0.6939189407251206,0.05698913139825018,0.10758056543081473,0.002280494573023782,2215
fit,003,c1_s,5,2215.8,-0.11532303177128547,0.21623646142778039,-0.18992859858181443,0.8226436113183458,-0.23074239954777012,0.2122260997167384,0.37667456371286673,0.6939189407251206,0.05700813079186741,0.10759165145477834,0.002150606175984047,2215
fit,004,full_v,5,2489.2,261.0,2861.0,-0.20808588043783244,5.846059770348459e-05,-0.3006813789799544,0.22000813669446537,0.3380436659108431,0.529159142192816,0.05572510427875421,0.10003711098493248,0.001665747909839229,2489
fit,004,c1_s,5,2489.2,-0.15692461184961637,0.1973728047043922,-0.20808588043783244,0.42912999652333667,-0.21807457488275778,0.22000813669446537,0.3380436659108431,0.529159142192816,0.05572931210317753,0.10003228213691676,0.0015873759953012006,2489
fit,005,full_v,5,2510.4,0.0,2568.0,-0.2111584042324924,1.892648972986493e-05,-0.23118124235666065,0.21843894916970905,0.3089180047760191,0.47754871439872204,0.053634384559170634,0.09905396297852456,0.0014489372261961165,2510
fit,005,c1_s,5,2510.4,-0.19255802812922831,0.15735547733805905,-0.2111584042324924,0.13893373862738972,-0.20443891435366762,0.21843894916970905,0.3089180047760191,0.47754871439872204,0.05363569787981302,0.09905817633850902,0.0014219920442302882,2510
validation,006,full_v,5,2492.6,480.0,2999.0,-0.20808001667415404,9.297609075875297e-05,-0.3673225314003127,0.22440891668625698,0.3704134416624481,0.407511851558661,0.055330538448668955,0.10024997556961701,0.0010595200923503847,2492
validation,006,c1_s,5,2492.6,-0.12704887749461186,0.21623626949947336,-0.20808001667415404,0.682502081180243,-0.23597071982818213,0.22440891668625698,0.3704134416624481,0.407511851558661,0.0553469090855631,0.10027912965743264,0.0010784985426109336,2492
validation,007,full_v,5,2452.0,508.0,2999.0,-0.20839307959038655,8.522068448008723e-05,-0.35921662797039133,0.22291896528474178,0.3586527761758066,0.5315021647429148,0.051485208647703916,0.09864504945738892,0.0011819053325119607,2451
validation,007,c1_s,5,2452.0,-0.1232305285750494,0.21623662225331441,-0.20839307959038655,0.6258389179790982,-0.23880968858887197,0.22291896528474178,0.3586527761758066,0.5315021647429148,0.05149451674973954,0.09863329883067949,0.001232172961261767,2451
