cv_scheme,model,heldout_group,condition_id,dataset,true_height_mm,position_rank,q1_median,q2_median,point_count,raw_bias_mm,predicted_bias_mm,corrected_bias_mm,bbox_oob_point_count,hull_oob_point_count,support_state
LOHO_development,S0,height_30mm,obs_30mm/rank1,obs_30mm,30.0,1,-1.57610949130332,0.244000803273368,261,-0.09685571900937462,-0.07724229564899908,-0.019613423360375547,261,261,BBOX_EXTRAPOLATION
LOHO_development,S0,height_30mm,obs_30mm/rank2,obs_30mm,30.0,2,-0.394777480026022,0.21944978066016751,264,-0.12331873611946821,-0.08513669669670618,-0.038182039422762055,264,264,BBOX_EXTRAPOLATION
LOHO_development,S0,height_30mm,obs_30mm/rank3,obs_30mm,30.0,3,0.8064213416025455,0.188383933974825,248,-0.08428851073073206,-0.0933693117024986,0.00908080097176652,248,248,BBOX_EXTRAPOLATION
LOHO_development,S0,height_30mm,obs_30mm/rank4,obs_30mm,30.0,4,1.38424242649992,0.1727691509749035,284,-0.08511425436863532,-0.09740640150294379,0.01229214713430847,284,284,BBOX_EXTRAPOLATION
LOHO_development,S0,height_30mm,obs_30mm/rank5,obs_30mm,30.0,5,2.01012552521233,0.163937156735764,290,-0.16927470859732058,-0.10140926272873103,-0.06786544586858956,290,290,BBOX_EXTRAPOLATION
LOHO_development,S1,height_30mm,obs_30mm/rank1,obs_30mm,30.0,1,-1.57610949130332,0.244000803273368,261,-0.09685571900937462,-0.11690969094595946,0.02005397193658484,261,261,BBOX_EXTRAPOLATION
LOHO_development,S1,height_30mm,obs_30mm/rank2,obs_30mm,30.0,2,-0.394777480026022,0.21944978066016751,264,-0.12331873611946821,-0.12820879877131244,0.00489006265184422,264,264,BBOX_EXTRAPOLATION
LOHO_development,S1,height_30mm,obs_30mm/rank3,obs_30mm,30.0,3,0.8064213416025455,0.188383933974825,248,-0.08428851073073206,-0.1661372018516406,0.08184869112090855,248,248,BBOX_EXTRAPOLATION
LOHO_development,S1,height_30mm,obs_30mm/rank4,obs_30mm,30.0,4,1.38424242649992,0.1727691509749035,284,-0.08511425436863532,-0.1945241113673475,0.10940985699871221,284,284,BBOX_EXTRAPOLATION
LOHO_development,S1,height_30mm,obs_30mm/rank5,obs_30mm,30.0,5,2.01012552521233,0.163937156735764,290,-0.16927470859732058,-0.2352328040874988,0.0659580954901782,290,290,BBOX_EXTRAPOLATION
LOHO_development,S0,height_36mm,obs_36mm/rank1,obs_36mm,36.0,1,-1.4820346874685,-0.004467893668432315,252,-0.07394823639818404,-0.09861333484778706,0.024665098449603018,0,0,IN_DOMAIN
LOHO_development,S0,height_36mm,obs_36mm/rank2,obs_36mm,36.0,2,-0.6865380508238,-0.0178604400173019,285,-0.12057595430857165,-0.1025655856560648,-0.018010368652506877,0,0,IN_DOMAIN
LOHO_development,S0,height_36mm,obs_36mm/rank3,obs_36mm,36.0,3,0.11127308164020999,-0.0455703978373282,286,-0.05989100022381755,-0.1066216846322806,0.04673068440846304,0,0,IN_DOMAIN
LOHO_development,S0,height_36mm,obs_36mm/rank4,obs_36mm,36.0,4,1.00948931774781,-0.0651431808725149,321,-0.11896859712659688,-0.11109993929473716,-0.00786865783185972,0,0,IN_DOMAIN
LOHO_development,S0,height_36mm,obs_36mm/rank5,obs_36mm,36.0,5,1.83957005734543,-0.0830625130938711,317,-0.1454844161135448,-0.1152307855272711,-0.03025363058627369,0,0,IN_DOMAIN
LOHO_development,S1,height_36mm,obs_36mm/rank1,obs_36mm,36.0,1,-1.4820346874685,-0.004467893668432315,252,-0.07394823639818404,-0.09512778252672181,0.02117954612853779,0,0,IN_DOMAIN
LOHO_development,S1,height_36mm,obs_36mm/rank2,obs_36mm,36.0,2,-0.6865380508238,-0.0178604400173019,285,-0.12057595430857165,-0.07769668268908023,-0.042879271619491455,0,0,IN_DOMAIN
LOHO_development,S1,height_36mm,obs_36mm/rank3,obs_36mm,36.0,3,0.11127308164020999,-0.0455703978373282,286,-0.05989100022381755,-0.07462458639377027,0.014733586169952736,0,0,IN_DOMAIN
LOHO_development,S1,height_36mm,obs_36mm/rank4,obs_36mm,36.0,4,1.00948931774781,-0.0651431808725149,321,-0.11896859712659688,-0.08844539480181661,-0.03052320232478026,0,0,IN_DOMAIN
LOHO_development,S1,height_36mm,obs_36mm/rank5,obs_36mm,36.0,5,1.83957005734543,-0.0830625130938711,317,-0.1454844161135448,-0.11742717612518076,-0.028057239988364055,0,0,IN_DOMAIN
LOHO_development,S0,height_40mm,obs_40mm/rank1,obs_40mm,40.0,1,-1.47491847763995,-0.171322047261236,209,-0.08948260628230172,-0.10184206881949946,0.012359462537197736,0,0,IN_DOMAIN
LOHO_development,S0,height_40mm,obs_40mm/rank2,obs_40mm,40.0,2,-1.006741367269935,-0.175694777328709,342,-0.09081367507939357,-0.10470218385611592,0.01388850877672236,0,0,IN_DOMAIN
LOHO_development,S0,height_40mm,obs_40mm/rank3,obs_40mm,40.0,3,-0.179362120015705,-0.204747505308568,277,-0.07343035600605043,-0.11003188613342434,0.03660153012737389,0,0,IN_DOMAIN
LOHO_development,S0,height_40mm,obs_40mm/rank4,obs_40mm,40.0,4,0.781877353357439,-0.227701770950149,296,-0.07426768246980651,-0.11610013810913922,0.041832455639332695,0,0,IN_DOMAIN
LOHO_development,S0,height_40mm,obs_40mm/rank5,obs_40mm,40.0,5,1.77340084275212,-0.249805803628014,314,-0.13744884683507497,-0.1222968911349246,-0.015151955700150361,0,0,IN_DOMAIN
LOHO_development,S1,height_40mm,obs_40mm/rank1,obs_40mm,40.0,1,-1.47491847763995,-0.171322047261236,209,-0.08948260628230172,-0.11252938870494118,0.023046782422639453,0,0,IN_DOMAIN
LOHO_development,S1,height_40mm,obs_40mm/rank2,obs_40mm,40.0,2,-1.006741367269935,-0.175694777328709,342,-0.09081367507939357,-0.1020293058205805,0.011215630741186918,0,0,IN_DOMAIN
LOHO_development,S1,height_40mm,obs_40mm/rank3,obs_40mm,40.0,3,-0.179362120015705,-0.204747505308568,277,-0.07343035600605043,-0.0941263965364471,0.02069604053039666,0,0,IN_DOMAIN
LOHO_development,S1,height_40mm,obs_40mm/rank4,obs_40mm,40.0,4,0.781877353357439,-0.227701770950149,296,-0.07426768246980651,-0.09969471848891691,0.0254270360191104,0,0,IN_DOMAIN
LOHO_development,S1,height_40mm,obs_40mm/rank5,obs_40mm,40.0,5,1.77340084275212,-0.249805803628014,314,-0.13744884683507497,-0.12258243643541615,-0.01486641039965881,0,0,IN_DOMAIN
LOHO_development,S0,height_46mm,obs_46mm/rank1,obs_46mm,46.0,1,-1.5634484990189401,-0.421113483221246,306,-0.1289916855481588,-0.06715833581064445,-0.06183334973751435,306,306,BBOX_EXTRAPOLATION
LOHO_development,S0,height_46mm,obs_46mm/rank2,obs_46mm,46.0,2,-0.911343594370997,-0.42684683215195995,334,-0.13567246909563102,-0.07535769806284541,-0.06031477103278564,334,334,BBOX_EXTRAPOLATION
LOHO_development,S0,height_46mm,obs_46mm/rank3,obs_46mm,46.0,3,0.250074412146889,-0.464867624746856,305,-0.10401412147723794,-0.08904542410201528,-0.014968697375222668,305,305,BBOX_EXTRAPOLATION
LOHO_development,S0,height_46mm,obs_46mm/rank4,obs_46mm,46.0,4,1.1279993678110252,-0.486190621440112,208,-0.10594850134081855,-0.09957586031398138,-0.006372641026837159,208,208,BBOX_EXTRAPOLATION
LOHO_development,S0,height_46mm,obs_46mm/rank5,obs_46mm,46.0,5,1.75338276095219,-0.4999961045174715,306,-0.11511910618503841,-0.10725759850767361,-0.007861507677364796,306,306,BBOX_EXTRAPOLATION
LOHO_development,S1,height_46mm,obs_46mm/rank1,obs_46mm,46.0,1,-1.5634484990189401,-0.421113483221246,306,-0.1289916855481588,-0.060455918969484844,-0.06853576657867394,306,306,BBOX_EXTRAPOLATION
LOHO_development,S1,height_46mm,obs_46mm/rank2,obs_46mm,46.0,2,-0.911343594370997,-0.42684683215195995,334,-0.13567246909563102,-0.050283482727967906,-0.08538898636766314,334,334,BBOX_EXTRAPOLATION
LOHO_development,S1,height_46mm,obs_46mm/rank3,obs_46mm,46.0,3,0.250074412146889,-0.464867624746856,305,-0.10401412147723794,-0.05410278149641473,-0.04991133998082323,305,305,BBOX_EXTRAPOLATION
LOHO_development,S1,height_46mm,obs_46mm/rank4,obs_46mm,46.0,4,1.1279993678110252,-0.486190621440112,208,-0.10594850134081855,-0.07970956526327223,-0.02623893607754633,208,208,BBOX_EXTRAPOLATION
LOHO_development,S1,height_46mm,obs_46mm/rank5,obs_46mm,46.0,5,1.75338276095219,-0.4999961045174715,306,-0.11511910618503841,-0.11009316301597294,-0.005025943169065459,306,306,BBOX_EXTRAPOLATION
LOPO_position_rank,S0,rank_1,obs_30mm/rank1,obs_30mm,30.0,1,-1.57610949130332,0.244000803273368,261,-0.09685571900937462,-0.08808582936387821,-0.008769889645496413,261,261,BBOX_EXTRAPOLATION
LOPO_position_rank,S0,rank_1,obs_36mm/rank1,obs_36mm,36.0,1,-1.4820346874685,-0.004467893668432315,252,-0.07394823639818404,-0.08858529798865987,0.014637061590475833,252,252,BBOX_EXTRAPOLATION
LOPO_position_rank,S0,rank_1,obs_40mm/rank1,obs_40mm,40.0,1,-1.47491847763995,-0.171322047261236,209,-0.08948260628230172,-0.0884043123662808,-0.0010782939160209342,209,209,BBOX_EXTRAPOLATION
LOPO_position_rank,S0,rank_1,obs_46mm/rank1,obs_46mm,46.0,1,-1.5634484990189401,-0.421113483221246,306,-0.1289916855481588,-0.08712801006417453,-0.041863675483984265,306,306,BBOX_EXTRAPOLATION
LOPO_position_rank,S1,rank_1,obs_30mm/rank1,obs_30mm,30.0,1,-1.57610949130332,0.244000803273368,261,-0.09685571900937462,-0.17600361591254868,0.07914789690317406,261,261,BBOX_EXTRAPOLATION
LOPO_position_rank,S1,rank_1,obs_36mm/rank1,obs_36mm,36.0,1,-1.4820346874685,-0.004467893668432315,252,-0.07394823639818404,-0.15674484076661596,0.08279660436843193,252,252,BBOX_EXTRAPOLATION
LOPO_position_rank,S1,rank_1,obs_40mm/rank1,obs_40mm,40.0,1,-1.47491847763995,-0.171322047261236,209,-0.08948260628230172,-0.15543666193178596,0.06595405564948426,209,209,BBOX_EXTRAPOLATION
LOPO_position_rank,S1,rank_1,obs_46mm/rank1,obs_46mm,46.0,1,-1.5634484990189401,-0.421113483221246,306,-0.1289916855481588,-0.17323505268078215,0.04424336713262337,306,306,BBOX_EXTRAPOLATION
LOPO_position_rank,S0,rank_2,obs_30mm/rank2,obs_30mm,30.0,2,-0.394777480026022,0.21944978066016751,264,-0.12331873611946821,-0.09238174810260974,-0.030936988016858482,0,178,HULL_EXTRAPOLATION
LOPO_position_rank,S0,rank_2,obs_36mm/rank2,obs_36mm,36.0,2,-0.6865380508238,-0.0178604400173019,285,-0.12057595430857165,-0.09126035792450983,-0.029315596384061848,0,0,IN_DOMAIN
LOPO_position_rank,S0,rank_2,obs_40mm/rank2,obs_40mm,40.0,2,-1.006741367269935,-0.175694777328709,342,-0.09081367507939357,-0.0892030732032258,-0.0016106018761677732,0,0,IN_DOMAIN
LOPO_position_rank,S0,rank_2,obs_46mm/rank2,obs_46mm,46.0,2,-0.911343594370997,-0.42684683215195995,334,-0.13567246909563102,-0.09233355501159328,-0.04333891408403776,0,0,IN_DOMAIN
LOPO_position_rank,S1,rank_2,obs_30mm/rank2,obs_30mm,30.0,2,-0.394777480026022,0.21944978066016751,264,-0.12331873611946821,-0.06051408817174428,-0.06280464794772395,0,178,HULL_EXTRAPOLATION
LOPO_position_rank,S1,rank_2,obs_36mm/rank2,obs_36mm,36.0,2,-0.6865380508238,-0.0178604400173019,285,-0.12057595430857165,-0.0676336067033792,-0.05294234760519248,0,0,IN_DOMAIN
LOPO_position_rank,S1,rank_2,obs_40mm/rank2,obs_40mm,40.0,2,-1.006741367269935,-0.175694777328709,342,-0.09081367507939357,-0.08245118976889246,-0.008362485310501128,0,0,IN_DOMAIN
LOPO_position_rank,S1,rank_2,obs_46mm/rank2,obs_46mm,46.0,2,-0.911343594370997,-0.42684683215195995,334,-0.13567246909563102,-0.09842906035681333,-0.0372434087388177,0,0,IN_DOMAIN
LOPO_position_rank,S0,rank_3,obs_30mm/rank3,obs_30mm,30.0,3,0.8064213416025455,0.188383933974825,248,-0.08428851073073206,-0.11810780457590965,0.033819293845177574,0,0,IN_DOMAIN
LOPO_position_rank,S0,rank_3,obs_36mm/rank3,obs_36mm,36.0,3,0.11127308164020999,-0.0455703978373282,286,-0.05989100022381755,-0.11279859473838078,0.05290759451456323,0,0,IN_DOMAIN
LOPO_position_rank,S0,rank_3,obs_40mm/rank3,obs_40mm,40.0,3,-0.179362120015705,-0.204747505308568,277,-0.07343035600605043,-0.110563465875963,0.03713310986991256,0,0,IN_DOMAIN
LOPO_position_rank,S0,rank_3,obs_46mm/rank3,obs_46mm,46.0,3,0.250074412146889,-0.464867624746856,305,-0.10401412147723794,-0.11403046424933043,0.010016342772092469,0,12,HULL_EXTRAPOLATION
LOPO_position_rank,S1,rank_3,obs_30mm/rank3,obs_30mm,30.0,3,0.8064213416025455,0.188383933974825,248,-0.08428851073073206,-0.11883740324398263,0.03454889251325056,0,0,IN_DOMAIN
LOPO_position_rank,S1,rank_3,obs_36mm/rank3,obs_36mm,36.0,3,0.11127308164020999,-0.0455703978373282,286,-0.05989100022381755,-0.09647320091376937,0.03658220068995183,0,0,IN_DOMAIN
LOPO_position_rank,S1,rank_3,obs_40mm/rank3,obs_40mm,40.0,3,-0.179362120015705,-0.204747505308568,277,-0.07343035600605043,-0.09629912202204687,0.02286876601599644,0,0,IN_DOMAIN
LOPO_position_rank,S1,rank_3,obs_46mm/rank3,obs_46mm,46.0,3,0.250074412146889,-0.464867624746856,305,-0.10401412147723794,-0.10891678971368321,0.004902668236445254,0,12,HULL_EXTRAPOLATION
LOPO_position_rank,S0,rank_4,obs_30mm/rank4,obs_30mm,30.0,4,1.38424242649992,0.1727691509749035,284,-0.08511425436863532,-0.12229112065490012,0.037176866286264786,0,0,IN_DOMAIN
LOPO_position_rank,S0,rank_4,obs_36mm/rank4,obs_36mm,36.0,4,1.00948931774781,-0.0651431808725149,321,-0.11896859712659688,-0.12007142976044358,0.0011028326338467145,0,0,IN_DOMAIN
LOPO_position_rank,S0,rank_4,obs_40mm/rank4,obs_40mm,40.0,4,0.781877353357439,-0.227701770950149,296,-0.07426768246980651,-0.11887230980193601,0.04460462733212952,0,0,IN_DOMAIN
LOPO_position_rank,S0,rank_4,obs_46mm/rank4,obs_46mm,46.0,4,1.1279993678110252,-0.486190621440112,208,-0.10594850134081855,-0.12439457869779855,0.018446077356979996,0,0,IN_DOMAIN
LOPO_position_rank,S1,rank_4,obs_30mm/rank4,obs_30mm,30.0,4,1.38424242649992,0.1727691509749035,284,-0.08511425436863532,-0.13711386285601626,0.05199960848738096,0,0,IN_DOMAIN
LOPO_position_rank,S1,rank_4,obs_36mm/rank4,obs_36mm,36.0,4,1.00948931774781,-0.0651431808725149,321,-0.11896859712659688,-0.10211090435368371,-0.016857692772913165,0,0,IN_DOMAIN
LOPO_position_rank,S1,rank_4,obs_40mm/rank4,obs_40mm,40.0,4,0.781877353357439,-0.227701770950149,296,-0.07426768246980651,-0.09439478783632935,0.020127105366522825,0,0,IN_DOMAIN
LOPO_position_rank,S1,rank_4,obs_46mm/rank4,obs_46mm,46.0,4,1.1279993678110252,-0.486190621440112,208,-0.10594850134081855,-0.11350844646330442,0.007559945122485861,0,0,IN_DOMAIN
LOPO_position_rank,S0,rank_5,obs_30mm/rank5,obs_30mm,30.0,5,2.01012552521233,0.163937156735764,290,-0.16927470859732058,-0.08215630327557058,-0.08711840532175001,290,290,BBOX_EXTRAPOLATION
LOPO_position_rank,S0,rank_5,obs_36mm/rank5,obs_36mm,36.0,5,1.83957005734543,-0.0830625130938711,317,-0.1454844161135448,-0.0886605701051879,-0.056823846008356924,317,317,BBOX_EXTRAPOLATION
LOPO_position_rank,S0,rank_5,obs_40mm/rank5,obs_40mm,40.0,5,1.77340084275212,-0.249805803628014,314,-0.13744884683507497,-0.09286229118346123,-0.04458655565161373,314,314,BBOX_EXTRAPOLATION
LOPO_position_rank,S0,rank_5,obs_46mm/rank5,obs_46mm,46.0,5,1.75338276095219,-0.4999961045174715,306,-0.11511910618503841,-0.09881725726596219,-0.01630184891907621,306,306,BBOX_EXTRAPOLATION
LOPO_position_rank,S1,rank_5,obs_30mm/rank5,obs_30mm,30.0,5,2.01012552521233,0.163937156735764,290,-0.16927470859732058,-0.08592770919278618,-0.08334699940453442,290,290,BBOX_EXTRAPOLATION
LOPO_position_rank,S1,rank_5,obs_36mm/rank5,obs_36mm,36.0,5,1.83957005734543,-0.0830625130938711,317,-0.1454844161135448,-0.06615352250978491,-0.0793308936037599,317,317,BBOX_EXTRAPOLATION
LOPO_position_rank,S1,rank_5,obs_40mm/rank5,obs_40mm,40.0,5,1.77340084275212,-0.249805803628014,314,-0.13744884683507497,-0.06765807523599071,-0.06979077159908426,314,314,BBOX_EXTRAPOLATION
LOPO_position_rank,S1,rank_5,obs_46mm/rank5,obs_46mm,46.0,5,1.75338276095219,-0.4999961045174715,306,-0.11511910618503841,-0.09116117445228895,-0.023957931732749443,306,306,BBOX_EXTRAPOLATION
strict_50mm_validation,S0,height_50mm_strict_heldout,obs_50mm/rank1,obs_50mm,50.0,1,-1.532740451607585,-0.5866137833624895,234,-0.08862172955099155,-0.09726964909509968,0.008647919544108124,234,234,BBOX_EXTRAPOLATION
strict_50mm_validation,S0,height_50mm_strict_heldout,obs_50mm/rank2,obs_50mm,50.0,2,-0.864362356734008,-0.593645300453705,237,-0.13318927912833858,-0.10240615068437844,-0.03078312844396015,237,237,BBOX_EXTRAPOLATION
strict_50mm_validation,S0,height_50mm_strict_heldout,obs_50mm/rank3,obs_50mm,50.0,3,0.0188809272514493,-0.6232948338251765,190,-0.062331704914058074,-0.10935978218713965,0.04702807727308158,190,190,BBOX_EXTRAPOLATION
strict_50mm_validation,S0,height_50mm_strict_heldout,obs_50mm/rank4,obs_50mm,50.0,4,1.197577665810235,-0.6504776679992585,218,-0.11225258916285263,-0.11853372840471346,0.006281139241860851,218,218,BBOX_EXTRAPOLATION
strict_50mm_validation,S0,height_50mm_strict_heldout,obs_50mm/rank5,obs_50mm,50.0,5,1.78701008684216,-0.663254951066795,221,-0.12473249514279297,-0.12313828702952673,-0.001594208113266255,221,221,BBOX_EXTRAPOLATION
strict_50mm_validation,S1,height_50mm_strict_heldout,obs_50mm/rank1,obs_50mm,50.0,1,-1.532740451607585,-0.5866137833624895,234,-0.08862172955099155,-0.1528787110553719,0.06425698150438032,234,234,BBOX_EXTRAPOLATION
strict_50mm_validation,S1,height_50mm_strict_heldout,obs_50mm/rank2,obs_50mm,50.0,2,-0.864362356734008,-0.593645300453705,237,-0.13318927912833858,-0.13047092212799413,-0.002718357000344452,237,237,BBOX_EXTRAPOLATION
strict_50mm_validation,S1,height_50mm_strict_heldout,obs_50mm/rank3,obs_50mm,50.0,3,0.0188809272514493,-0.6232948338251765,190,-0.062331704914058074,-0.1183244322861567,0.05599272737209865,190,190,BBOX_EXTRAPOLATION
strict_50mm_validation,S1,height_50mm_strict_heldout,obs_50mm/rank4,obs_50mm,50.0,4,1.197577665810235,-0.6504776679992585,218,-0.11225258916285263,-0.12605213498853055,0.013799545825677922,218,218,BBOX_EXTRAPOLATION
strict_50mm_validation,S1,height_50mm_strict_heldout,obs_50mm/rank5,obs_50mm,50.0,5,1.78701008684216,-0.663254951066795,221,-0.12473249514279297,-0.140953852504599,0.016221357361806018,221,221,BBOX_EXTRAPOLATION
