cv_scheme,model,parameter,fold_count,mean,median,std,min,max,range,relative_range_to_abs_mean,sign_consistency
LOHO_development,S0,intercept,4,-0.10267278015580532,-0.1033752357834109,0.004855061257511888,-0.10831270308818484,-0.09562794596821461,0.012684757119970233,0.12354547233182146,True
LOHO_development,S0,q1,4,-0.00739847084021414,-0.005939287389044372,0.0031787254406771613,-0.012851298935167762,-0.004864009647600054,0.007987289287567707,1.079586506464696,True
LOHO_development,S0,q2,4,0.006013195980316896,0.009689387998406313,0.025063599793660248,-0.03249971124479345,0.0371737191692484,0.06967343041404185,11.586755303187383,False
LOHO_development,S1,intercept,4,-0.08601809327265669,-0.08811961828337558,0.006841848281006499,-0.09293251027061923,-0.07490062625325634,0.018031884017362887,0.20962896678267612,True
LOHO_development,S1,q1,4,-0.00950219424842297,-0.0069094580657033874,0.00638758207011064,-0.020189074145632924,-0.004000786716652181,0.016188287428980742,1.7036367607058158,True
LOHO_development,S1,q2,4,-0.04594021249235154,-0.025942543516504088,0.055399446986258226,-0.1389929914787651,0.0071172285423670946,0.1461102200211322,3.1804428428679485,False
LOHO_development,S1,q1_sq,4,-0.011153089179742618,-0.011591219346772728,0.0009715344693983865,-0.01191744799385409,-0.00951247003157093,0.0024049779622831603,0.21563334817149382,True
LOHO_development,S1,q1_q2,4,-0.027279456992058148,-0.026605501902846936,0.03080803469907768,-0.07151176367679517,0.015604939514256453,0.08711670319105162,3.193491102715639,False
LOHO_development,S1,q2_sq,4,-0.11954079896101169,-0.11732075166161339,0.17116588154235154,-0.3557552729336578,0.11223358041283782,0.4679888533464956,3.91488811697779,False
LOPO_position_rank,S0,intercept,5,-0.10330731792744866,-0.1032418198648197,0.0065296541545874585,-0.11189567113676546,-0.09411155308494948,0.017784118051815984,0.17214770849346347,True
LOPO_position_rank,S0,q1,5,-0.006976541969086881,-0.009865727764838508,0.005596107206894591,-0.010620256960569296,0.004027988518670941,0.014648245479240237,2.0996427089734055,False
LOPO_position_rank,S0,q2,5,0.007635025467970851,0.007451555674094894,0.008861990309310001,-0.0016327817265085944,0.02355921919781516,0.025192000924323756,3.299530699668903,False
LOPO_position_rank,S1,intercept,5,-0.08321394224333249,-0.08493276602710739,0.010021192925689398,-0.09612189554287688,-0.06556142650230115,0.03056046904057573,0.36725178758159827,True
LOPO_position_rank,S1,q1,5,-0.0018939944136120972,-0.00912800007511424,0.00992646938331957,-0.010065108217405323,0.014805391743292418,0.02487049996069774,13.131242511569194,False
LOPO_position_rank,S1,q2,5,-0.018338307918871595,-0.02885184476036376,0.01956263971004116,-0.033506006826045556,0.019386163847321995,0.05289217067336755,2.8842448773006613,False
LOPO_position_rank,S1,q1_sq,5,-0.010873415712617135,-0.010352569169253291,0.009086653232099196,-0.024018294214950348,0.0027009137214525757,0.026719207936402922,2.45729664372152,False
LOPO_position_rank,S1,q1_q2,5,-0.02286114712574209,-0.025331958776258504,0.009931399001360948,-0.034367792257109904,-0.005321932382652504,0.0290458598744574,1.270533788820737,True
LOPO_position_rank,S1,q2_sq,5,-0.12633772132980675,-0.10216862348260529,0.05624680233534569,-0.21562609194776433,-0.052148482542650434,0.1634776094051139,1.2939730722097864,True
strict_50mm_validation,S0,intercept,1,-0.10427602380260367,-0.10427602380260367,0.0,-0.10427602380260367,-0.10427602380260367,0.0,0.0,True
strict_50mm_validation,S0,q1,1,-0.007611238467029718,-0.007611238467029718,0.0,-0.007611238467029718,-0.007611238467029718,0.0,0.0,True
strict_50mm_validation,S0,q2,1,0.007925918307626062,0.007925918307626062,0.0,0.007925918307626062,0.007925918307626062,0.0,0.0,True
strict_50mm_validation,S1,intercept,1,-0.08204967866761474,-0.08204967866761474,0.0,-0.08204967866761474,-0.08204967866761474,0.0,0.0,True
strict_50mm_validation,S1,q1,1,-0.006671734758199703,-0.006671734758199703,0.0,-0.006671734758199703,-0.006671734758199703,0.0,0.0,True
strict_50mm_validation,S1,q2,1,-0.01131608983082646,-0.01131608983082646,0.0,-0.01131608983082646,-0.01131608983082646,0.0,0.0,True
strict_50mm_validation,S1,q1_sq,1,-0.011136163788840366,-0.011136163788840366,0.0,-0.011136163788840366,-0.011136163788840366,0.0,0.0,True
strict_50mm_validation,S1,q1_q2,1,-0.025616823267829394,-0.025616823267829394,0.0,-0.025616823267829394,-0.025616823267829394,0.0,0.0,True
strict_50mm_validation,S1,q2_sq,1,-0.11199175515982847,-0.11199175515982847,0.0,-0.11199175515982847,-0.11199175515982847,0.0,0.0,True
