cv_scheme,model,heldout_group,heldout_height_mm,heldout_position_rank,train_condition_count,train_point_count,test_condition_count,test_point_count,train_q1_min,train_q1_max,train_q2_min,train_q2_max,test_q1_min,test_q1_max,test_q2_min,test_q2_max,bbox_oob_point_count,bbox_oob_point_rate,hull_oob_point_count,hull_oob_point_rate,bbox_extrapolation,hull_extrapolation,support_state,raw_bias_mm,corrected_bias_mm,delta_bias_mm,improved_bias_mm,raw_mae_mm,corrected_mae_mm,delta_mae_mm,improved_mae_mm,raw_rmse_mm,corrected_rmse_mm,delta_rmse_mm,improved_rmse_mm,raw_p95_abs_mm,corrected_p95_abs_mm,delta_p95_abs_mm,improved_p95_abs_mm,raw_max_abs_mm,corrected_max_abs_mm,delta_max_abs_mm,improved_max_abs_mm,raw_abs_bias_mm,corrected_abs_bias_mm,delta_abs_bias_mm,improved_abs_bias,all_core_metrics_improved,no_metric_worsening
LOPO_position_rank,S0,rank_1,,1,16,4677,4,1028,-1.06635347449384,2.06022499196604,-0.50189189917237,0.222047288830995,-1.6220242535848,-1.42135333918683,-0.423617618129448,0.245255606366361,1028,1.0,1028,1.0,True,True,BBOX_EXTRAPOLATION,-0.0973195618095048,-0.009268699363756445,0.08805086244574835,False,0.0973195618095048,0.01658723015899436,-0.08073233165051044,True,0.09936720251025126,0.022610200016780265,-0.07675700249347099,True,0.12417129056734115,0.03777968339995799,-0.08639160716738316,True,0.1289916855481588,0.041863675483984265,-0.08712801006417453,True,0.0973195618095048,0.009268699363756445,-0.08805086244574835,True,True,True
LOPO_position_rank,S1,rank_1,,1,16,4677,4,1028,-1.06635347449384,2.06022499196604,-0.50189189917237,0.222047288830995,-1.6220242535848,-1.42135333918683,-0.423617618129448,0.245255606366361,1028,1.0,1028,1.0,True,True,BBOX_EXTRAPOLATION,-0.0973195618095048,0.0680354810134284,0.1653550428229332,False,0.0973195618095048,0.0680354810134284,-0.02928408079607639,True,0.09936720251025126,0.069690530689229,-0.029676671821022266,True,0.12417129056734115,0.08224929824864326,-0.04192199231869789,True,0.1289916855481588,0.08279660436843193,-0.04619508117972686,True,0.0973195618095048,0.0680354810134284,-0.02928408079607639,True,True,True
LOPO_position_rank,S0,rank_2,,2,16,4480,4,1225,-1.6220242535848,2.06022499196604,-0.50189189917237,0.245255606366361,-1.06635347449384,-0.345469127559044,-0.429263752438853,0.222047288830995,0,0.0,178,0.14530612244897959,False,True,HULL_EXTRAPOLATION,-0.11759520865076611,-0.026300525090281468,0.09129468356048465,False,0.11759520865076611,0.026300525090281468,-0.09129468356048465,True,0.1187436460273311,0.030402947765371318,-0.08834069826195978,True,0.1338194091492066,0.041478625173960865,-0.09234078397524573,True,0.13567246909563102,0.04333891408403776,-0.09233355501159327,True,0.11759520865076611,0.026300525090281468,-0.09129468356048465,True,True,True
LOPO_position_rank,S1,rank_2,,2,16,4480,4,1225,-1.6220242535848,2.06022499196604,-0.50189189917237,0.245255606366361,-1.06635347449384,-0.345469127559044,-0.429263752438853,0.222047288830995,0,0.0,178,0.14530612244897959,False,True,HULL_EXTRAPOLATION,-0.11759520865076611,-0.040338222400558815,0.0772569862502073,False,0.11759520865076611,0.040338222400558815,-0.0772569862502073,True,0.1187436460273311,0.04528884694061432,-0.07345479908671679,True,0.1338194091492066,0.06132530289634422,-0.07249410625286237,True,0.13567246909563102,0.06280464794772395,-0.07286782114790707,True,0.11759520865076611,0.040338222400558815,-0.0772569862502073,True,True,True
LOPO_position_rank,S0,rank_3,,3,16,4589,4,1116,-1.6220242535848,2.06022499196604,-0.50189189917237,0.245255606366361,-0.235399480823814,0.852154056387687,-0.466502308206746,0.190712026947653,0,0.0,12,0.010752688172043012,False,True,HULL_EXTRAPOLATION,-0.08040599710945949,0.03346908525043645,0.11387508235989593,False,0.08040599710945949,0.03346908525043645,-0.04693691185902304,True,0.0820098158741851,0.036817635599814644,-0.045192180274370455,True,0.10105527986526205,0.050541421817865625,-0.05051385804739643,True,0.10401412147723794,0.05290759451456323,-0.05110652696267472,True,0.08040599710945949,0.03346908525043645,-0.04693691185902304,True,True,True
LOPO_position_rank,S1,rank_3,,3,16,4589,4,1116,-1.6220242535848,2.06022499196604,-0.50189189917237,0.245255606366361,-0.235399480823814,0.852154056387687,-0.466502308206746,0.190712026947653,0,0.0,12,0.010752688172043012,False,True,HULL_EXTRAPOLATION,-0.08040599710945949,0.024725631863911017,0.1051316289733705,False,0.08040599710945949,0.024725631863911017,-0.05568036524554847,True,0.0820098158741851,0.02774391823509747,-0.05426589763908763,True,0.10105527986526205,0.036277204463446636,-0.06477807540181542,True,0.10401412147723794,0.03658220068995183,-0.06743192078728612,True,0.08040599710945949,0.024725631863911017,-0.05568036524554847,True,True,True
LOPO_position_rank,S0,rank_4,,4,16,4596,4,1109,-1.6220242535848,2.06022499196604,-0.50189189917237,0.245255606366361,0.728622034551047,1.44247344306042,-0.488667445902871,0.174682350269003,0,0.0,0,0.0,False,False,IN_DOMAIN,-0.09607475882646432,0.02533260090230525,0.12140735972876958,False,0.09607475882646432,0.02533260090230525,-0.07074215792415907,True,0.09764570778431675,0.030467877247943177,-0.06717783053637358,True,0.11701558275873013,0.04349046317524981,-0.07352511958348032,True,0.11896859712659688,0.04460462733212952,-0.07436396979446736,True,0.09607475882646432,0.02533260090230525,-0.07074215792415907,True,True,True
LOPO_position_rank,S1,rank_4,,4,16,4596,4,1109,-1.6220242535848,2.06022499196604,-0.50189189917237,0.245255606366361,0.728622034551047,1.44247344306042,-0.488667445902871,0.174682350269003,0,0.0,0,0.0,False,False,IN_DOMAIN,-0.09607475882646432,0.01570724155086912,0.11178200037733345,False,0.09607475882646432,0.024136087937325704,-0.07193867088913862,True,0.09764570778431675,0.029370028213967298,-0.06827567957034945,True,0.11701558275873013,0.047218733019252224,-0.0697968497394779,True,0.11896859712659688,0.05199960848738096,-0.06696898863921592,True,0.09607475882646432,0.01570724155086912,-0.0803675172755952,True,True,True
LOPO_position_rank,S0,rank_5,,5,16,4478,4,1227,-1.6220242535848,1.44247344306042,-0.488667445902871,0.245255606366361,1.6977926372842,2.06022499196604,-0.50189189917237,0.165379644646834,1227,1.0,1227,1.0,True,True,BBOX_EXTRAPOLATION,-0.1418317694327447,-0.05120766397519922,0.09062410545754548,False,0.1418317694327447,0.05120766397519922,-0.09062410545754548,True,0.14314698425721453,0.05716702992993649,-0.08597995432727804,True,0.1657061647247542,0.08257422142474104,-0.08313194330001315,True,0.16927470859732058,0.08711840532175001,-0.08215630327557057,True,0.1418317694327447,0.05120766397519922,-0.09062410545754548,True,True,True
LOPO_position_rank,S1,rank_5,,5,16,4478,4,1227,-1.6220242535848,1.44247344306042,-0.488667445902871,0.245255606366361,1.6977926372842,2.06022499196604,-0.50189189917237,0.165379644646834,1227,1.0,1227,1.0,True,True,BBOX_EXTRAPOLATION,-0.1418317694327447,-0.06410664908503201,0.07772512034771269,False,0.1418317694327447,0.06410664908503201,-0.07772512034771269,True,0.14314698425721453,0.0683462641316575,-0.07480072012555704,True,0.1657061647247542,0.08274458353441824,-0.08296158119033595,True,0.16927470859732058,0.08334699940453442,-0.08592770919278615,True,0.1418317694327447,0.06410664908503201,-0.07772512034771269,True,True,True
