u,v,Xc_mm,Yc_mm,Zc_mm,Xg_mm,Yg_mm,Zg_mm
2036.133330,2557.000000,-3.203840,98.389384,691.427589,-4.101028,-98.557274,19.946160
2036.106515,2558.000000,-3.206329,98.482860,691.421342,-4.103761,-98.650798,19.951525
2036.101719,2559.000000,-3.206775,98.577276,691.421703,-4.104155,-98.745208,19.950372
2036.107382,2560.000000,-3.206251,98.672141,691.425202,-4.103440,-98.840041,19.946124
2036.120294,2561.000000,-3.205053,98.767318,691.430877,-4.101955,-98.935169,19.939731
2036.128972,2562.000000,-3.204249,98.862315,691.435279,-4.100919,-99.030127,19.934593
2036.121193,2563.000000,-3.204971,98.956607,691.434741,-4.101631,-99.124420,19.934327
2036.101045,2564.000000,-3.206842,99.050366,691.430488,-4.103655,-99.218211,19.937726
2036.083956,2565.000000,-3.208429,99.144257,691.427152,-4.105356,-99.312125,19.940219
2036.077720,2566.000000,-3.209008,99.238614,691.427073,-4.105903,-99.406480,19.939500
2036.071448,2567.000000,-3.209591,99.332970,691.426982,-4.106455,-99.500834,19.938794
2036.068037,2568.000000,-3.209909,99.427450,691.427749,-4.106703,-99.595304,19.937241
2036.080065,2569.000000,-3.208793,99.522597,691.433149,-4.105312,-99.690404,19.931118
2036.095477,2570.000000,-3.207364,99.617893,691.439565,-4.103562,-99.785644,19.923994
2036.094335,2571.000000,-3.207470,99.712474,691.441009,-4.103569,-99.880210,19.921773
2036.068064,2572.000000,-3.209909,99.805966,691.434909,-4.106244,-99.973749,19.926993
2036.022184,2573.000000,-3.214168,99.898606,691.422922,-4.111002,-100.066484,19.938020
2035.981376,2574.000000,-3.217956,99.991464,691.412456,-4.115220,-100.159425,19.947546
2035.970892,2575.000000,-3.218929,100.085637,691.411092,-4.116219,-100.253606,19.948095
2035.976140,2576.000000,-3.218443,100.180494,691.414449,-4.115548,-100.348432,19.943988
2035.973181,2577.000000,-3.218718,100.274995,691.415342,-4.115749,-100.442922,19.942311
2035.965298,2578.000000,-3.219450,100.369282,691.414755,-4.116472,-100.537211,19.942094
2035.965436,2579.000000,-3.219438,100.463919,691.416575,-4.116344,-100.631830,19.939502
2035.974115,2580.000000,-3.218633,100.558929,691.420957,-4.115309,-100.726801,19.934383
2035.978938,2581.000000,-3.218186,100.653773,691.424181,-4.114683,-100.821615,19.930407
2035.976260,2582.000000,-3.218436,100.748289,691.425153,-4.114854,-100.916120,19.928653
2035.967999,2583.000000,-3.219203,100.842562,691.424447,-4.115617,-101.010396,19.928553
2035.953359,2584.000000,-3.220562,100.936555,691.421825,-4.117058,-101.104407,19.930342
2035.935174,2585.000000,-3.222250,101.030392,691.418138,-4.118875,-101.198271,19.933183
2035.916606,2586.000000,-3.223974,101.124211,691.414335,-4.120733,-101.292118,19.936138
2035.889084,2587.000000,-3.226528,101.217636,691.407843,-4.123542,-101.385593,19.941745
2035.832770,2588.000000,-3.231755,101.309793,691.392707,-4.129407,-101.477871,19.955878
2035.749679,2589.000000,-3.239465,101.400767,691.369533,-4.138114,-101.569032,19.977939
2035.685284,2590.000000,-3.245441,101.492559,691.351971,-4.144836,-101.660964,19.994465
2035.682312,2591.000000,-3.245717,101.587056,691.352843,-4.145038,-101.755451,19.992808
2035.716716,2592.000000,-3.242526,101.683204,691.364933,-4.141273,-101.851497,19.980087
2035.738753,2593.000000,-3.240481,101.778809,691.373311,-4.138821,-101.947030,19.971028
2035.739896,2594.000000,-3.240376,101.873492,691.375416,-4.138587,-102.041692,19.968156
2035.734028,2595.000000,-3.240921,101.967865,691.375415,-4.139097,-102.136063,19.967361
2035.734699,2596.000000,-3.240859,102.062529,691.377375,-4.138912,-102.230707,19.964631
2035.752119,2597.000000,-3.239243,102.157936,691.384363,-4.136950,-102.326054,19.956943
2035.771899,2598.000000,-3.237408,102.253450,691.392058,-4.134738,-102.421502,19.948558
2035.777477,2599.000000,-3.236891,102.348336,691.395488,-4.134033,-102.516356,19.944378
2035.774999,2600.000000,-3.237121,102.442864,691.396500,-4.134183,-102.610873,19.942584
2035.770573,2601.000000,-3.237532,102.537306,691.396925,-4.134540,-102.705308,19.941369
2035.763468,2602.000000,-3.238192,102.631629,691.396545,-4.135181,-102.799631,19.940948
2035.742695,2603.000000,-3.240120,102.725343,691.392061,-4.137274,-102.893378,19.944575
2035.714081,2604.000000,-3.242776,102.818705,691.385222,-4.140199,-102.986794,19.950524
2035.688782,2605.000000,-3.245123,102.912214,691.379377,-4.142772,-103.080347,19.955493
2035.660437,2606.000000,-3.247754,103.005585,691.372617,-4.145668,-103.173771,19.961365
2035.629860,2607.000000,-3.250591,103.098855,691.365186,-4.148801,-103.267098,19.967899
2035.599326,2608.000000,-3.253425,103.192125,691.357767,-4.151930,-103.360426,19.974421
2035.583491,2609.000000,-3.254894,103.286053,691.354759,-4.153498,-103.454375,19.976592
2035.582436,2610.000000,-3.254993,103.380643,691.356186,-4.153497,-103.548950,19.974389
2035.585009,2611.000000,-3.254754,103.475397,691.358701,-4.153112,-103.643681,19.971112
2035.594753,2612.000000,-3.253850,103.570475,691.363367,-4.151965,-103.738717,19.965714
2035.618297,2613.000000,-3.251666,103.666175,691.372175,-4.149354,-103.834342,19.956230
2035.646087,2614.000000,-3.249088,103.762069,691.382257,-4.146292,-103.930151,19.945490
2035.662271,2615.000000,-3.247586,103.857443,691.388854,-4.144461,-104.025467,19.938188
2035.658203,2616.000000,-3.247964,103.951905,691.389370,-4.144781,-104.119922,19.936882
2035.624745,2617.000000,-3.251069,104.045039,691.381063,-4.148220,-104.213121,19.944281
2035.558720,2618.000000,-3.257195,104.136698,691.362978,-4.155117,-104.304925,19.961323
2035.538896,2619.000000,-3.259035,104.230444,691.358761,-4.157109,-104.398702,19.964687
2035.492529,2620.000000,-3.263337,104.322987,691.346576,-4.161918,-104.491342,19.975910
2035.510300,2621.000000,-3.261688,104.418435,691.353642,-4.159920,-104.586728,19.968145
2035.560819,2622.000000,-3.257001,104.515371,691.370537,-4.154446,-104.683523,19.950684
2035.597611,2623.000000,-3.253588,104.611689,691.383312,-4.150428,-104.779733,19.937288
2035.555407,2624.000000,-3.257504,104.704418,691.372371,-4.154796,-104.872549,19.947284
2035.556316,2625.000000,-3.257419,104.799107,691.374371,-4.154588,-104.967218,19.944515
2035.549951,2626.000000,-3.258010,104.893465,691.374187,-4.155152,-105.061575,19.943902
2035.546910,2627.000000,-3.258292,104.987975,691.374999,-4.155363,-105.156075,19.942305
2035.560861,2628.000000,-3.256998,105.083261,691.380912,-4.153770,-105.251310,19.935677
2035.588515,2629.000000,-3.254432,105.179175,691.390937,-4.150722,-105.347138,19.924993
