dataset,position_rank,calibration_repeat,proxy,a_mm_per_mm,b_mm,rmse_mm,point_count,inlier_count,S_min_mm,S_max_mm,S_span_mm,unsupported_G_point_count
obs_1mm,1,1,session_linear,-0.0003784903494935267,-0.0405138557438297,0.022380534780862847,251,231,97.06290656156412,143.69580516323512,46.632898601671,0
obs_1mm,1,1,session_linear_G,-0.0006290280767299067,-0.005004025185394908,0.022406152606279327,251,231,97.06290656156412,143.69580516323512,46.632898601671,0
obs_1mm,2,1,session_linear,-0.0026324608169389302,-0.009288596728214898,0.015407704818613227,321,285,18.11736578245844,74.37883786828088,56.26147208582245,0
obs_1mm,2,1,session_linear_G,-0.0026062602446195004,0.004160218052732954,0.015084415859756074,321,283,18.11736578245844,74.37883786828088,56.26147208582245,0
obs_1mm,3,1,session_linear,0.002868906161911046,-0.10168186542632188,0.018736335367219324,356,314,-25.817100461624506,31.898696737400844,57.715797199025346,0
obs_1mm,3,1,session_linear_G,0.002986128261126897,-0.09076622443167591,0.018767671449974477,356,314,-25.817100461624506,31.898696737400844,57.715797199025346,0
obs_1mm,4,1,session_linear,-0.001562236841810278,-0.16818890065893813,0.017650828109927432,342,291,-87.28283673463555,-30.567286029422068,56.71555070521349,0
obs_1mm,4,1,session_linear_G,-0.0014357763975973768,-0.15715882415306234,0.017656944811812056,342,291,-87.28283673463555,-30.567286029422068,56.71555070521349,0
obs_1mm,5,1,session_linear,0.00022100072012757162,0.024063540610427862,0.026742635190339707,256,252,-144.62131426079497,-96.20374649997505,48.41756776081992,0
obs_1mm,5,1,session_linear_G,0.00032692468053581295,0.033158201917958756,0.02675090800255047,256,252,-144.62131426079497,-96.20374649997505,48.41756776081992,0
obs_2mm,1,1,session_linear,-0.0004973061885255694,-0.013132546331774226,0.022266733891476244,211,192,98.41903127374006,142.71429488897303,44.29526361523297,0
obs_2mm,1,1,session_linear_G,-0.0007746141198709271,0.025190740952227182,0.022031230271363073,211,191,98.41903127374006,142.71429488897303,44.29526361523297,0
obs_2mm,2,1,session_linear,-0.0023037231783664723,0.017623015117761882,0.0282951689632402,320,310,30.929148217893687,86.35264852653339,55.4235003086397,0
obs_2mm,2,1,session_linear_G,-0.0023312090570200773,0.033805020656779566,0.02807034270724452,320,310,30.929148217893687,86.35264852653339,55.4235003086397,0
obs_2mm,3,1,session_linear,7.488220797689228e-05,-0.06552040862799077,0.02034144478294223,348,326,-49.372357103015034,6.959463410923215,56.33182051393825,0
obs_2mm,3,1,session_linear_G,0.0002040311900937932,-0.05438311529488507,0.020340084151562562,348,326,-49.372357103015034,6.959463410923215,56.33182051393825,0
obs_2mm,4,1,session_linear,-0.0023154457621688694,-0.21927505141452394,0.019164370878960262,317,286,-110.46006359710093,-54.80401398623955,55.65604961086137,0
obs_2mm,4,1,session_linear_G,-0.0021944962558130177,-0.2086270490609388,0.01916025579684458,317,286,-110.46006359710093,-54.80401398623955,55.65604961086137,0
obs_2mm,5,1,session_linear,0.0006397755563922987,0.09587443555711972,0.02151637035178557,251,226,-144.91484273665301,-95.51830948031787,49.39653325633515,0
obs_2mm,5,1,session_linear_G,0.0007324441041159673,0.10365546122946978,0.021334627508492004,251,225,-144.91484273665301,-95.51830948031787,49.39653325633515,0
obs_6mm,1,1,session_linear,0.0006653203601360324,-0.11104866940638652,0.023155187097843675,276,256,93.25348408851198,143.00064973662367,49.74716564811169,0
obs_6mm,1,1,session_linear_G,0.00041836668328288295,-0.07602257052661703,0.023207120210733706,276,256,93.25348408851198,143.00064973662367,49.74716564811169,0
obs_6mm,2,1,session_linear,-0.0030140990464116897,0.05606124137831731,0.017832170785491153,310,285,12.97296854604145,68.54031982878331,55.56735128274186,0
obs_6mm,2,1,session_linear_G,-0.002968468770485918,0.068711397619332,0.017634382574128284,310,283,12.97296854604145,68.54031982878331,55.56735128274186,0
obs_6mm,3,1,session_linear,0.0020443857748768104,-0.052039816762594455,0.020736179884862656,331,322,-26.97977927616744,28.98331346425746,55.9630927404249,0
obs_6mm,3,1,session_linear_G,0.0021674097569052324,-0.041004427671737835,0.020749154208593235,331,322,-26.97977927616744,28.98331346425746,55.9630927404249,0
obs_6mm,4,1,session_linear,-0.0010759347718810241,-0.10034805663236476,0.03166000635815602,449,425,-123.2777321691985,-52.2795797004361,70.9981524687624,0
obs_6mm,4,1,session_linear_G,-0.0009561214723679473,-0.08976546787850871,0.03149746871270262,449,424,-123.2777321691985,-52.2795797004361,70.9981524687624,0
obs_6mm,5,1,session_linear,0.00045943038252919315,0.09185710640666939,0.022611726289217458,224,213,-145.48896578400712,-96.58678720303001,48.90217858097711,0
obs_6mm,5,1,session_linear_G,0.0005650088798917909,0.10091771878550838,0.022621460443728793,224,213,-145.48896578400712,-96.58678720303001,48.90217858097711,0
obs_10mm,1,1,session_linear,0.0005315521199639545,-0.07333607707075032,0.027515652907322097,269,261,92.86013163892541,142.1170500655219,49.2569184265965,0
obs_10mm,1,1,session_linear_G,0.00028484147220792254,-0.03833413522824346,0.02758408643716485,269,261,92.86013163892541,142.1170500655219,49.2569184265965,0
obs_10mm,2,1,session_linear,-0.004635640850136117,0.14920200049510937,0.023404587716026302,330,308,11.806268835777088,67.37385737898765,55.56758854321056,0
obs_10mm,2,1,session_linear_G,-0.004573531007680573,0.16140410110792958,0.023501737322254208,330,308,11.806268835777088,67.37385737898765,55.56758854321056,0
obs_10mm,3,1,session_linear,-0.0014255905183879333,-0.10972267577044226,0.018478433612636666,277,244,-67.69308698271688,-13.115110434768015,54.577976547948865,0
obs_10mm,3,1,session_linear_G,-0.0012968177381464604,-0.09858623415762985,0.018477486113414952,277,244,-67.69308698271688,-13.115110434768015,54.577976547948865,0
obs_10mm,4,1,session_linear,-0.0020914173811575985,-0.13638025400953563,0.023654540962605258,278,251,-108.22434178428792,-53.24776131045191,54.97658047383601,0
obs_10mm,4,1,session_linear_G,-0.0019698963546605523,-0.12568325448478893,0.023655313773343633,278,251,-108.22434178428792,-53.24776131045191,54.97658047383601,0
obs_10mm,5,1,session_linear,0.00047867854332327733,0.1243441443575959,0.026301937461400353,217,210,-144.70667943345995,-96.77567997445739,47.930999459002564,0
obs_10mm,5,1,session_linear_G,0.0005844623784280484,0.13342705935341032,0.02630926325732186,217,210,-144.70667943345995,-96.77567997445739,47.930999459002564,0
obs_20mm,1,1,session_linear,0.0007407417195016443,-0.018925394804699396,0.028046213552351446,271,262,92.45694010876078,142.6965262706636,50.239586161902835,0
obs_20mm,1,1,session_linear_G,0.000494255971756497,0.016041693219312928,0.028104657646890192,271,262,92.45694010876078,142.6965262706636,50.239586161902835,0
obs_20mm,2,1,session_linear,-0.005130634192453733,0.28080754037948996,0.023234960362275153,304,287,14.226694423434989,70.67487216423169,56.448177740796694,0
obs_20mm,2,1,session_linear_G,-0.005090483591602873,0.2936264836590934,0.02329095704359475,304,287,14.226694423434989,70.67487216423169,56.448177740796694,0
obs_20mm,3,1,session_linear,-0.0016954980869348297,-0.009590531677339607,0.027748404204568575,269,246,-64.09585996141988,-10.303517621527833,53.792342339892045,0
obs_20mm,3,1,session_linear_G,-0.0015665121936535116,0.0015514987363703903,0.027747366970493632,269,246,-64.09585996141988,-10.303517621527833,53.792342339892045,0
obs_20mm,4,1,session_linear,-0.001823524083113462,0.006199536451783902,0.031709222760466026,274,273,-104.61953533808472,-50.52522497810589,54.09431035997883,0
obs_20mm,4,1,session_linear_G,-0.0017010849558166377,0.016964649289615892,0.03171200479407507,274,273,-104.61953533808472,-50.52522497810589,54.09431035997883,0
obs_20mm,5,1,session_linear,0.0017391267535472623,0.3800081029762915,0.02794892085970877,245,232,-145.0830799962533,-92.58888557473324,52.49419442152006,0
obs_20mm,5,1,session_linear_G,0.001846200217901049,0.3892597101887908,0.02796054618465838,245,232,-145.0830799962533,-92.58888557473324,52.49419442152006,0
obs_30mm,1,1,session_linear,0.0006210847549304134,-0.02947872585642745,0.027191782935684958,250,244,94.41111500819265,142.39761512092016,47.98650011272751,0
obs_30mm,1,1,session_linear_G,0.00037316210585146487,0.005677986694965952,0.02723573117564665,250,244,94.41111500819265,142.39761512092016,47.98650011272751,0
obs_30mm,2,1,session_linear,-0.003090591629463531,0.145511656543449,0.02067060284118524,328,287,12.192838191587242,67.75173475809588,55.558896566508636,0
obs_30mm,2,1,session_linear_G,-0.003041334664766076,0.15802347130541827,0.02086793045907644,328,288,12.192838191587242,67.75173475809588,55.558896566508636,0
obs_30mm,3,1,session_linear,-0.0015497314099164568,-0.05443000462331884,0.018880818059575238,261,218,-66.52771289845258,-12.533277409424121,53.994435489028454,0
obs_30mm,3,1,session_linear_G,-0.0014208867474328043,-0.04329149023363807,0.018880615110087064,261,218,-66.52771289845258,-12.533277409424121,53.994435489028454,0
obs_30mm,4,1,session_linear,-0.0011309634890544163,-0.029626611234029796,0.026797214609473728,355,304,-117.15437724246978,-53.14955207519149,64.00482516727828,0
obs_30mm,4,1,session_linear_G,-0.0010103606471767194,-0.01898604774710937,0.02678756220080199,355,304,-117.15437724246978,-53.14955207519149,64.00482516727828,0
obs_30mm,5,1,session_linear,0.00031585169681020374,0.1316624692766307,0.02590543239217696,180,173,-146.54211435761334,-99.00297953259064,47.5391348250227,0
obs_30mm,5,1,session_linear_G,0.00042087065649916173,0.14065808338563762,0.02591592549628708,180,173,-146.54211435761334,-99.00297953259064,47.5391348250227,0
