profile_group,pose_id,profile_source,bin_index,s_left_mm,s_right_mm,s_center_mm,frame_count,coverage_fraction,point_count,frame_balanced_s_median_mm,residual_mean_mm,residual_median_mm,residual_std_mm,profile_available
ground1,A,Ground-1 pooled 20-frame profile,0,-147.0472008100069,-141.22374204528344,-144.13547142764517,20,1.0,1220,-144.13521720589824,0.01115716708139126,0.01105739412617634,0.0011114387607453198,True
ground1,A,Ground-1 pooled 20-frame profile,1,-141.22374204528344,-135.40028328056002,-138.31201266292175,20,1.0,1185,-138.30961881289628,-0.025764450996320958,-0.026066032422183225,0.0013937198718434853,True
ground1,A,Ground-1 pooled 20-frame profile,2,-135.40028328056002,-129.57682451583656,-132.4885538981983,20,1.0,1195,-132.52758362306926,-0.010848973823434712,-0.01067011125969581,0.000908812999083746,True
ground1,A,Ground-1 pooled 20-frame profile,3,-129.57682451583656,-123.75336575111311,-126.66509513347484,20,1.0,1220,-126.67395285776645,-0.021015233637749767,-0.020923109491114887,0.0010267131227283937,True
ground1,A,Ground-1 pooled 20-frame profile,4,-123.75336575111311,-117.92990698638967,-120.84163636875138,20,1.0,1180,-120.8486527656192,-0.0009661941776922433,-0.000656917620232773,0.0011786072312935725,True
ground1,A,Ground-1 pooled 20-frame profile,5,-117.92990698638967,-112.10644822166623,-115.01817760402795,20,1.0,1200,-115.06937905370592,0.021433589219371538,0.021182597162934004,0.0010716206498388216,True
ground1,A,Ground-1 pooled 20-frame profile,6,-112.10644822166623,-106.28298945694277,-109.1947188393045,20,1.0,1208,-109.22482046718608,0.02537781610860096,0.02496978978146503,0.0010439623717816559,True
ground1,A,Ground-1 pooled 20-frame profile,7,-106.28298945694277,-100.45953069221932,-103.37126007458104,20,1.0,917,-102.63717670446081,0.03562524181951286,0.035483885692264044,0.0008774311635206914,True
ground1,A,Ground-1 pooled 20-frame profile,8,-100.45953069221932,-94.63607192749588,-97.54780130985759,20,1.0,1200,-97.50336672961765,0.03818323021252985,0.038127816617614496,0.001542767540980513,True
ground1,A,Ground-1 pooled 20-frame profile,9,-94.63607192749588,-88.81261316277244,-91.72434254513416,20,1.0,1200,-91.68498929505259,0.04723164139269362,0.04706325380344484,0.0013311253967555144,True
ground1,A,Ground-1 pooled 20-frame profile,10,-88.81261316277244,-82.98915439804898,-85.90088378041071,20,1.0,1200,-85.86524192896088,0.013385190706915979,0.01331312404424339,0.0009710520975539991,True
ground1,A,Ground-1 pooled 20-frame profile,11,-82.98915439804898,-77.16569563332554,-80.07742501568725,20,1.0,1078,-80.34471192303505,0.002544565584733526,0.0026126639455614125,0.0011438222458961728,True
ground1,A,Ground-1 pooled 20-frame profile,12,-77.16569563332554,-71.34223686860209,-74.25396625096381,20,1.0,1118,-74.03931659893426,-0.008055452632287,-0.008101994013413192,0.0011400888170252272,True
ground1,A,Ground-1 pooled 20-frame profile,13,-71.34223686860209,-65.51877810387865,-68.43050748624037,20,1.0,1200,-68.42013611996875,-0.020992201997510316,-0.021007918095608674,0.001411754043023806,True
ground1,A,Ground-1 pooled 20-frame profile,14,-65.51877810387865,-59.69531933915519,-62.60704872151692,20,1.0,1200,-62.60426368562662,-0.027860020744500873,-0.02778586537231378,0.0012118082470971528,True
ground1,A,Ground-1 pooled 20-frame profile,15,-59.69531933915519,-53.87186057443175,-56.78358995679347,20,1.0,1200,-56.78544425497596,-0.017114366033880397,-0.01735538018067372,0.0011852300697777836,True
ground1,A,Ground-1 pooled 20-frame profile,16,-53.87186057443175,-48.04840180970831,-50.96013119207003,20,1.0,1040,-51.35781065652876,-0.017973591168653096,-0.017963399286791335,0.001110282067687157,True
ground1,A,Ground-1 pooled 20-frame profile,17,-48.04840180970831,-42.224943044984855,-45.13667242734658,20,1.0,1200,-45.15575408544858,-0.025045634273626653,-0.02518888446001446,0.0019813422873103054,True
ground1,A,Ground-1 pooled 20-frame profile,18,-42.224943044984855,-36.401484280261414,-39.313213662623134,20,1.0,1200,-39.33728901074839,-0.009891971831052598,-0.009945082749402898,0.0012787373647393605,True
ground1,A,Ground-1 pooled 20-frame profile,19,-36.401484280261414,-30.57802551553796,-33.48975489789969,20,1.0,1200,-33.521845485563595,-0.0010155474953829134,-0.0009361337043909354,0.0012128350722420058,True
ground1,A,Ground-1 pooled 20-frame profile,20,-30.57802551553796,-24.75456675081452,-27.66629613317624,20,1.0,1200,-27.705379919145418,-0.02166663869486125,-0.021769689210530255,0.0013590111529837071,True
ground1,A,Ground-1 pooled 20-frame profile,21,-24.75456675081452,-18.931107986091064,-21.84283736845279,20,1.0,1100,-22.13178321157223,-0.050597424726505205,-0.050775427988143024,0.0015015994738521853,True
ground1,A,Ground-1 pooled 20-frame profile,22,-18.931107986091064,-13.107649221367609,-16.019378603729336,20,1.0,1200,-15.975514255306114,-0.04958936016595063,-0.04975058972085338,0.001490039811423971,True
ground1,A,Ground-1 pooled 20-frame profile,23,-13.107649221367609,-7.284190456644183,-10.195919839005896,20,1.0,1200,-10.157743800170511,-0.010139419327138171,-0.009998605895237156,0.0013711912645633288,True
ground1,A,Ground-1 pooled 20-frame profile,24,-7.284190456644183,-1.4607316919207278,-4.372461074282455,20,1.0,1200,-4.340316519254964,0.016062111084113866,0.01625845520899588,0.0014775379072576424,True
ground1,A,Ground-1 pooled 20-frame profile,25,-1.4607316919207278,4.362727072802727,1.4509976904409996,20,1.0,1200,1.477372758314639,0.03479738234229232,0.03474186501610136,0.001502921507631088,True
ground1,A,Ground-1 pooled 20-frame profile,26,4.362727072802727,10.186185837526153,7.27445645516444,20,1.0,1133,7.134509014942948,0.02061928072766314,0.02101123969917821,0.0013166200389751262,True
ground1,A,Ground-1 pooled 20-frame profile,27,10.186185837526153,16.009644602249608,13.09791521988788,20,1.0,1200,13.115953697532237,0.05551644179560831,0.05466774157232045,0.0023310813503451783,True
ground1,A,Ground-1 pooled 20-frame profile,28,16.009644602249608,21.833103366973063,18.921373984611336,20,1.0,1200,18.936712059079497,0.05710605487885987,0.05713415846260336,0.0020143364312980925,True
ground1,A,Ground-1 pooled 20-frame profile,29,21.833103366973063,27.656562131696518,24.74483274933479,20,1.0,1200,24.7594507364252,0.04492769274192724,0.04496186373624417,0.0016398871992590865,True
ground1,A,Ground-1 pooled 20-frame profile,30,27.656562131696518,33.480020896419944,30.56829151405823,20,1.0,1200,30.58469709359033,0.01686863594254487,0.016641435726428174,0.0016492954417225809,True
ground1,A,Ground-1 pooled 20-frame profile,31,33.480020896419944,39.3034796611434,36.39175027878167,20,1.0,1140,36.55712373132451,-0.012485160202188657,-0.012305975903441142,0.001998644645501838,True
ground1,A,Ground-1 pooled 20-frame profile,32,39.3034796611434,45.126938425866854,42.215209043505126,20,1.0,1200,42.24031634588704,-0.042174192363417844,-0.04217140981662825,0.0017960291829687792,True
ground1,A,Ground-1 pooled 20-frame profile,33,45.126938425866854,50.95039719059028,48.03866780822857,20,1.0,1200,48.07659856286348,-0.08652788849433123,-0.08591410529029328,0.0018170483363532347,True
ground1,A,Ground-1 pooled 20-frame profile,34,50.95039719059028,56.773855955313735,53.86212657295201,20,1.0,1200,53.90422545707911,-0.10010812019684825,-0.09957721004541131,0.002295292851702271,True
ground1,A,Ground-1 pooled 20-frame profile,35,56.773855955313735,62.59731472003719,59.68558533767546,20,1.0,1180,59.69207585419464,-0.14513468703179805,-0.14491630768922137,0.001678345507601389,True
ground1,A,Ground-1 pooled 20-frame profile,36,62.59731472003719,68.42077348476064,65.50904410239892,20,1.0,1099,65.72195901514894,-0.14453166811905732,-0.1442626037479317,0.0018436796059430167,True
ground1,A,Ground-1 pooled 20-frame profile,37,68.42077348476064,74.24423224948407,71.33250286712236,20,1.0,1200,71.31854727643652,-0.17562893371691543,-0.17545189324714539,0.0016979385310353916,True
ground1,A,Ground-1 pooled 20-frame profile,38,74.24423224948407,80.06769101420753,77.1559616318458,20,1.0,1200,77.15575517676206,-0.12345177562645315,-0.12357510125440854,0.0019529044086795864,True
ground1,A,Ground-1 pooled 20-frame profile,39,80.06769101420753,85.89114977893098,82.97942039656925,20,1.0,1200,82.9858684295532,-0.09218258908473886,-0.09231521353578942,0.002283966531030343,True
ground1,A,Ground-1 pooled 20-frame profile,40,85.89114977893098,91.7146085436544,88.8028791612927,20,1.0,1200,88.8208694241732,-0.055942917428115524,-0.05641400387369348,0.0018317187932346635,True
ground1,A,Ground-1 pooled 20-frame profile,41,91.7146085436544,97.53806730837786,94.62633792601613,20,1.0,1056,95.00424672728026,-0.0629660770535827,-0.06281803793640756,0.0019813600976641144,True
ground1,A,Ground-1 pooled 20-frame profile,42,97.53806730837786,103.36152607310132,100.44979669073959,20,1.0,1184,100.4520711309278,-0.025991588787266894,-0.026453300564013415,0.001558406302883072,True
ground1,A,Ground-1 pooled 20-frame profile,43,103.36152607310132,109.18498483782477,106.27325545546304,20,1.0,1200,106.24326757561721,0.011105618013863516,0.010861511340771957,0.0014182141457085929,True
ground1,A,Ground-1 pooled 20-frame profile,44,109.18498483782477,115.00844360254823,112.0967142201865,20,1.0,1200,112.09845702279411,0.029345501551348074,0.029400369795218612,0.0017796262272414469,True
ground1,A,Ground-1 pooled 20-frame profile,45,115.00844360254823,120.83190236727168,117.92017298490995,20,1.0,1200,117.94518971937273,0.03180280960566292,0.03195059955121721,0.0015899461317207964,True
ground1,A,Ground-1 pooled 20-frame profile,46,120.83190236727168,126.65536113199508,123.74363174963338,20,1.0,1180,123.74763678218474,0.044963585798322894,0.045166638157425734,0.001661910511489537,True
ground1,A,Ground-1 pooled 20-frame profile,47,126.65536113199508,132.47881989671853,129.5670905143568,20,1.0,1200,129.55949187296943,0.035664000788747034,0.03538108505111079,0.0015513193434745906,True
ground1,A,Ground-1 pooled 20-frame profile,48,132.47881989671853,138.302278661442,135.39054927908026,20,1.0,1200,135.42453157553226,0.019476811846659843,0.01923072049181427,0.0020022318446460026,True
ground1,A,Ground-1 pooled 20-frame profile,49,138.302278661442,144.12573742616544,141.21400804380372,20,1.0,1180,141.22387700921254,0.018665095636545715,0.0186606644958983,0.0022179193330057437,True
pose002,002,5-frame-balanced residual profile for pose 002,0,-147.0472008100069,-141.22374204528344,-144.13547142764517,5,1.0,120,-145.91042916794063,0.009239821278468072,0.008944700075053602,0.001146991905705098,True
pose002,002,5-frame-balanced residual profile for pose 002,1,-141.22374204528344,-135.40028328056002,-138.31201266292175,5,1.0,290,-138.2401530220424,-0.016986087039469324,-0.017778303144120322,0.0013183828459596857,True
pose002,002,5-frame-balanced residual profile for pose 002,2,-135.40028328056002,-129.57682451583656,-132.4885538981983,5,1.0,300,-132.51862579474738,-0.038867139402998754,-0.03906380280570096,0.0009883566893610807,True
pose002,002,5-frame-balanced residual profile for pose 002,3,-129.57682451583656,-123.75336575111311,-126.66509513347484,5,1.0,300,-126.7030433922364,-0.04060550138657185,-0.040423836104672345,0.0005664561503586402,True
pose002,002,5-frame-balanced residual profile for pose 002,4,-123.75336575111311,-117.92990698638967,-120.84163636875138,5,1.0,300,-120.87607376760293,-0.014119997923500618,-0.01458826728272744,0.0015556433441585031,True
pose002,002,5-frame-balanced residual profile for pose 002,5,-117.92990698638967,-112.10644822166623,-115.01817760402795,5,1.0,155,-116.45534776266011,0.021557517271929845,0.02159164419714371,0.0017193426278395573,True
pose002,002,5-frame-balanced residual profile for pose 002,6,-112.10644822166623,-106.28298945694277,-109.1947188393045,5,1.0,300,-109.23265033360353,0.027571337714799395,0.027741433304417418,0.0008226568138000262,True
pose002,002,5-frame-balanced residual profile for pose 002,7,-106.28298945694277,-100.45953069221932,-103.37126007458104,5,1.0,300,-103.41119511317122,0.04827929019759634,0.04758904622857675,0.0014727086468630302,True
pose002,002,5-frame-balanced residual profile for pose 002,8,-100.45953069221932,-94.63607192749588,-97.54780130985759,5,1.0,300,-97.59610857670832,0.04187896937532311,0.04085373447474515,0.0016292286634468475,True
pose002,002,5-frame-balanced residual profile for pose 002,9,-94.63607192749588,-88.81261316277244,-91.72434254513416,5,1.0,305,-91.72748419556368,0.034592752293562595,0.03482626843440548,0.0006628218219950281,True
pose002,002,5-frame-balanced residual profile for pose 002,10,-88.81261316277244,-82.98915439804898,-85.90088378041071,5,1.0,195,-84.84554433296074,0.02337197665019704,0.02391502455618813,0.001096348836122339,True
pose002,002,5-frame-balanced residual profile for pose 002,11,-82.98915439804898,-77.16569563332554,-80.07742501568725,5,1.0,300,-80.04371508379285,0.01687786981049443,0.016098829469991555,0.0019397679103564075,True
pose002,002,5-frame-balanced residual profile for pose 002,12,-77.16569563332554,-71.34223686860209,-74.25396625096381,5,1.0,300,-74.23246697537598,0.0030401681658774244,0.0034310228343962523,0.0005582509806431555,True
pose002,002,5-frame-balanced residual profile for pose 002,13,-71.34223686860209,-65.51877810387865,-68.43050748624037,5,1.0,300,-68.41112909876749,9.322955015323292e-05,-0.0002455249899108655,0.0014165701939196397,True
pose002,002,5-frame-balanced residual profile for pose 002,14,-65.51877810387865,-59.69531933915519,-62.60704872151692,5,1.0,300,-62.598005497038706,-0.009061635846808922,-0.008955260266847585,0.0007212650143143887,True
pose002,002,5-frame-balanced residual profile for pose 002,15,-59.69531933915519,-53.87186057443175,-56.78358995679347,5,1.0,225,-56.05549896022414,0.01102893686081853,0.011129032479552985,0.0009254513115201883,True
pose002,002,5-frame-balanced residual profile for pose 002,16,-53.87186057443175,-48.04840180970831,-50.96013119207003,5,1.0,300,-50.96863682015698,-0.01231270613976034,-0.012341408888842532,0.001080688916179694,True
pose002,002,5-frame-balanced residual profile for pose 002,17,-48.04840180970831,-42.224943044984855,-45.13667242734658,5,1.0,300,-45.15514906331281,-0.00873189730116562,-0.008806492536007758,0.0007507161200119607,True
pose002,002,5-frame-balanced residual profile for pose 002,18,-42.224943044984855,-36.401484280261414,-39.313213662623134,5,1.0,300,-39.33641919394277,0.0032793956989668064,0.003174253063259063,0.0007936680061000937,True
pose002,002,5-frame-balanced residual profile for pose 002,19,-36.401484280261414,-30.57802551553796,-33.48975489789969,5,1.0,300,-33.52152228413006,-0.012990799123847926,-0.01273177795887519,0.0006669854814122025,True
pose002,002,5-frame-balanced residual profile for pose 002,20,-30.57802551553796,-24.75456675081452,-27.66629613317624,5,1.0,250,-27.221352732232027,-0.021394826858091125,-0.02104897919381348,0.0008878496589159157,True
pose002,002,5-frame-balanced residual profile for pose 002,21,-24.75456675081452,-18.931107986091064,-21.84283736845279,5,1.0,305,-21.84052353659992,-0.0534426560611321,-0.05364243978021802,0.001117980162586749,True
pose002,002,5-frame-balanced residual profile for pose 002,22,-18.931107986091064,-13.107649221367609,-16.019378603729336,5,1.0,300,-15.975574764744533,-0.044590951775760675,-0.04469403859996229,0.0004680811451113401,True
pose002,002,5-frame-balanced residual profile for pose 002,23,-13.107649221367609,-7.284190456644183,-10.195919839005896,5,1.0,300,-10.157817423665067,-0.01601559147289477,-0.01568537395486432,0.0014958615459129705,True
pose002,002,5-frame-balanced residual profile for pose 002,24,-7.284190456644183,-1.4607316919207278,-4.372461074282455,5,1.0,290,-4.436762787916774,-0.0021927053499079877,-0.0022036285423115386,0.000373634707686026,True
pose002,002,5-frame-balanced residual profile for pose 002,25,-1.4607316919207278,4.362727072802727,1.4509976904409996,5,1.0,285,1.623567419422585,0.03726914343985337,0.036906108007730316,0.0010153757374473371,True
pose002,002,5-frame-balanced residual profile for pose 002,26,4.362727072802727,10.186185837526153,7.27445645516444,5,1.0,300,7.298501715824123,0.04009254953308232,0.040593357988643636,0.0015581421838887618,True
pose002,002,5-frame-balanced residual profile for pose 002,27,10.186185837526153,16.009644602249608,13.09791521988788,5,1.0,300,13.118039057996873,0.04783212828084489,0.04797299428895207,0.00056940027044099,True
pose002,002,5-frame-balanced residual profile for pose 002,28,16.009644602249608,21.833103366973063,18.921373984611336,5,1.0,300,18.93929549916461,0.044703618974474765,0.045080321047925614,0.0015300640552198164,True
pose002,002,5-frame-balanced residual profile for pose 002,29,21.833103366973063,27.656562131696518,24.74483274933479,5,1.0,290,24.665486798141973,0.05308860439913504,0.05374947953953714,0.0017488639299677693,True
pose002,002,5-frame-balanced residual profile for pose 002,30,27.656562131696518,33.480020896419944,30.56829151405823,5,1.0,300,30.58745107650813,0.016969786720050582,0.017538912652737867,0.002104159874420886,True
pose002,002,5-frame-balanced residual profile for pose 002,31,33.480020896419944,39.3034796611434,36.39175027878167,5,1.0,300,36.416251943927996,-0.013219022914125172,-0.012532995437465153,0.0012146734463082327,True
pose002,002,5-frame-balanced residual profile for pose 002,32,39.3034796611434,45.126938425866854,42.215209043505126,5,1.0,300,42.24259172414185,-0.0257660336306048,-0.02480399236516955,0.001507561111792499,True
pose002,002,5-frame-balanced residual profile for pose 002,33,45.126938425866854,50.95039719059028,48.03866780822857,5,1.0,300,48.0783152113151,-0.05214470341416501,-0.05226465719456161,0.0008175365829938152,True
pose002,002,5-frame-balanced residual profile for pose 002,34,50.95039719059028,56.773855955313735,53.86212657295201,5,1.0,295,53.862304545567255,-0.06690871556646662,-0.0673707127288142,0.0008870306493145188,True
pose002,002,5-frame-balanced residual profile for pose 002,35,56.773855955313735,62.59731472003719,59.68558533767546,5,1.0,300,59.647936586040124,-0.10009166962351172,-0.10082723059639746,0.001285242985127581,True
pose002,002,5-frame-balanced residual profile for pose 002,36,62.59731472003719,68.42077348476064,65.50904410239892,5,1.0,300,65.48827624938706,-0.11360912198912956,-0.11358970349064533,0.0011171738198329968,True
pose002,002,5-frame-balanced residual profile for pose 002,37,68.42077348476064,74.24423224948407,71.33250286712236,5,1.0,300,71.3222534359176,-0.11037845223775473,-0.10992499235755647,0.0008711972104109455,True
pose002,002,5-frame-balanced residual profile for pose 002,38,74.24423224948407,80.06769101420753,77.1559616318458,5,1.0,300,77.16458449708749,-0.08581799393515406,-0.08588134835596523,0.00021914790736048787,True
pose002,002,5-frame-balanced residual profile for pose 002,39,80.06769101420753,85.89114977893098,82.97942039656925,5,1.0,300,82.99753890082772,-0.05478746892433848,-0.054328853746929195,0.0009181154752661527,True
pose002,002,5-frame-balanced residual profile for pose 002,40,85.89114977893098,91.7146085436544,88.8028791612927,5,1.0,300,88.84137486063295,-0.02570563087723109,-0.02459808734201896,0.001726700694883264,True
pose002,002,5-frame-balanced residual profile for pose 002,41,91.7146085436544,97.53806730837786,94.62633792601613,5,1.0,295,94.63413414340206,-0.024214345462854316,-0.02352469290461104,0.0013386256802331892,True
pose002,002,5-frame-balanced residual profile for pose 002,42,97.53806730837786,103.36152607310132,100.44979669073959,5,1.0,300,100.42953719030416,0.014382234597002408,0.01484808678817584,0.0017835897038210127,True
pose002,002,5-frame-balanced residual profile for pose 002,43,103.36152607310132,109.18498483782477,106.27325545546304,5,1.0,300,106.27301676239297,0.038402946498930335,0.03857043292262019,0.0006489124153457162,True
pose002,002,5-frame-balanced residual profile for pose 002,44,109.18498483782477,115.00844360254823,112.0967142201865,5,1.0,290,112.22458144941606,0.027214863084967962,0.02740595117557798,0.0013750293622339278,True
pose002,002,5-frame-balanced residual profile for pose 002,45,115.00844360254823,120.83190236727168,117.92017298490995,5,1.0,295,117.9366135956479,0.036351464920049474,0.03647177661037937,0.001130180123309345,True
pose002,002,5-frame-balanced residual profile for pose 002,46,120.83190236727168,126.65536113199508,123.74363174963338,5,1.0,300,123.74169848596202,0.011936878821711147,0.012051009211529837,0.000684605755035189,True
pose002,002,5-frame-balanced residual profile for pose 002,47,126.65536113199508,132.47881989671853,129.5670905143568,5,1.0,295,129.5530845153146,0.010721965117898918,0.010844067813699482,0.0008138365468382232,True
pose002,002,5-frame-balanced residual profile for pose 002,48,132.47881989671853,138.302278661442,135.39054927908026,5,1.0,305,135.3275258345198,0.42167530278779813,0.42231348407321634,0.001153162136395689,True
pose002,002,5-frame-balanced residual profile for pose 002,49,138.302278661442,144.12573742616544,141.21400804380372,5,1.0,300,141.23254152671348,0.5167535016544456,0.5164728188348794,0.0014878037508856779,True
pose003,003,5-frame-balanced residual profile for pose 003,0,-147.0472008100069,-141.22374204528344,-144.13547142764517,5,1.0,300,-144.15512986670697,0.016702288578881043,0.016810040920146763,0.0005484587444061059,True
pose003,003,5-frame-balanced residual profile for pose 003,1,-141.22374204528344,-135.40028328056002,-138.31201266292175,5,1.0,300,-138.3406236436161,-0.010080408160167073,-0.009695787192543506,0.0017506690483490824,True
pose003,003,5-frame-balanced residual profile for pose 003,2,-135.40028328056002,-129.57682451583656,-132.4885538981983,5,1.0,300,-132.52310820052554,-0.009700378015024462,-0.009420471309931719,0.000569006697928814,True
pose003,003,5-frame-balanced residual profile for pose 003,3,-129.57682451583656,-123.75336575111311,-126.66509513347484,5,1.0,300,-126.70000394872902,-0.010608943188396003,-0.01058446434401579,0.0009193788439264984,True
pose003,003,5-frame-balanced residual profile for pose 003,4,-123.75336575111311,-117.92990698638967,-120.84163636875138,5,1.0,285,-121.02765196710178,-0.01811389950031458,-0.017613123837531136,0.00139970885333716,True
pose003,003,5-frame-balanced residual profile for pose 003,5,-117.92990698638967,-112.10644822166623,-115.01817760402795,5,1.0,300,-115.06084965484638,-0.005835072008305723,-0.006001403805421246,0.0010151513637208943,True
pose003,003,5-frame-balanced residual profile for pose 003,6,-112.10644822166623,-106.28298945694277,-109.1947188393045,5,1.0,300,-109.23807054586787,0.005092661442742323,0.005503737549649071,0.001230370961542333,True
pose003,003,5-frame-balanced residual profile for pose 003,7,-106.28298945694277,-100.45953069221932,-103.37126007458104,5,1.0,305,-103.36784182154948,0.016110363089698834,0.015954241935041302,0.0006588143088228707,True
pose003,003,5-frame-balanced residual profile for pose 003,8,-100.45953069221932,-94.63607192749588,-97.54780130985759,5,1.0,300,-97.49405704245477,0.02334848059028083,0.023805940609239226,0.0011688410223439508,True
pose003,003,5-frame-balanced residual profile for pose 003,9,-94.63607192749588,-88.81261316277244,-91.72434254513416,5,1.0,290,-91.56682662936389,0.025985983451172145,0.02579242641662445,0.0007965990859847022,True
pose003,003,5-frame-balanced residual profile for pose 003,10,-88.81261316277244,-82.98915439804898,-85.90088378041071,5,1.0,300,-85.86408991776887,0.0032274757414578665,0.0033036631590135507,0.0004341566628173085,True
pose003,003,5-frame-balanced residual profile for pose 003,11,-82.98915439804898,-77.16569563332554,-80.07742501568725,5,1.0,300,-80.0484958210516,-0.0035102765463971577,-0.00390238447406302,0.0006550787553166671,True
pose003,003,5-frame-balanced residual profile for pose 003,12,-77.16569563332554,-71.34223686860209,-74.25396625096381,5,1.0,300,-74.23111873772436,-0.0029793815645663786,-0.0027939720089858178,0.000873841226905947,True
pose003,003,5-frame-balanced residual profile for pose 003,13,-71.34223686860209,-65.51877810387865,-68.43050748624037,5,1.0,300,-68.41531190844702,-0.018308781781152583,-0.01825356474263045,0.00042245472700727464,True
pose003,003,5-frame-balanced residual profile for pose 003,14,-65.51877810387865,-59.69531933915519,-62.60704872151692,5,1.0,290,-62.50415530704872,-0.0035442579709821496,-0.0035438982393284496,0.0009656919148853739,True
pose003,003,5-frame-balanced residual profile for pose 003,15,-59.69531933915519,-53.87186057443175,-56.78358995679347,5,1.0,300,-56.778853906761086,-0.003557571483488882,-0.003945488473152507,0.0009250675689824099,True
pose003,003,5-frame-balanced residual profile for pose 003,16,-53.87186057443175,-48.04840180970831,-50.96013119207003,5,1.0,300,-50.96489714829879,0.011147484980496312,0.010989235720739336,0.0007370836731125243,True
pose003,003,5-frame-balanced residual profile for pose 003,17,-48.04840180970831,-42.224943044984855,-45.13667242734658,5,1.0,300,-45.15040806970833,-0.012654163506002434,-0.012727210041414076,0.000346143982801537,True
pose003,003,5-frame-balanced residual profile for pose 003,18,-42.224943044984855,-36.401484280261414,-39.313213662623134,5,1.0,300,-39.3348543884688,0.012332098028763738,0.012190875978272259,0.00043921505421273886,True
pose003,003,5-frame-balanced residual profile for pose 003,19,-36.401484280261414,-30.57802551553796,-33.48975489789969,5,1.0,281,-33.335168581941666,0.004031868348964714,0.004328763700344237,0.0006138693098695067,True
pose003,003,5-frame-balanced residual profile for pose 003,20,-30.57802551553796,-24.75456675081452,-27.66629613317624,5,1.0,300,-27.70452578023095,-0.012445518123048716,-0.01227755092352828,0.0010456866183196278,True
pose003,003,5-frame-balanced residual profile for pose 003,21,-24.75456675081452,-18.931107986091064,-21.84283736845279,5,1.0,305,-21.840294687709296,-0.05420368152121864,-0.05384628029215967,0.0014703166407391644,True
pose003,003,5-frame-balanced residual profile for pose 003,22,-18.931107986091064,-13.107649221367609,-16.019378603729336,5,1.0,300,-15.975161984959277,-0.04098012613113981,-0.04090652071353606,0.00030917361096808454,True
pose003,003,5-frame-balanced residual profile for pose 003,23,-13.107649221367609,-7.284190456644183,-10.195919839005896,5,1.0,300,-10.157823021888886,-0.02096077238483291,-0.021178689681576695,0.001058325911889854,True
pose003,003,5-frame-balanced residual profile for pose 003,24,-7.284190456644183,-1.4607316919207278,-4.372461074282455,5,1.0,275,-4.0983666930333555,0.03201675699579514,0.031645062094276574,0.0014415918965743236,True
pose003,003,5-frame-balanced residual profile for pose 003,25,-1.4607316919207278,4.362727072802727,1.4509976904409996,5,1.0,300,1.477432133682171,0.04086272195741684,0.04080849154125811,0.0007328408854613289,True
pose003,003,5-frame-balanced residual profile for pose 003,26,4.362727072802727,10.186185837526153,7.27445645516444,5,1.0,300,7.296277405275347,0.023260655299808954,0.023150378637875432,0.0008807484841724961,True
pose003,003,5-frame-balanced residual profile for pose 003,27,10.186185837526153,16.009644602249608,13.09791521988788,5,1.0,300,13.115830610518529,0.04768535283445781,0.04751810224368887,0.0013508980115706866,True
pose003,003,5-frame-balanced residual profile for pose 003,28,16.009644602249608,21.833103366973063,18.921373984611336,5,1.0,264,18.588244396700425,0.034240696495020664,0.03404457007582964,0.0011667110880550697,True
pose003,003,5-frame-balanced residual profile for pose 003,29,21.833103366973063,27.656562131696518,24.74483274933479,5,1.0,300,24.76140394408922,0.027099880002553374,0.02711327863942755,0.00151242250140473,True
pose003,003,5-frame-balanced residual profile for pose 003,30,27.656562131696518,33.480020896419944,30.56829151405823,5,1.0,300,30.583195474215007,0.025759855139967563,0.02595681435499797,0.0014600185294374405,True
pose003,003,5-frame-balanced residual profile for pose 003,31,33.480020896419944,39.3034796611434,36.39175027878167,5,1.0,300,36.41111342583497,-0.028491085772776266,-0.028628076020186275,0.0009764580696138679,True
pose003,003,5-frame-balanced residual profile for pose 003,32,39.3034796611434,45.126938425866854,42.215209043505126,5,1.0,300,42.23869641557234,-0.03449372078234107,-0.03441214508341726,0.0008609356920515037,True
pose003,003,5-frame-balanced residual profile for pose 003,33,45.126938425866854,50.95039719059028,48.03866780822857,5,1.0,235,47.44170368491221,-0.08561687498153732,-0.08629874059727355,0.0014179100527248086,True
pose003,003,5-frame-balanced residual profile for pose 003,34,50.95039719059028,56.773855955313735,53.86212657295201,5,1.0,300,53.906340936439236,-0.08555585667122985,-0.08540449092402988,0.0004444104563061438,True
pose003,003,5-frame-balanced residual profile for pose 003,35,56.773855955313735,62.59731472003719,59.68558533767546,5,1.0,295,59.69526100484095,-0.1255218830024157,-0.12552592982035005,0.0012148236557318636,True
pose003,003,5-frame-balanced residual profile for pose 003,36,62.59731472003719,68.42077348476064,65.50904410239892,5,1.0,300,65.47777403274029,-0.11473446384872539,-0.11411275904876701,0.0016565779502567613,True
pose003,003,5-frame-balanced residual profile for pose 003,37,68.42077348476064,74.24423224948407,71.33250286712236,5,1.0,300,71.31626704782485,-0.12347079280384157,-0.12326025944173064,0.0008916411618532889,True
pose003,003,5-frame-balanced residual profile for pose 003,38,74.24423224948407,80.06769101420753,77.1559616318458,5,1.0,220,76.37282886019612,-0.10110346736581413,-0.10102401846892858,0.00113024673662682,True
pose003,003,5-frame-balanced residual profile for pose 003,39,80.06769101420753,85.89114977893098,82.97942039656925,5,1.0,300,82.98569109052123,-0.07076859796867088,-0.07139424725848034,0.0017015214168550744,True
pose003,003,5-frame-balanced residual profile for pose 003,40,85.89114977893098,91.7146085436544,88.8028791612927,5,1.0,300,88.82518619611321,-0.04862832894375442,-0.04845298875853065,0.0009290678168683557,True
pose003,003,5-frame-balanced residual profile for pose 003,41,91.7146085436544,97.53806730837786,94.62633792601613,5,1.0,295,94.62237741287345,-0.046287112171821444,-0.046968850485772484,0.0017367699912877602,True
pose003,003,5-frame-balanced residual profile for pose 003,42,97.53806730837786,103.36152607310132,100.44979669073959,5,1.0,300,100.41506004953663,-0.018350870151014793,-0.018191139097046866,0.0006013196353175204,True
pose003,003,5-frame-balanced residual profile for pose 003,43,103.36152607310132,109.18498483782477,106.27325545546304,5,1.0,204,105.52129425416926,0.02503315236344734,0.02543493877151487,0.0009488962711492248,True
pose003,003,5-frame-balanced residual profile for pose 003,44,109.18498483782477,115.00844360254823,112.0967142201865,5,1.0,300,112.10503354344021,0.03452949129981459,0.034813543230235534,0.0008958495329059974,True
pose003,003,5-frame-balanced residual profile for pose 003,45,115.00844360254823,120.83190236727168,117.92017298490995,5,1.0,295,117.90984496781103,0.02978957250863092,0.03037041299878404,0.0014846834543087105,True
pose003,003,5-frame-balanced residual profile for pose 003,46,120.83190236727168,126.65536113199508,123.74363174963338,5,1.0,300,123.70900646198777,0.02656303242189286,0.02691489533109638,0.0007865162318602876,True
pose003,003,5-frame-balanced residual profile for pose 003,47,126.65536113199508,132.47881989671853,129.5670905143568,5,1.0,305,129.633988278927,0.037259707955177176,0.0367565129476423,0.0010037170614107353,True
pose003,003,5-frame-balanced residual profile for pose 003,48,132.47881989671853,138.302278661442,135.39054927908026,5,1.0,295,135.39554101714836,0.44250951491302415,0.4427436624837698,0.0007917107054056161,True
pose003,003,5-frame-balanced residual profile for pose 003,49,138.302278661442,144.12573742616544,141.21400804380372,5,1.0,290,141.09752239604572,0.36294870602960827,0.36294059070920953,0.000419634284549252,True
pose004,004,5-frame-balanced residual profile for pose 004,0,-147.0472008100069,-141.22374204528344,-144.13547142764517,5,1.0,300,-144.16042640787325,0.02204761584669302,0.021232717661119963,0.0014878179903408321,True
pose004,004,5-frame-balanced residual profile for pose 004,1,-141.22374204528344,-135.40028328056002,-138.31201266292175,5,1.0,115,-140.1443677059121,-0.012995498873056899,-0.01261668182148283,0.002259945147527256,True
pose004,004,5-frame-balanced residual profile for pose 004,2,-135.40028328056002,-129.57682451583656,-132.4885538981983,5,1.0,300,-132.52016360485544,-0.01941455482701157,-0.019454473647880388,0.0007435034930494865,True
pose004,004,5-frame-balanced residual profile for pose 004,3,-129.57682451583656,-123.75336575111311,-126.66509513347484,5,1.0,300,-126.70155054092962,-0.009006388417690943,-0.008830161439172236,0.0009754871341226681,True
pose004,004,5-frame-balanced residual profile for pose 004,4,-123.75336575111311,-117.92990698638967,-120.84163636875138,5,1.0,300,-120.8748148145003,0.009257286904682652,0.009246159519488616,0.0004999787298964688,True
pose004,004,5-frame-balanced residual profile for pose 004,5,-117.92990698638967,-112.10644822166623,-115.01817760402795,5,1.0,300,-115.05421637869668,0.02194022050731919,0.02164557931226476,0.0010830232743838709,True
pose004,004,5-frame-balanced residual profile for pose 004,6,-112.10644822166623,-106.28298945694277,-109.1947188393045,5,1.0,120,-107.48652102930858,0.040346266296820296,0.04096018714400081,0.0017282191965354232,True
pose004,004,5-frame-balanced residual profile for pose 004,7,-106.28298945694277,-100.45953069221932,-103.37126007458104,5,1.0,300,-103.41683518664425,0.04679297497764633,0.04670002941045374,0.0006027907321921962,True
pose004,004,5-frame-balanced residual profile for pose 004,8,-100.45953069221932,-94.63607192749588,-97.54780130985759,5,1.0,305,-97.54835521477106,0.0374376261151725,0.036607182518167136,0.0016120997310863675,True
pose004,004,5-frame-balanced residual profile for pose 004,9,-94.63607192749588,-88.81261316277244,-91.72434254513416,5,1.0,300,-91.67589360383005,0.0472329693425317,0.047102862980658765,0.0011008542769037014,True
pose004,004,5-frame-balanced residual profile for pose 004,10,-88.81261316277244,-82.98915439804898,-85.90088378041071,5,1.0,300,-85.86397546183454,0.015981360897658923,0.015706858015423555,0.001209652280631764,True
pose004,004,5-frame-balanced residual profile for pose 004,11,-82.98915439804898,-77.16569563332554,-80.07742501568725,5,1.0,140,-78.49681656866439,-0.01623346804388338,-0.01612105184203018,0.0004397420411426006,True
pose004,004,5-frame-balanced residual profile for pose 004,12,-77.16569563332554,-71.34223686860209,-74.25396625096381,5,1.0,300,-74.23236584452266,-0.00483343505988339,-0.005042336756975605,0.0009854262995862256,True
pose004,004,5-frame-balanced residual profile for pose 004,13,-71.34223686860209,-65.51877810387865,-68.43050748624037,5,1.0,300,-68.4168914055944,-0.02657910973046803,-0.026339566303694925,0.0005265827775473965,True
pose004,004,5-frame-balanced residual profile for pose 004,14,-65.51877810387865,-59.69531933915519,-62.60704872151692,5,1.0,300,-62.59742562715678,-0.028200846394360074,-0.02868466490920562,0.0009137077168991153,True
pose004,004,5-frame-balanced residual profile for pose 004,15,-59.69531933915519,-53.87186057443175,-56.78358995679347,5,1.0,269,-57.086357401164136,-0.02651540343608628,-0.026343701564528626,0.0011857978316136347,True
pose004,004,5-frame-balanced residual profile for pose 004,16,-53.87186057443175,-48.04840180970831,-50.96013119207003,5,1.0,188,-49.88141737315726,-0.02950947696097946,-0.02969627624684257,0.0002993969305097058,True
pose004,004,5-frame-balanced residual profile for pose 004,17,-48.04840180970831,-42.224943044984855,-45.13667242734658,5,1.0,300,-45.15246617584187,-0.01817643791191899,-0.018280693870622654,0.0008983738786343017,True
pose004,004,5-frame-balanced residual profile for pose 004,18,-42.224943044984855,-36.401484280261414,-39.313213662623134,5,1.0,300,-39.33679700782605,-0.011975797012293671,-0.012008974145154713,0.0013772890857645036,True
pose004,004,5-frame-balanced residual profile for pose 004,19,-36.401484280261414,-30.57802551553796,-33.48975489789969,5,1.0,300,-33.52091587335467,-0.02200489545764945,-0.021882382887187454,0.0011693314536322696,True
pose004,004,5-frame-balanced residual profile for pose 004,20,-30.57802551553796,-24.75456675081452,-27.66629613317624,5,1.0,235,-28.335553012388353,-0.03785409313429161,-0.03784628135018622,0.0011410795612916663,True
pose004,004,5-frame-balanced residual profile for pose 004,21,-24.75456675081452,-18.931107986091064,-21.84283736845279,5,1.0,247,-21.278904734086964,-0.06958697185881164,-0.06910873335253287,0.001397833862845115,True
pose004,004,5-frame-balanced residual profile for pose 004,22,-18.931107986091064,-13.107649221367609,-16.019378603729336,5,1.0,300,-15.975231292579277,-0.05338915576430755,-0.052986350284703464,0.002040882287095854,True
pose004,004,5-frame-balanced residual profile for pose 004,23,-13.107649221367609,-7.284190456644183,-10.195919839005896,5,1.0,300,-10.157745907438658,-0.030562466252507036,-0.030775566442822543,0.000596548536647826,True
pose004,004,5-frame-balanced residual profile for pose 004,24,-7.284190456644183,-1.4607316919207278,-4.372461074282455,5,1.0,300,-4.340295787527607,0.0044957505488063005,0.0043304252471610205,0.0012607659820750325,True
pose004,004,5-frame-balanced residual profile for pose 004,25,-1.4607316919207278,4.362727072802727,1.4509976904409996,5,1.0,210,0.6048058729768641,0.024840562873861414,0.024866729216779876,0.0014174459276977205,True
pose004,004,5-frame-balanced residual profile for pose 004,26,4.362727072802727,10.186185837526153,7.27445645516444,5,1.0,300,7.297319873750274,0.026264499090586386,0.025993320737481493,0.0014935362639203799,True
pose004,004,5-frame-balanced residual profile for pose 004,27,10.186185837526153,16.009644602249608,13.09791521988788,5,1.0,300,13.115514860356047,0.050121324368208355,0.049559294530881606,0.0015197918227062648,True
pose004,004,5-frame-balanced residual profile for pose 004,28,16.009644602249608,21.833103366973063,18.921373984611336,5,1.0,300,18.937854638223758,0.06022588994686395,0.061453038126618606,0.0018884720168120645,True
pose004,004,5-frame-balanced residual profile for pose 004,29,21.833103366973063,27.656562131696518,24.74483274933479,5,1.0,300,24.759528563461195,0.06239522219028003,0.06291896015155508,0.0015305452043092942,True
pose004,004,5-frame-balanced residual profile for pose 004,30,27.656562131696518,33.480020896419944,30.56829151405823,5,1.0,230,29.905747303208074,0.02913164481992856,0.02967073640605397,0.0007240744905600458,True
pose004,004,5-frame-balanced residual profile for pose 004,31,33.480020896419944,39.3034796611434,36.39175027878167,5,1.0,300,36.41157765530227,-0.010295103068831852,-0.01011059749720757,0.0009564362386945252,True
pose004,004,5-frame-balanced residual profile for pose 004,32,39.3034796611434,45.126938425866854,42.215209043505126,5,1.0,300,42.239200714761374,-0.015895310565646904,-0.016073902903139155,0.0006337556454872636,True
pose004,004,5-frame-balanced residual profile for pose 004,33,45.126938425866854,50.95039719059028,48.03866780822857,5,1.0,300,48.069908255272814,-0.043985643841104115,-0.04409929641685741,0.0006671256219622188,True
pose004,004,5-frame-balanced residual profile for pose 004,34,50.95039719059028,56.773855955313735,53.86212657295201,5,1.0,295,53.85486288754775,-0.06770780327297228,-0.06809514534541573,0.0012011532755039883,True
pose004,004,5-frame-balanced residual profile for pose 004,35,56.773855955313735,62.59731472003719,59.68558533767546,5,1.0,267,59.321226110328155,-0.10242433899434929,-0.10244142926248528,0.0009760623836237919,True
pose004,004,5-frame-balanced residual profile for pose 004,36,62.59731472003719,68.42077348476064,65.50904410239892,5,1.0,300,65.47871017974337,-0.10628916857148396,-0.10644168393557618,0.0006075327653517983,True
pose004,004,5-frame-balanced residual profile for pose 004,37,68.42077348476064,74.24423224948407,71.33250286712236,5,1.0,300,71.31435375144977,-0.1138695177317252,-0.11374908046617108,0.000618305549769547,True
pose004,004,5-frame-balanced residual profile for pose 004,38,74.24423224948407,80.06769101420753,77.1559616318458,5,1.0,300,77.15435757392099,-0.07899285993965732,-0.07932520460393253,0.0012567911697929617,True
pose004,004,5-frame-balanced residual profile for pose 004,39,80.06769101420753,85.89114977893098,82.97942039656925,5,1.0,300,82.98356184505829,-0.04261931976283453,-0.0429304730484501,0.0008626582524120684,True
pose004,004,5-frame-balanced residual profile for pose 004,40,85.89114977893098,91.7146085436544,88.8028791612927,5,1.0,300,88.82119452467093,-0.029995932082537934,-0.030012722084185123,0.0011459400047906206,True
pose004,004,5-frame-balanced residual profile for pose 004,41,91.7146085436544,97.53806730837786,94.62633792601613,5,1.0,295,94.62222389164893,-0.017412468519052142,-0.01829873908243325,0.0013587382026000116,True
pose004,004,5-frame-balanced residual profile for pose 004,42,97.53806730837786,103.36152607310132,100.44979669073959,5,1.0,300,100.41556578059995,0.005779822193473208,0.005639411736034328,0.0010531018227880383,True
pose004,004,5-frame-balanced residual profile for pose 004,43,103.36152607310132,109.18498483782477,106.27325545546304,5,1.0,300,106.26262368321154,0.042903628152909115,0.04292094053999672,0.000681405981387134,True
pose004,004,5-frame-balanced residual profile for pose 004,44,109.18498483782477,115.00844360254823,112.0967142201865,5,1.0,300,112.10368206648862,0.052204984981072844,0.05180503412320613,0.001121939053431859,True
pose004,004,5-frame-balanced residual profile for pose 004,45,115.00844360254823,120.83190236727168,117.92017298490995,5,1.0,275,118.11305190022203,0.041202915012112554,0.04125990184585267,0.0008041109605809383,True
pose004,004,5-frame-balanced residual profile for pose 004,46,120.83190236727168,126.65536113199508,123.74363174963338,5,1.0,300,123.71854483624153,0.05211775244195076,0.0521435229154972,0.0008281722981601077,True
pose004,004,5-frame-balanced residual profile for pose 004,47,126.65536113199508,132.47881989671853,129.5670905143568,5,1.0,300,129.5776733664024,0.031422501655741765,0.031451767209050206,0.0012159707346086413,True
pose004,004,5-frame-balanced residual profile for pose 004,48,132.47881989671853,138.302278661442,135.39054927908026,5,1.0,290,135.4406596765833,0.01119095460398038,0.010948092205452696,0.0015649448639253386,True
pose004,004,5-frame-balanced residual profile for pose 004,49,138.302278661442,144.12573742616544,141.21400804380372,5,1.0,305,141.14636348943952,0.4835384062036884,0.4833242749564527,0.0007075257348648445,True
pose_consensus,002|003|004,median across pose residual profiles,0,-147.0472008100069,-141.22374204528344,-144.13547142764517,3,1.0,720,-144.74199514750694,0.015662486218773444,0.016810040920146763,0.0050817651390930455,True
pose_consensus,002|003|004,median across pose residual profiles,1,-141.22374204528344,-135.40028328056002,-138.31201266292175,3,1.0,705,-138.9083814571902,-0.01336359071938222,-0.01261668182148283,0.0033416733037201964,True
pose_consensus,002|003|004,median across pose residual profiles,2,-135.40028328056002,-129.57682451583656,-132.4885538981983,3,1.0,900,-132.52063253337613,-0.022646249254504355,-0.019454473647880388,0.012310492792310578,True
pose_consensus,002|003|004,median across pose residual profiles,3,-129.57682451583656,-123.75336575111311,-126.66509513347484,3,1.0,900,-126.70153262729836,-0.019946153962620124,-0.01058446434401579,0.014497608862698219,True
pose_consensus,002|003|004,median across pose residual profiles,4,-123.75336575111311,-117.92990698638967,-120.84163636875138,3,1.0,885,-120.92618018306833,-0.00765174386692332,-0.01458826728272744,0.012012265771193173,True
pose_consensus,002|003|004,median across pose residual profiles,5,-117.92990698638967,-112.10644822166623,-115.01817760402795,3,1.0,755,-115.52347126540106,0.012411939901329076,0.02159164419714371,0.013020218817832314,True
pose_consensus,002|003|004,median across pose residual profiles,6,-112.10644822166623,-106.28298945694277,-109.1947188393045,3,1.0,720,-108.65241396959333,0.0247351193326891,0.027741433304417418,0.014630297268150048,True
pose_consensus,002|003|004,median across pose residual profiles,7,-106.28298945694277,-100.45953069221932,-103.37126007458104,3,1.0,905,-103.39862404045498,0.0367477725246906,0.04670002941045374,0.014707725260618133,True
pose_consensus,002|003|004,median across pose residual profiles,8,-100.45953069221932,-94.63607192749588,-97.54780130985759,3,1.0,905,-97.54617361131137,0.03375561920071717,0.036607182518167136,0.007245935823400822,True
pose_consensus,002|003|004,median across pose residual profiles,9,-94.63607192749588,-88.81261316277244,-91.72434254513416,3,1.0,895,-91.65673480958587,0.035907185943896226,0.03482626843440548,0.008733459170881277,True
pose_consensus,002|003|004,median across pose residual profiles,10,-88.81261316277244,-82.98915439804898,-85.90088378041071,3,1.0,795,-85.5245365708547,0.014308515243541745,0.015706858015423555,0.008472448545805799,True
pose_consensus,002|003|004,median across pose residual profiles,11,-82.98915439804898,-77.16569563332554,-80.07742501568725,3,1.0,740,-79.52967582450295,-0.0013082022820338813,-0.00390238447406302,0.01328100206747148,True
pose_consensus,002|003|004,median across pose residual profiles,12,-77.16569563332554,-71.34223686860209,-74.25396625096381,3,1.0,900,-74.231983852541,-0.0014684286438550569,-0.0027939720089858178,0.0035839693637832156,True
pose_consensus,002|003|004,median across pose residual profiles,13,-71.34223686860209,-65.51877810387865,-68.43050748624037,3,1.0,900,-68.41444413760297,-0.014946218678745413,-0.01825356474263045,0.010906531728314283,True
pose_consensus,002|003|004,median across pose residual profiles,14,-65.51877810387865,-59.69531933915519,-62.60704872151692,3,1.0,890,-62.56652881041473,-0.01372794113846055,-0.008955260266847585,0.010804270736272052,True
pose_consensus,002|003|004,median across pose residual profiles,15,-59.69531933915519,-53.87186057443175,-56.78358995679347,3,1.0,794,-56.640236756049795,-0.006386719186042716,-0.003945488473152507,0.015395262360648206,True
pose_consensus,002|003|004,median across pose residual profiles,16,-53.87186057443175,-48.04840180970831,-50.96013119207003,3,1.0,788,-50.60498378053768,-0.010349483138315256,-0.012341408888842532,0.01666940405179047,True
pose_consensus,002|003|004,median across pose residual profiles,17,-48.04840180970831,-42.224943044984855,-45.13667242734658,3,1.0,900,-45.15267443628767,-0.013271465482681497,-0.012727210041414076,0.003886925367709596,True
pose_consensus,002|003|004,median across pose residual profiles,18,-42.224943044984855,-36.401484280261414,-39.313213662623134,3,1.0,900,-39.33602353007921,0.0011187182987922029,0.003174253063259063,0.00998589351285205,True
pose_consensus,002|003|004,median across pose residual profiles,19,-36.401484280261414,-30.57802551553796,-33.48975489789969,3,1.0,881,-33.45920224647546,-0.010095132381906137,-0.01273177795887519,0.010861859149709177,True
pose_consensus,002|003|004,median across pose residual profiles,20,-30.57802551553796,-24.75456675081452,-27.66629613317624,3,1.0,785,-27.753810508283777,-0.023724270489175997,-0.02104897919381348,0.010608420603277309,True
pose_consensus,002|003|004,median across pose residual profiles,21,-24.75456675081452,-18.931107986091064,-21.84283736845279,3,1.0,857,-21.65324098613206,-0.05886581780830352,-0.05384628029215967,0.007243313094306987,True
pose_consensus,002|003|004,median across pose residual profiles,22,-18.931107986091064,-13.107649221367609,-16.019378603729336,3,1.0,900,-15.97532268076103,-0.04619563653273393,-0.04469403859996229,0.005044579128853116,True
pose_consensus,002|003|004,median across pose residual profiles,23,-13.107649221367609,-7.284190456644183,-10.195919839005896,3,1.0,900,-10.157795450997538,-0.02254654335975452,-0.021178689681576695,0.006236010749113366,True
pose_consensus,002|003|004,median across pose residual profiles,24,-7.284190456644183,-1.4607316919207278,-4.372461074282455,3,1.0,865,-4.291808422825912,0.011257286266375352,0.0043304252471610205,0.014661048555895659,True
pose_consensus,002|003|004,median across pose residual profiles,25,-1.4607316919207278,4.362727072802727,1.4509976904409996,3,1.0,795,1.23526847536054,0.0341937762552561,0.036906108007730316,0.006784909930826806,True
pose_consensus,002|003|004,median across pose residual profiles,26,4.362727072802727,10.186185837526153,7.27445645516444,3,1.0,900,7.297366331616582,0.029912352454666852,0.025993320737481493,0.007641269063799115,True
pose_consensus,002|003|004,median across pose residual profiles,27,10.186185837526153,16.009644602249608,13.09791521988788,3,1.0,900,13.116461509623818,0.048350130354507505,0.04797299428895207,0.0008749438828788821,True
pose_consensus,002|003|004,median across pose residual profiles,28,16.009644602249608,21.833103366973063,18.921373984611336,3,1.0,864,18.821798178029596,0.046859309750124624,0.045080321047925614,0.011259947626423303,True
pose_consensus,002|003|004,median across pose residual profiles,29,21.833103366973063,27.656562131696518,24.74483274933479,3,1.0,890,24.728806435230798,0.047927239443506596,0.05374947953953714,0.015186300118612328,True
pose_consensus,002|003|004,median across pose residual profiles,30,27.656562131696518,33.480020896419944,30.56829151405823,3,1.0,830,30.358797951310404,0.024388821137929936,0.02595681435499797,0.005075381032786913,True
pose_consensus,002|003|004,median across pose residual profiles,31,33.480020896419944,39.3034796611434,36.39175027878167,3,1.0,900,36.412981008355075,-0.01709055631828633,-0.012532995437465153,0.008217979216289044,True
pose_consensus,002|003|004,median across pose residual profiles,32,39.3034796611434,45.126938425866854,42.215209043505126,3,1.0,900,42.24016295149186,-0.025096680117241987,-0.02480399236516955,0.007489416139049944,True
pose_consensus,002|003|004,median across pose residual profiles,33,45.126938425866854,50.95039719059028,48.03866780822857,3,1.0,835,47.86330905050004,-0.06088756473623086,-0.05226465719456161,0.018275013417927526,True
pose_consensus,002|003|004,median across pose residual profiles,34,50.95039719059028,56.773855955313735,53.86212657295201,3,1.0,890,53.87450278985142,-0.0736234496660866,-0.06809514534541573,0.008335702349733154,True
pose_consensus,002|003|004,median across pose residual profiles,35,56.773855955313735,62.59731472003719,59.68558533767546,3,1.0,862,59.55480790040307,-0.10959819655974427,-0.10244142926248528,0.01128187113467607,True
pose_consensus,002|003|004,median across pose residual profiles,36,62.59731472003719,68.42077348476064,65.50904410239892,3,1.0,900,65.48158682062358,-0.1113813821583295,-0.11358970349064533,0.0034994152538316814,True
pose_consensus,002|003|004,median across pose residual profiles,37,68.42077348476064,74.24423224948407,71.33250286712236,3,1.0,900,71.31762474506408,-0.1156447774218194,-0.11374908046617108,0.005606697617570463,True
pose_consensus,002|003|004,median across pose residual profiles,38,74.24423224948407,80.06769101420753,77.1559616318458,3,1.0,820,76.8972569770682,-0.08874352380960877,-0.08588134835596523,0.009086754720746604,True
pose_consensus,002|003|004,median across pose residual profiles,39,80.06769101420753,85.89114977893098,82.97942039656925,3,1.0,900,82.98893061213575,-0.05621785801795321,-0.054328853746929195,0.011696804789396003,True
pose_consensus,002|003|004,median across pose residual profiles,40,85.89114977893098,91.7146085436544,88.8028791612927,3,1.0,900,88.82925186047237,-0.03435459939491158,-0.030012722084185123,0.010211203139490917,True
pose_consensus,002|003|004,median across pose residual profiles,41,91.7146085436544,97.53806730837786,94.62633792601613,3,1.0,885,94.62624514930815,-0.029597427490938924,-0.02352469290461104,0.012467354731108968,True
pose_consensus,002|003|004,median across pose residual profiles,42,97.53806730837786,103.36152607310132,100.44979669073959,3,1.0,900,100.42005434014692,0.0007654531423877675,0.005639411736034328,0.013921547233290999,True
pose_consensus,002|003|004,median across pose residual profiles,43,103.36152607310132,109.18498483782477,106.27325545546304,3,1.0,804,106.01897823325793,0.035642104078043926,0.03857043292262019,0.007432872788198858,True
pose_consensus,002|003|004,median across pose residual profiles,44,109.18498483782477,115.00844360254823,112.0967142201865,3,1.0,890,112.14443235311496,0.038008176176339885,0.034813543230235534,0.010213816521965437,True
pose_consensus,002|003|004,median across pose residual profiles,45,115.00844360254823,120.83190236727168,117.92017298490995,3,1.0,865,117.98650348789364,0.03603403048500536,0.03647177661037937,0.004456378057744351,True
pose_consensus,002|003|004,median across pose residual profiles,46,120.83190236727168,126.65536113199508,123.74363174963338,3,1.0,900,123.72308326139711,0.030369809152707806,0.02691489533109638,0.01654901277844641,True
pose_consensus,002|003|004,median across pose residual profiles,47,126.65536113199508,132.47881989671853,129.5670905143568,3,1.0,900,129.58824872021466,0.026350782656797328,0.031451767209050206,0.011176723901532777,True
pose_consensus,002|003|004,median across pose residual profiles,48,132.47881989671853,138.302278661442,135.39054927908026,3,1.0,890,135.38790884275048,0.29200174625414627,0.42231348407321634,0.19890988812033086,True
pose_consensus,002|003|004,median across pose residual profiles,49,138.302278661442,144.12573742616544,141.21400804380372,3,1.0,895,141.15880913739957,0.4542458948335139,0.4833242749564527,0.06596564970365902,True
